Customer_ID,Age,Income,Housing_Status,Has_Current_Account,Current_Account_Balance,Has_Savings,Savings_Balance,Has_Mortgage,Has_Personal_Loan,Personal_Loan_Balance,Has_Credit_Card,Credit_Card_Balance
1,39,35810.4043814021,Mortgage,1,805.0724636759041,1,4568.541119778049,0,0,0.0,1,20.5283790780415
2,29,18642.81042539484,Rent,1,608.5811788015765,1,2883.1800275418523,0,0,0.0,0,0.0
3,78,41969.90920190909,Own,1,2114.523294129381,1,4635.254446130195,0,0,0.0,1,20.059529238368743
4,44,15017.66580332772,Rent,1,621.6910680207345,0,0.0,0,0,0.0,0,0.0
5,58,23712.022103563548,Rent,1,1243.7915908229793,1,2044.9286830361482,0,0,0.0,1,26.422143484978033
6,40,41153.20876026963,Mortgage,1,1297.4615102546427,1,3374.496095521472,0,0,0.0,1,11.10910946363279
7,26,525.5206015037594,Rent,1,145.78503498112354,1,1111.2750706075956,0,0,0.0,0,0.0
8,27,19213.69072970936,Rent,1,741.7023054563555,1,731.3939552801191,0,0,0.0,0,0.0
9,55,58542.05847393487,Mortgage,1,1560.7538663502476,1,4251.5013863544755,0,0,0.0,1,3.424638523822279
10,42,16434.6242647311,Rent,1,1718.0568005430664,1,2383.405540275556,0,0,0.0,0,0.0
11,50,38392.34765054533,Mortgage,1,1030.1771989056097,1,3263.446952111505,0,0,0.0,1,15.578635248571745
12,38,15919.100954635604,Rent,1,216.93051183322655,1,1296.159457900143,0,0,0.0,0,0.0
13,43,8391.08720078449,Rent,0,0.0,1,432.061072680267,0,0,0.0,0,0.0
14,74,106098.82571283879,Own,1,4694.36251447785,1,95349.40532167247,1,1,19997.39360455536,1,9.486140523101374
15,61,50724.2957966398,Mortgage,1,1968.7888710896764,1,8691.859885193056,1,0,0.0,1,5.794077197068806
16,50,18097.05884117845,Rent,1,464.30395525994703,0,0.0,0,0,0.0,0,0.0
17,74,59714.1871790055,Own,1,2274.8778403829674,1,40156.29512056879,0,0,0.0,1,4065.0165018272087
18,75,240718.4510563444,Own,1,5682.2686111890525,1,94646.9203953704,1,1,4687.499722635735,1,6215.350205336799
19,61,73438.4416442683,Mortgage,1,883.1068037220143,1,3710.698730286559,1,0,0.0,1,7.339051180939214
20,81,90186.61181334744,Own,1,3556.300071185542,1,38791.65992448773,0,1,8735.225381251304,1,18.154066314496497
21,36,37920.65666482264,Own,1,838.9776233244537,1,2206.0682588804953,1,0,0.0,1,1.0118640138572748
22,55,26210.287124254945,Mortgage,1,1154.995550376375,1,5387.981004582226,0,0,0.0,1,2602.0275824142313
23,76,97030.64625183471,Own,1,8520.287853084445,1,90771.51175693507,1,1,10261.20119752325,1,4098.875543905944
24,35,3348.7722256940506,Rent,0,0.0,0,0.0,0,0,0.0,0,0.0
25,32,525.5206015037594,Rent,0,0.0,0,0.0,0,0,0.0,0,0.0
26,74,118606.72246743893,Own,1,4530.848943284191,1,84360.5492420753,1,1,4050.904200428709,1,12.717219838011895
27,55,68716.53255108319,Mortgage,1,985.6944904108929,1,9073.87021589841,0,0,0.0,1,7.809519042370877
28,26,35285.24694220832,Rent,1,849.3735556126414,0,0.0,0,0,0.0,0,0.0
29,60,31975.187283783747,Mortgage,1,2993.2291656300727,1,2502.856358204041,0,0,0.0,1,2472.212288319388
30,72,16766.040651872205,Own,1,1220.9833984634201,1,2108.048197363375,0,0,0.0,0,0.0
31,61,63577.46859549164,Mortgage,1,1161.1223543275669,1,8866.894894914785,1,0,0.0,1,0.0
32,91,78294.35863133581,Own,1,5929.375330556307,1,96758.46639356414,1,1,26005.169692925992,1,10.323228485574878
33,50,39740.18233270738,Mortgage,1,1559.5247994541426,1,3401.139281657369,0,0,0.0,1,3373.225568497227
34,56,43480.31418659718,Mortgage,1,897.8483689671282,0,0.0,1,0,0.0,1,2.550672230946936
35,44,92043.7654481523,Mortgage,1,746.75535015353,1,1827.127863975626,0,0,0.0,1,14.446928152076516
36,44,46744.05793184506,Rent,1,1794.5071162659683,1,1691.4524798499924,0,0,0.0,0,0.0
37,62,39674.01814894272,Own,1,1461.9614338567876,1,8739.236396415414,1,0,0.0,1,4143.039035527848
38,29,1661.6286497946967,Rent,0,0.0,0,0.0,0,0,0.0,0,0.0
39,61,30863.506114947348,Mortgage,1,1192.7292101914718,1,4380.1644920697845,0,0,0.0,1,2593.203277039754
40,89,132043.36298618396,Own,1,7552.7563408299175,1,80471.34226046351,1,1,8998.844659595221,1,0.26422558645373956
41,65,58809.81047927177,Mortgage,1,2053.2810013692183,1,9247.73721117366,1,0,0.0,1,0.0
42,26,20446.89836077281,Rent,1,141.6024406144105,0,0.0,0,0,0.0,0,0.0
43,43,47513.163661811224,Mortgage,1,1123.6057018357362,1,2129.289005089331,1,0,0.0,1,10.178990256277777
44,66,38865.12864904429,Mortgage,1,4254.154776108492,1,2508.913011493234,1,0,0.0,1,0.0
45,67,82364.39430425168,Mortgage,1,2222.223589518505,1,9717.00934798866,1,0,0.0,1,23.124667205389343
46,48,35548.498173716114,Mortgage,1,1646.1844807390141,1,5204.463825917615,0,0,0.0,1,5.957579497307309
47,36,525.5206015037594,Rent,0,0.0,0,0.0,0,0,0.0,0,0.0
48,31,11255.073591056047,Rent,0,0.0,0,0.0,0,0,0.0,0,0.0
49,46,37649.303087223896,Mortgage,1,804.8841887122181,0,0.0,0,0,0.0,1,0.0
50,52,35032.020950682505,Own,1,1984.073905679032,1,38580.074914169985,0,0,0.0,1,2401.199294954665
51,44,4443.810695830958,Mortgage,1,1466.061577700135,1,3472.1460241709046,0,0,0.0,1,0.0
52,71,36946.57001325624,Own,1,6543.364959642881,1,37719.81247331169,0,1,13.203450030548002,1,2705.3121034041087
53,60,40020.051073784634,Mortgage,1,1543.1596877236811,0,0.0,0,0,0.0,1,15.438598268841696
54,79,232953.94184348072,Own,1,7124.815004406131,1,92958.79575125582,1,1,4435.910853562842,1,2.2544553505008484
55,42,14236.163486620686,Rent,1,977.3306019597462,0,0.0,0,0,0.0,1,14.710581593686355
56,71,41230.16121280806,Own,1,6877.2368980686215,1,4422.626684854395,1,1,0.0,1,7300.830574934704
57,54,37185.81904039318,Mortgage,1,2131.5630031653145,1,4524.5870086319155,0,0,0.0,1,0.0
58,32,11388.85289379158,Rent,1,405.0542290485942,1,1212.9872624815675,0,0,0.0,0,0.0
59,29,525.5206015037594,Rent,0,0.0,0,0.0,0,0,0.0,0,0.0
60,81,121919.78254068829,Own,1,5876.371323668109,1,95061.87845676833,1,1,19338.846098775844,1,0.0
61,54,33803.48079934706,Mortgage,1,1029.531313235178,1,4644.951031058659,1,0,0.0,1,6.036396481111915
62,38,21523.204421223054,Rent,1,1136.5717916555386,0,0.0,0,0,0.0,0,0.0
63,30,5415.649759631035,Rent,0,0.0,0,0.0,0,0,0.0,0,0.0
64,71,113435.24364003362,Own,1,3453.0002981884254,1,82556.13318508214,1,1,7686.939206933923,1,1.576537399962595
65,57,46608.18300633931,Mortgage,1,1344.5064914726634,1,3025.2024335454416,1,0,0.0,1,3853.744142755377
66,57,27363.445288466035,Mortgage,1,2144.017121603997,1,8591.60515908533,1,0,0.0,1,13.440440520453654
67,68,22804.301104415397,Mortgage,1,1379.530958442805,1,1354.035258730482,0,0,0.0,1,0.0
68,35,27483.393641972627,Rent,1,663.2243447434505,1,3287.8797593853105,0,0,0.0,0,0.0
69,71,40726.395682593255,Own,1,1125.4851712150273,1,1803.11661882669,0,0,0.0,1,0.0
70,65,35301.10356626955,Own,1,2021.6564977809007,1,49378.10449289869,0,0,0.0,1,0.0
71,28,525.5206015037594,Rent,0,0.0,0,0.0,0,0,0.0,0,0.0
72,69,30463.31506841478,Own,1,2823.81101503221,1,35746.25219218275,0,0,0.0,1,0.0
73,78,45945.60561335267,Own,1,6655.927475278917,1,48488.85962780884,1,1,7429.932232915144,1,9.297462765495379
74,42,7093.536381837297,Rent,1,0.0,0,0.0,0,0,0.0,0,0.0
75,69,30045.398454566377,Mortgage,1,2597.9325453914857,1,3069.583739907286,0,0,0.0,1,0.0
76,47,13983.763763896583,Mortgage,1,1361.3428419452882,1,4970.96508292123,0,0,0.0,1,7.148556152607718
77,73,26225.58340077465,Mortgage,1,1855.7710711849472,1,4109.463743032928,1,0,0.0,1,17.42119657531553
78,65,36151.21422629656,Mortgage,1,685.9414730156453,1,2765.678672904528,1,0,0.0,1,1.341601842071116
79,75,51854.060142359725,Own,1,1751.801942134215,1,38002.89283272357,0,0,0.0,1,0.0
80,42,25789.197862379722,Rent,1,939.0655034787089,1,2119.241030672647,0,0,0.0,0,0.0
81,62,40678.57581620294,Mortgage,1,2241.8362637551036,1,8594.403446686221,1,0,0.0,1,0.44434676176984733
82,63,30459.231807070828,Mortgage,1,1107.5801660199395,1,9423.350095647653,0,0,0.0,1,5.516455301524275
83,73,120510.06411751486,Own,1,2489.3947818555907,1,76587.81344941215,0,0,0.0,1,0.0
84,77,181747.5524219959,Own,1,7619.253082144974,1,93727.86741280364,1,1,32614.050186591223,1,10490.890864944433
85,56,67913.45203952758,Mortgage,1,1689.1534905370725,1,3220.903642818767,1,0,0.0,1,2.891350416913091
86,86,96057.77165888344,Own,1,35484.87757811913,1,96758.46639356414,1,1,11586.031015500408,1,23.827583517008822
87,70,80937.69729682233,Own,1,2282.2533246432467,1,4198.231568472096,0,0,0.0,1,4593.551344787116
88,59,33168.47014645111,Mortgage,1,1605.7522623642017,1,4167.064251647009,0,0,0.0,1,5969.686009217914
89,35,40635.01816125754,Rent,1,1748.9993775774417,1,1278.597825859115,0,0,0.0,0,0.0
90,67,69176.01246085114,Mortgage,1,1790.2877214420462,1,94695.41935159564,1,0,0.0,1,0.0
91,46,11841.000429370568,Rent,1,816.5478315781244,0,0.0,0,0,0.0,0,0.0
92,69,12029.799328505746,Rent,0,0.0,0,0.0,0,0,0.0,0,0.0
93,41,16931.63090405547,Rent,1,0.0,1,1958.2501932150096,0,0,0.0,0,0.0
94,28,525.5206015037594,Rent,0,0.0,0,0.0,0,0,0.0,0,0.0
95,61,64486.61605427117,Mortgage,1,4344.937387787544,1,9754.0518751038,1,0,0.0,1,2.689853891934693
96,45,22542.619868319467,Rent,1,1233.1905076063513,1,3409.163010268682,0,0,0.0,0,0.0
97,69,23903.13277807075,Rent,1,710.4633783157395,1,2077.0765916457067,0,0,0.0,0,0.0
98,41,33664.41647435287,Mortgage,1,853.4849392076457,1,3225.7426747821437,0,0,0.0,1,7.031024293592319
99,36,21475.0885454569,Rent,1,948.8217947759916,1,2656.7068754439447,0,0,0.0,1,0.0
100,72,93842.13676297352,Own,1,6399.043323820583,1,91343.91956127223,1,1,8993.472867667044,1,10.727139182154222
101,62,29474.383626744457,Mortgage,1,1982.1109958473262,1,9383.698233742281,1,0,0.0,1,0.0
102,48,52409.899494916404,Rent,1,898.5531182685899,1,1864.9663928046934,0,0,0.0,1,16.408831599803584
103,28,17510.24851906956,Rent,1,158.68874080338367,1,1465.3704711864061,0,0,0.0,0,0.0
104,69,74645.28749304629,Own,1,2539.581620735694,1,37254.96203526962,0,0,0.0,1,0.0
105,42,22685.519105403873,Rent,1,233.03273475163894,1,1122.9896003387635,0,0,0.0,0,0.0
106,68,79905.13871138346,Mortgage,1,1449.4211206616699,1,7902.628856868756,1,0,0.0,1,0.0
107,30,5708.044225242747,Rent,1,220.94968435891246,1,543.7071857662693,0,0,0.0,0,0.0
108,62,33840.43133942813,Mortgage,1,2395.4061025922847,1,3064.275391004022,1,0,0.0,1,4180.947653339424
109,55,59934.24432694347,Mortgage,1,2197.578475698747,1,2713.368365826351,1,0,0.0,1,0.0
110,57,15350.68959782962,Mortgage,1,616.098406177601,0,0.0,1,0,0.0,1,0.0
111,28,3015.2636719465336,Rent,0,0.0,0,0.0,0,0,0.0,0,0.0
112,40,24231.424214061895,Rent,1,2054.5174517450223,1,3607.15920972777,0,0,0.0,1,15.353192552249673
113,49,40033.07693058342,Own,1,1860.4341576341947,1,3743.3073826166265,0,0,0.0,1,2.9581971936427394
114,32,19586.398725012503,Rent,1,340.1368678999512,1,74.15756473883744,0,0,0.0,0,0.0
115,58,65953.31971339285,Mortgage,1,1361.7101978274966,1,8966.806834861278,1,0,0.0,1,4.23563763762287
116,38,22295.52396489662,Rent,1,470.01311057456866,0,0.0,0,0,0.0,0,0.0
117,39,67249.76856279952,Mortgage,1,632.5131548970589,1,3560.6509402327147,0,0,0.0,1,0.0
118,91,164110.231057402,Own,1,4845.205692333456,1,93362.92787304435,0,1,4162.997016910213,1,18.955870188613712
119,56,16147.418784617232,Mortgage,1,957.4447940231826,0,0.0,1,0,0.0,1,0.0
120,33,63473.689424723765,Rent,1,2091.8296059513946,1,1834.1843334088026,0,0,0.0,0,0.0
121,34,2835.7386965757178,Rent,1,794.6810657527675,0,0.0,0,0,0.0,0,0.0
122,40,63796.178368594665,Own,1,2319.7848229408905,0,0.0,0,0,0.0,1,5858.732520169064
123,60,64344.38354883082,Rent,1,1400.0361987382066,1,2942.5898684578897,0,0,0.0,1,0.0
124,35,8623.356421118926,Rent,1,265.5990727883225,1,2663.318192747337,0,0,0.0,0,0.0
125,71,178687.402168473,Own,1,11705.550693048477,1,91232.23012738119,1,1,10495.300884759483,1,19.614717434827018
126,60,60207.94176533652,Mortgage,1,3764.950482305386,0,0.0,1,0,0.0,1,4.3683552215837205
127,38,13294.173339077232,Rent,1,0.0,1,259.61013546360596,0,0,0.0,0,0.0
128,75,141936.98665632118,Own,1,6098.813060770801,1,38544.94301080828,0,0,0.0,1,0.0
129,73,85138.13015262866,Own,1,7683.264539923461,1,44471.46157431393,0,0,0.0,1,0.0
130,74,104604.03840645093,Own,1,1782.3315527651164,1,8332.146049366747,0,0,0.0,1,0.0
131,30,26338.933298662138,Rent,1,530.3288318400857,1,2021.4948296985447,0,0,0.0,0,0.0
132,69,25638.816051235306,Own,1,1934.008875210546,1,36806.27320674007,0,0,0.0,1,22.23263659068931
133,53,22838.05067603152,Mortgage,1,1464.7157264371958,1,3329.4258506535143,1,0,0.0,1,10.70545809108535
134,45,31177.4728643091,Rent,1,1377.9737529532918,1,35859.04904187386,0,0,0.0,1,0.0
135,42,56377.05831530615,Mortgage,1,840.0396473460884,1,3181.37415208768,0,0,0.0,0,0.0
136,65,59688.186516670205,Mortgage,1,3547.104912656651,1,8754.533647208038,1,0,0.0,1,0.0
137,73,109055.97371063173,Own,1,3595.8162852539276,1,82685.19846214826,0,1,7529.835012374532,1,8608.184356606478
138,70,29956.810217702285,Rent,1,2846.20101232204,1,2704.75093243247,0,0,0.0,1,0.0
139,44,29889.11838307289,Rent,1,546.868245123083,1,2433.2000859913687,0,0,0.0,0,0.0
140,34,27503.36128800282,Rent,1,1617.7041489835492,0,0.0,0,0,0.0,0,0.0
141,30,36130.315374594946,Rent,1,1141.1439593071123,1,2129.257321827369,0,0,0.0,0,0.0
142,75,11248.570333542337,Mortgage,1,355.98843185713554,1,2911.6360112874136,0,0,0.0,1,1.8175321539720963
143,81,111102.99545990497,Own,1,5686.312317969675,1,96758.46639356414,1,1,15088.796846653222,1,12264.6931070174
144,89,190756.42921215904,Own,1,6753.8188368853325,1,95786.22012100933,1,1,19290.511931395053,1,9.319375145565678
145,54,43411.489065276044,Mortgage,1,2118.9266154327156,0,0.0,1,0,0.0,1,1.5201309186447816
146,47,32935.97830423969,Mortgage,1,1190.2819902859942,1,3383.4133013169912,0,0,0.0,1,10.144669371468561
147,38,28626.314087083818,Own,1,1645.920782540867,1,35576.335563314955,0,0,0.0,1,0.0
148,54,1089.131535178538,Rent,0,0.0,0,0.0,0,0,0.0,0,0.0
149,52,11283.88415172277,Mortgage,1,1289.1898605647284,0,0.0,0,0,0.0,1,10.874967897854434
150,81,46072.524600428434,Own,1,2554.8540733816653,1,9050.923046882252,0,0,0.0,1,13.036830199200843
151,57,36598.21581026978,Mortgage,1,1586.8540049006929,1,9068.49681206313,1,0,0.0,1,6.076412482112123
152,49,49817.83124814741,Mortgage,1,1593.3922244463813,1,2947.301707529269,1,0,0.0,1,13.639362077945382
153,72,80765.88546810445,Own,1,5453.813470981721,1,46866.203825074495,1,1,11399.043708442967,1,2.2226524870226485
154,67,57437.43870996413,Own,1,4072.951095261969,1,9455.287688391487,1,0,0.0,1,0.0
155,74,67412.72117806616,Own,1,2297.457446644771,1,9367.222686637171,0,0,0.0,1,4677.754807406618
156,66,34368.56033282247,Mortgage,1,1378.2638131916995,1,10280.862805963674,1,0,0.0,1,2793.0879438721613
157,89,233915.3283975775,Own,1,9329.26762752898,1,94879.14375260794,1,1,9733.627140438883,1,4.177368829280576
158,67,45965.04698153005,Mortgage,1,1921.714395456204,1,33996.68835165854,0,0,0.0,1,14.580912568977004
159,56,32818.41422735741,Mortgage,1,1661.1666286811865,1,3957.569741176266,0,0,0.0,1,2615.2424583639504
160,28,26235.2669612724,Rent,1,576.5866694491377,1,927.6950772320424,0,0,0.0,0,0.0
161,63,37388.881072213335,Mortgage,1,1262.5739415326852,1,81425.87852958635,1,0,0.0,1,0.0
162,46,36841.47869718813,Mortgage,1,1074.622088394711,1,5842.338662444416,0,0,0.0,1,2772.2988096332588
163,54,69527.97515765832,Mortgage,1,1272.1599675205564,1,2919.265837399503,0,0,0.0,1,9.833702810926033
164,31,31583.44404038959,Rent,1,1250.7659207954762,1,1110.4840467000959,0,0,0.0,0,0.0
165,80,201990.5906974191,Own,1,8793.272471465483,1,83061.49687761825,1,1,4503.465793068639,1,9182.3347587218
166,31,30544.835572623688,Rent,1,1814.0023988415655,1,2527.1820217908057,0,0,0.0,1,2.3194668339854045
167,28,5422.274657473534,Rent,1,115.31126485820596,1,381.5709207181608,0,0,0.0,0,0.0
168,58,118470.86501560238,Mortgage,1,1810.8200518251815,1,93734.15159164429,1,1,9.768194919905735,1,7.057088861926338
169,31,36308.6396276941,Rent,1,949.8644955686386,1,2514.1690761165987,0,0,0.0,0,0.0
170,43,12457.779405737823,Rent,1,349.34948605711895,1,2679.5317916614986,0,0,0.0,0,0.0
171,36,28913.024189249052,Rent,1,484.72137178570335,1,1710.3380031999914,0,0,0.0,0,0.0
172,56,45374.06310229282,Mortgage,1,2946.518402281513,1,9773.990561334715,1,1,11.438945818307817,1,23.757620095953662
173,32,7624.726242569037,Rent,1,655.3053892468253,1,1548.1390613941849,0,0,0.0,0,0.0
174,61,48955.7137207653,Mortgage,1,1657.1240320343984,1,4256.099092107728,0,0,0.0,1,2624.1033125163394
175,72,118168.33213711758,Own,1,6637.467792537232,1,96758.46639356414,1,1,10851.88826929221,1,8.075977989530497
176,28,525.5206015037594,Rent,1,540.7514513138633,0,0.0,0,0,0.0,0,0.0
177,59,66492.51455584944,Mortgage,1,1066.799176475543,1,10469.670966172665,1,0,0.0,1,14.936157456403187
178,74,61272.75975465499,Own,1,1218.4729966599107,1,42328.88137448522,0,0,0.0,1,0.0
179,32,8445.245508357377,Mortgage,1,533.2363221206078,1,1427.6661938570446,0,0,0.0,0,0.0
180,46,36010.91210303061,Mortgage,1,680.8628068471922,1,10025.597373878754,0,0,0.0,1,0.0
181,38,18406.15463476188,Rent,1,2138.6936929141266,1,2590.1181315896893,0,0,0.0,0,0.0
182,70,225726.64698036236,Own,1,6489.040129170561,1,95528.99208460232,1,1,21371.518174354,1,10635.777574917358
183,28,9536.014496644875,Rent,1,0.0,0,0.0,0,0,0.0,0,0.0
184,52,49702.8860440796,Mortgage,1,2726.790045192163,1,4743.964489582826,0,0,0.0,1,0.0
185,28,21683.21794584341,Rent,1,329.5852545136811,1,2256.4754722020266,0,0,0.0,0,0.0
186,58,35124.23784854886,Mortgage,1,1375.7049076794458,1,9549.49002916723,1,0,0.0,1,2686.7102480298972
187,46,30397.732428919713,Mortgage,1,796.8362688549705,1,3400.0088927668817,0,0,0.0,1,0.0
188,30,8746.195778659967,Rent,0,0.0,1,1438.8292324986505,0,0,0.0,0,0.0
189,45,34560.29347810893,Own,1,1953.8198733852614,0,0.0,0,0,0.0,1,0.0
190,30,18669.23307085283,Rent,1,851.1900314870718,1,508.9148255348332,0,0,0.0,0,0.0
191,26,11901.952044706562,Rent,1,485.9592996194508,1,2480.5424667908146,0,0,0.0,0,0.0
192,54,18691.982928231857,Rent,1,738.347562399518,1,3931.5410907629494,0,0,0.0,1,0.0
193,65,29912.551616540477,Mortgage,1,1739.1528563496947,1,8663.686957902533,1,0,0.0,1,12.718874906061071
194,36,525.5206015037594,Rent,0,0.0,0,0.0,0,0,0.0,0,0.0
195,80,141629.52117557815,Own,1,6059.0132333504025,1,45332.220864113675,1,1,4189.132163458908,1,0.0
196,90,38525.52761607139,Own,1,7245.098136407664,1,9173.21735210681,1,0,0.0,1,15.717498762026153
197,26,4468.756270140426,Rent,0,0.0,0,0.0,0,0,0.0,0,0.0
198,63,49386.88806705241,Mortgage,1,1137.6730317846916,0,0.0,1,0,0.0,1,21.761225550732348
199,74,37001.55115582965,Mortgage,1,1330.2855110457413,1,2764.325811414082,1,0,0.0,1,8.409711497947299
200,47,17947.331823545173,Rent,1,1270.7717684279262,1,2051.021267397642,0,0,0.0,0,0.0
201,71,71897.23265303318,Own,1,5387.299588391978,0,0.0,1,0,0.0,1,0.0
202,47,45670.26095225277,Mortgage,1,1950.2831017665094,1,9407.774820570572,1,0,0.0,1,10.166667859132463
203,44,525.5206015037594,Rent,0,0.0,0,0.0,0,0,0.0,0,0.0
204,78,96972.22583212893,Own,1,4536.282187258235,1,87620.2971729457,1,0,0.0,1,25.05789682444594
205,61,54103.498544575305,Mortgage,1,1808.8494999406153,1,3145.3662398291053,0,0,0.0,1,2389.04943110794
206,88,231586.6452359407,Own,1,34368.15085320165,1,96758.46639356414,1,1,4597.3153265755645,1,0.0
207,34,17791.031374721864,Rent,1,559.1276906277608,1,1951.0396874875564,0,0,0.0,0,0.0
208,35,37203.65115951973,Rent,1,1084.7992795882483,1,2661.265126569094,0,0,0.0,1,4302.769246796243
209,60,73852.84857249304,Mortgage,1,1138.4067854704995,1,3458.3403991502564,1,0,0.0,1,16.15136288616698
210,40,52347.63654671594,Rent,1,1071.5966339348079,1,1965.111700224525,0,0,0.0,0,0.0
211,29,525.5206015037594,Rent,0,0.0,0,0.0,0,0,0.0,0,0.0
212,30,1190.137998322085,Rent,0,0.0,0,0.0,0,0,0.0,0,0.0
213,36,525.5206015037594,Rent,0,0.0,0,0.0,0,0,0.0,0,0.0
214,80,110394.5916385833,Own,1,7527.611626657002,1,47979.625086827895,0,1,6755.52612983166,1,6430.18491048196
215,32,10321.694976373676,Rent,0,0.0,0,0.0,0,0,0.0,0,0.0
216,77,120320.7206928085,Own,1,8756.602331664719,1,41168.3978082799,1,1,6120.143290062766,1,0.0
217,34,14420.522117074954,Rent,0,0.0,1,1976.1831953918922,0,0,0.0,0,0.0
218,75,38190.353586299236,Own,1,4704.741823372426,1,47248.35416021705,0,0,0.0,1,16.71311581058193
219,33,3015.301999721569,Rent,1,563.0191104194938,0,0.0,0,0,0.0,0,0.0
220,51,27676.17240344757,Mortgage,1,1517.5675319001446,1,3961.361432102716,0,0,0.0,1,2913.3464207589273
221,28,525.5206015037594,Rent,0,0.0,0,0.0,0,0,0.0,0,0.0
222,43,21869.781004086082,Mortgage,1,1246.491361009364,1,3225.5555182129356,0,0,0.0,0,0.0
223,46,20906.29391090056,Rent,1,1563.6011802252922,1,2182.923095700506,0,0,0.0,0,0.0
224,38,15285.312140743785,Rent,1,164.48457175267663,1,617.6399166087324,0,0,0.0,0,0.0
225,61,50970.445930492744,Mortgage,1,1465.3265970564698,1,2514.901837770244,1,0,0.0,1,16.817507250312765
226,42,8180.645067608906,Rent,1,1552.4903742386014,1,1337.9056733425964,0,0,0.0,0,0.0
227,46,38559.485392375114,Mortgage,1,2677.9971843078783,1,2835.3343933042197,0,0,0.0,1,0.0
228,68,45121.55826293149,Own,1,239.1963091710478,1,4105.1810010148565,0,0,0.0,1,11.877302339962487
229,28,20291.39996419641,Rent,1,331.3879776866164,1,1805.4708139468155,0,0,0.0,0,0.0
230,74,32939.23372356549,Own,1,732.9316207389054,1,96139.5568366506,0,1,2.3047523695413568,1,26.35529595731007
231,62,51697.19138231815,Mortgage,1,1966.1215952585048,0,0.0,0,0,0.0,1,23.559049977593975
232,51,62505.02547326954,Mortgage,1,2148.6235272955037,1,3420.274592349859,1,0,0.0,1,0.0
233,43,47038.16487771213,Mortgage,1,2560.2434517210836,1,4454.802163994795,0,0,0.0,1,4.671593625600198
234,34,13097.240906350988,Own,1,395.66285162987623,0,0.0,0,0,0.0,0,0.0
235,58,37405.71135937247,Mortgage,1,1490.2514381890576,1,2552.429672899101,1,0,0.0,1,2825.448496465309
236,40,36575.84748254262,Mortgage,1,1389.501311710349,1,3772.5689213448395,0,0,0.0,1,0.0
237,65,72120.33699156236,Mortgage,1,2465.3252708349905,1,9013.63395650101,1,0,0.0,1,13.815094660229061
238,75,262179.3190194728,Own,1,2607.650694424281,1,90712.76526793261,0,1,7814.958358585927,1,0.0
239,71,51145.77718873397,Own,1,2910.908631458361,1,9190.83907068188,0,0,0.0,1,2.316381729069178
240,29,39061.53543421569,Rent,1,1964.8167241196286,1,1930.661636482535,0,0,0.0,1,0.0
241,42,2013.6892234052793,Mortgage,0,0.0,0,0.0,0,0,0.0,1,3.1629555443544715
242,91,208462.7346949219,Own,1,10678.345590054025,1,96758.46639356414,1,1,28185.746970039898,1,18755.024776180268
243,89,226176.9716863504,Own,1,8739.132200466125,1,96758.46639356414,1,1,11073.33335448016,1,13.07806372152458
244,30,12062.981545727293,Rent,1,0.0,1,0.0,0,0,0.0,0,0.0
245,37,38528.78785653258,Rent,1,742.6841143415095,0,0.0,0,0,0.0,0,0.0
246,49,37206.33005983357,Mortgage,1,911.0805881520968,1,3514.0026022094517,0,0,0.0,1,0.0
247,35,13228.365420427079,Rent,1,211.11842735544076,0,0.0,0,0,0.0,0,0.0
248,30,14250.148478717729,Rent,1,616.8607557676507,1,1290.7064420271663,0,0,0.0,0,0.0
249,66,38183.191345045656,Mortgage,1,2761.9092891084993,1,38632.78497582076,0,0,0.0,1,9.952040677067618
250,45,23190.969052365843,Mortgage,1,1389.5414988133693,1,1636.743901589875,0,0,0.0,0,0.0
251,54,68403.48571252363,Mortgage,1,2013.2715191627294,1,9123.926225755811,1,0,0.0,1,0.0
252,75,133986.84887312978,Own,1,5256.966410317219,1,36598.61266111819,0,0,0.0,1,6344.23452422076
253,37,38948.28340209312,Rent,1,1311.6291232701321,1,435.37802050585515,0,0,0.0,0,0.0
254,91,795925.3270278316,Own,1,10865.981407019124,1,96509.93027361855,1,1,19462.434008694174,1,25.37810493253468
255,28,525.5206015037594,Rent,0,0.0,0,0.0,0,0,0.0,0,0.0
256,46,71806.27756942144,Mortgage,1,1447.9288092895413,1,4954.86538740312,0,0,0.0,1,0.0
257,55,27789.93462826541,Mortgage,1,1219.0493172283932,1,4701.564283789689,0,0,0.0,1,2417.0967863469923
258,57,41532.60995637821,Mortgage,1,592.0444251868778,1,4050.6388863371803,1,0,0.0,1,0.0
259,49,40341.67057014929,Mortgage,1,1464.7907881869623,1,4376.106275473769,0,0,0.0,1,2425.041357734649
260,28,14326.195139817137,Rent,1,523.5748701620805,0,0.0,0,0,0.0,0,0.0
261,38,5341.6004982624545,Rent,1,677.9264148378229,1,1467.8139450483297,0,0,0.0,0,0.0
262,53,69144.62000397914,Mortgage,1,1855.7516929338487,1,9052.799235283926,1,0,0.0,1,6760.281568081359
263,30,10137.02072249923,Rent,0,0.0,1,1154.3849998624435,0,0,0.0,0,0.0
264,28,19811.934306960873,Rent,1,273.223750763619,1,1261.432027662742,0,0,0.0,0,0.0
265,53,21243.156229113738,Mortgage,0,0.0,0,0.0,0,0,0.0,0,0.0
266,51,18502.5813605071,Mortgage,1,799.8461637529645,1,9249.929348273376,1,0,0.0,1,12.691221352249713
267,62,14870.741939786816,Rent,1,897.5021170944602,1,3454.946289476233,0,0,0.0,0,0.0
268,75,45523.66111838964,Own,1,2889.14980700655,1,9204.48144780608,0,0,0.0,1,5675.989456520918
269,46,50165.11351438395,Rent,1,2224.7340672151176,1,4020.1769704387907,0,0,0.0,1,2.01827398594259
270,56,41593.82716666456,Mortgage,1,1075.9287834299178,1,4371.657191349922,1,0,0.0,1,7.981982539850832
271,87,855362.0627666274,Own,1,6575.127407428036,1,96758.46639356414,1,1,20576.566674682963,1,8.937919507146564
272,76,101482.45202459802,Own,1,7500.1152180250565,1,42010.33217797222,0,1,8042.799214956716,1,18.953837648904198
273,54,27310.687445360643,Rent,1,1096.7993631059867,1,3532.670527307486,0,0,0.0,1,0.0
274,87,55518.011563965556,Own,1,3374.424563640542,1,77390.62331778005,1,1,8325.935358841982,1,15.757453686709967
275,26,25306.003715811756,Rent,0,0.0,0,0.0,0,0,0.0,0,0.0
276,72,46379.274607897794,Own,1,3475.3524039546032,1,37956.86380110048,0,0,0.0,1,18.857268983927266
277,72,885198.4963433065,Own,1,26813.887932597412,1,84206.97595968544,1,1,11773.566243246078,1,13.06102643300385
278,28,3134.3283243704427,Rent,0,0.0,0,0.0,0,0,0.0,0,0.0
279,54,41641.56061168997,Mortgage,1,933.3359906196501,0,0.0,1,0,0.0,1,10.52672676179182
280,41,31811.197719303877,Own,1,637.1332499229917,0,0.0,0,0,0.0,0,0.0
281,30,39761.52412967575,Own,1,1783.2086155500429,1,1599.4277327234422,0,0,0.0,0,0.0
282,31,1226.7921271810337,Rent,0,0.0,0,0.0,0,0,0.0,0,0.0
283,45,35502.54435717667,Mortgage,1,1231.66956151374,1,9385.421458086947,1,0,0.0,1,21.229495140203984
284,64,52295.31038816846,Mortgage,1,1169.6740233025628,1,9246.997995535476,1,0,0.0,1,25.884515705538817
285,28,24163.271507920446,Rent,1,976.1472638178319,1,1410.7069116686116,0,0,0.0,0,0.0
286,64,39190.913096456556,Own,1,1387.017130313491,1,35790.2578178802,0,0,0.0,1,0.0
287,90,121245.3194515942,Own,1,6303.872130878202,1,77477.07952133549,1,1,11237.906629156578,1,12.022200393726864
288,37,14653.29772861895,Rent,1,1238.0782910672156,1,1505.7091956533477,0,0,0.0,0,0.0
289,55,39800.30123213078,Mortgage,1,1377.4591020019443,1,3067.377591611378,1,0,0.0,1,5.932881636708997
290,44,19512.127627127804,Rent,1,523.1993249982881,0,0.0,0,0,0.0,0,0.0
291,53,35432.082685774294,Mortgage,1,3363.3747648825947,1,1890.5482356492842,0,0,0.0,1,2788.8631713067257
292,27,9522.736826214395,Rent,1,82.61944958155857,1,0.0,0,0,0.0,0,0.0
293,76,37233.664069360086,Own,1,3343.901942211091,1,8941.03793892861,0,0,0.0,1,4521.237005065886
294,70,40173.962510773265,Mortgage,1,1305.1724752500045,0,0.0,1,0,0.0,1,0.0
295,35,16563.67250405644,Rent,1,593.6107629517887,1,2784.0986960210876,0,0,0.0,0,0.0
296,69,40876.516161289546,Own,1,2481.685386043062,1,44548.878432946556,0,0,0.0,1,0.0
297,53,48974.163105553926,Mortgage,1,2548.321511488371,1,4705.138192526515,0,0,0.0,1,0.0
298,39,9777.343589984292,Rent,1,181.73305260413747,0,0.0,0,0,0.0,0,0.0
299,53,14172.33903032862,Rent,1,911.8312869174042,0,0.0,0,0,0.0,1,0.0
300,90,233039.54436629216,Own,1,10077.267811750187,1,95089.14269072567,1,1,12198.001626951744,1,16.870018864896586
301,30,19693.886792385063,Rent,1,609.7936033715253,0,0.0,0,0,0.0,0,0.0
302,74,136354.888769809,Own,1,6040.863160736752,0,0.0,0,0,0.0,1,2.587940048022175
303,62,29669.58736046326,Own,1,2306.878535634198,1,39659.15514209589,0,0,0.0,1,2554.1837724058832
304,80,54795.06974566664,Own,1,7982.498411396555,1,41797.14097494194,0,1,4102.385468091456,1,11292.779677591772
305,27,8794.462061906943,Rent,1,672.5327109593755,0,0.0,0,0,0.0,0,0.0
306,72,102919.52083152885,Own,1,3913.4196486777155,1,84290.91154700077,1,0,0.0,1,7.750292537362499
307,32,50533.0540906022,Rent,1,780.989388869179,1,1260.0185587132753,0,0,0.0,0,0.0
308,54,7060.0239690835315,Own,1,882.5782673677032,0,0.0,0,0,0.0,1,1.7317969006155944
309,45,87977.17320157851,Own,1,2570.2859536055453,1,8986.807825732896,0,0,0.0,1,2439.7082904158256
310,31,12429.117489059576,Rent,1,442.9819855457645,1,910.2234826756605,0,0,0.0,0,0.0
311,45,26337.943586249312,Rent,1,897.7644693612438,1,1218.3142810573374,0,0,0.0,0,0.0
312,55,37366.06595873719,Mortgage,1,1103.3600455557837,0,0.0,1,0,0.0,1,4.7702679216160995
313,30,8644.768871438757,Rent,1,0.0,1,1104.1550277206275,0,0,0.0,0,0.0
314,45,26826.62213722804,Mortgage,1,855.9862741280447,1,4446.092715786421,0,0,0.0,1,0.0
315,89,183306.7131146656,Own,1,6348.5380031534705,1,95656.24207155211,1,1,19564.28786129245,1,1.8137986138197255
316,59,43814.78971005465,Own,1,708.3236751693446,1,44044.41373640075,0,0,0.0,1,7.55328286882413
317,40,28070.761110905652,Rent,1,319.0003657218058,0,0.0,0,0,0.0,1,7.284685249339622
318,37,56520.12596561619,Own,1,4866.399157922292,1,37486.527546688325,0,0,0.0,1,18.30018489333767
319,52,46054.89011588188,Mortgage,1,860.4061035190443,1,2427.427110558551,0,0,0.0,1,10.862374161664157
320,62,27864.589889083945,Mortgage,1,1385.1656977608445,1,9785.819718522123,1,0,0.0,1,9.531196822080743
321,58,37977.89744062329,Mortgage,1,1528.0185788000172,1,9600.126221356177,1,0,0.0,1,18.377303254670753
322,40,20862.25125082703,Rent,1,564.7699700606023,1,1591.0808716276506,0,0,0.0,0,0.0
323,88,209576.66603423154,Own,1,25975.145830697722,1,96758.46639356414,1,1,8247.283952222284,1,39.838613702124995
324,88,67667.35476942967,Own,1,5824.428642087305,1,93136.9774144138,1,1,4636.225580050842,1,8831.799319948379
325,28,23589.356883005967,Rent,1,285.86296734949724,1,1119.5255943538805,0,0,0.0,0,0.0
326,27,10115.435216467875,Rent,1,650.1542914450345,0,0.0,0,0,0.0,0,0.0
327,56,36096.878518254714,Mortgage,1,1899.5157307520476,1,8129.961515864871,1,0,0.0,1,5075.297299336302
328,30,1747.5559491023123,Rent,0,0.0,0,0.0,0,0,0.0,0,0.0
329,28,2487.2846334598125,Rent,0,0.0,0,0.0,0,0,0.0,0,0.0
330,60,58296.04851882393,Mortgage,1,2858.0581360541432,1,9706.512643979817,1,0,0.0,1,1.4482007901391716
331,43,35017.54796924375,Mortgage,1,1112.1770776038677,1,3611.334778550965,1,0,0.0,1,4185.093278026238
332,85,135306.35391530558,Own,1,6730.1366597982815,1,92978.46291419405,1,1,4129.415081937432,1,15.151811922084763
333,77,140221.99068895215,Own,1,8844.291217692828,1,42837.10789075183,0,1,3639.753349123954,1,0.0
334,60,29178.041864151477,Mortgage,1,2859.5850765952628,1,2435.9545984366155,1,0,0.0,1,0.0
335,26,525.5206015037594,Rent,0,0.0,0,0.0,0,0,0.0,0,0.0
336,64,50709.36089117614,Mortgage,1,2778.987799506747,1,9301.884685546653,1,0,0.0,1,0.0
337,31,10280.85208628244,Rent,1,165.35310121158898,1,979.8429673563021,0,0,0.0,0,0.0
338,58,14823.968987956565,Mortgage,1,629.235512669017,0,0.0,1,0,0.0,1,2.54326873008631
339,42,16877.87921207323,Rent,1,629.699107629435,1,2517.8954691736935,0,0,0.0,0,0.0
340,40,38483.997721050655,Mortgage,1,1317.8671946880143,1,3251.519514538707,0,0,0.0,1,0.0
341,35,18415.624934357867,Rent,1,359.12388526273605,1,1562.0110879101494,0,0,0.0,0,0.0
342,58,57426.30960644814,Mortgage,1,1985.8915531744578,1,8879.84329127693,1,0,0.0,1,0.0
343,61,34838.93978210493,Mortgage,1,2060.564553285884,1,3319.350389411994,0,0,0.0,1,0.0
344,74,31332.59515444171,Own,1,687.8345805829352,1,2324.80070252919,0,0,0.0,1,25.269092719030734
345,76,77961.1840640558,Mortgage,1,4309.944115186723,1,8805.130255422957,1,0,0.0,1,3553.0478211241407
346,43,30665.078270404323,Mortgage,1,2488.334309802012,1,9063.1186350159,0,0,0.0,1,15.482492115307396
347,37,18573.091621881405,Rent,1,276.9958105524753,1,1780.4038585974158,0,0,0.0,0,0.0
348,30,525.5206015037594,Rent,0,0.0,0,0.0,0,0,0.0,0,0.0
349,41,34978.44710547677,Rent,1,1381.3235053833932,1,339.9774655024669,1,0,0.0,0,0.0
350,91,115994.00025913658,Own,1,5298.738211671367,1,76426.98180822557,1,1,8619.417876642852,1,20.615443867687052
351,72,121829.15998380007,Own,1,6210.2943414540105,1,96491.10383586773,1,1,4854.374425788191,1,8.320637697992812
352,74,104920.97552864386,Own,1,1539.3045280764218,1,80594.37236469492,0,0,0.0,1,0.2261068623988174
353,71,95433.57988795385,Own,1,3262.6156989189944,1,85259.37177317588,1,1,11436.049529775963,1,0.0
354,90,276726.407842147,Own,1,5916.96757476922,1,88989.78090855807,1,1,18741.73745905382,1,14.700616141603208
355,41,64894.67185954219,Mortgage,1,1543.4566249133086,1,3560.543520639184,0,0,0.0,1,3.8362941478834025
356,31,21916.790020167122,Rent,1,213.14083912985802,1,1371.2287395447083,0,0,0.0,0,0.0
357,26,525.5206015037594,Rent,0,0.0,0,0.0,0,0,0.0,0,0.0
358,76,653176.2770635275,Own,1,22584.870225170536,1,94862.50531727834,1,1,4637.764800642321,1,0.0
359,27,525.5206015037594,Rent,0,0.0,0,0.0,0,0,0.0,0,0.0
360,56,48000.865794700236,Mortgage,1,1494.1996027340626,1,4163.387705695816,0,0,0.0,1,10.594315215265224
361,64,48187.02528008731,Own,1,12963.394064662734,1,45482.024046090126,1,1,0.0,1,4020.305033064853
362,73,628514.4992270578,Own,1,6887.160401071639,1,96497.83350833195,0,1,8152.7948089114625,1,0.5158118091448813
363,73,15422.057076393443,Rent,1,1142.3440571552205,1,2155.9660831761244,0,0,0.0,0,0.0
364,87,219396.2419387365,Own,1,37606.48555755347,1,96758.46639356414,1,1,11197.381998032299,1,0.0
365,70,76266.11914883996,Mortgage,1,2631.394088227784,1,8979.687031191805,1,0,0.0,1,10.554079940276651
366,40,33131.37399473126,Rent,1,944.4949651198405,0,0.0,0,0,0.0,0,0.0
367,33,10733.96420419982,Rent,0,0.0,0,0.0,0,0,0.0,0,0.0
368,43,18316.07035346524,Mortgage,1,1324.7202733379554,1,3305.0183348079804,0,0,0.0,1,2571.4892636920226
369,29,14340.637161595287,Rent,1,0.0,1,378.2701594066664,0,0,0.0,0,0.0
370,47,45859.8063617928,Mortgage,1,1457.6435473267306,1,4820.633385088936,0,0,0.0,1,0.0
371,30,14509.000959519224,Rent,0,0.0,0,0.0,0,0,0.0,0,0.0
372,48,76791.55775944167,Mortgage,1,2055.7440434504233,1,9816.767644248626,1,0,0.0,1,0.0
373,27,525.5206015037594,Rent,0,0.0,0,0.0,0,0,0.0,0,0.0
374,30,12612.864036561003,Rent,0,0.0,1,836.30555881484,0,0,0.0,0,0.0
375,27,14042.119253197789,Rent,1,281.2839641987812,1,1470.7904702493847,0,0,0.0,0,0.0
376,84,55406.67877214854,Own,1,4198.513570473643,1,9341.81939977319,1,0,0.0,1,19.097280884837087
377,75,58045.298967302486,Own,1,3889.5743175674093,1,6547.778343266456,1,1,4579.727770965397,1,0.0
378,73,36277.08049186492,Own,1,1484.0617990203204,1,43203.598769452285,0,1,19641.743384851372,1,8393.967790803994
379,36,15529.751010375856,Rent,1,1280.6757821353053,1,1527.5550576903079,0,0,0.0,0,0.0
380,73,135479.49248307833,Own,1,5469.144724953577,1,83274.73653950758,0,1,4714.670657993146,1,11.115709710807721
381,57,24889.353476357363,Mortgage,1,2354.1586922649635,1,4092.2512871318704,1,0,0.0,1,2717.9558584989277
382,60,67409.49297643817,Own,1,2225.714867701029,1,7891.496398961466,1,0,0.0,1,3932.528641600774
383,91,148110.4252986692,Own,1,4222.369215547998,1,95443.6254539102,1,1,5142.4172994842265,1,1.1963788823285424
384,60,72047.84026566525,Mortgage,1,1629.0871133831622,1,8818.251261876712,1,0,0.0,1,0.0
385,41,43188.79088194792,Mortgage,1,2056.1799993444088,1,4042.278367870122,0,0,0.0,1,2412.0246879476745
386,74,31183.124805088577,Own,1,2236.310806209224,1,34420.86830851092,0,0,0.0,1,0.0
387,27,4267.50873790631,Rent,0,0.0,0,0.0,0,0,0.0,0,0.0
388,26,525.5206015037594,Rent,0,0.0,0,0.0,0,0,0.0,0,0.0
389,61,30304.483877131417,Own,1,4450.93939302999,1,2414.335830433325,0,1,10.882718415879896,1,13.276128208084613
390,44,10776.946481006675,Rent,1,788.5018583941356,0,0.0,0,0,0.0,0,0.0
391,55,74830.49802030719,Mortgage,1,1707.703435942914,1,3555.442009634765,1,0,0.0,1,0.0
392,74,98196.73445819554,Own,1,17381.23776609753,1,95924.22171294583,1,1,5220.582639638384,1,14.202311497411005
393,67,41029.54249037516,Mortgage,1,1106.3422194654227,1,7748.203375125795,1,0,0.0,1,8.021639592335838
394,26,8063.870209381435,Rent,0,0.0,0,0.0,0,0,0.0,0,0.0
395,71,49270.52247437839,Mortgage,1,1608.1794067357098,1,2966.0074318164657,0,0,0.0,1,2487.4758335540128
396,54,33285.60942068355,Mortgage,1,1676.4932923236652,1,4178.0859801812,0,0,0.0,1,0.0
397,34,20561.316931921396,Rent,1,265.73932596327984,1,874.5226543407155,0,0,0.0,0,0.0
398,27,18644.32074298459,Rent,1,1368.646438853178,1,772.6584379906246,0,0,0.0,0,0.0
399,67,46661.752393965784,Own,1,2751.032072389493,1,9223.828382198346,0,0,0.0,1,2.9568640278184946
400,56,42692.308236902274,Mortgage,1,1256.0594290587333,1,9973.043614914372,1,0,0.0,1,0.0
401,65,46089.232414241924,Own,1,1634.4811149534548,0,0.0,1,0,0.0,1,12.763780016126084
402,37,24513.96484225661,Rent,1,1401.5800475300575,1,3762.287725830435,0,0,0.0,0,0.0
403,48,16092.326382708821,Rent,1,1421.5358608716217,1,2997.9951106058475,0,0,0.0,0,0.0
404,79,38470.430940308586,Own,1,3667.756409461398,1,36478.91433969174,0,0,0.0,1,0.0
405,80,651222.1107836372,Own,1,8895.960921800432,1,96758.46639356414,1,1,21199.84714322883,1,0.8033935873133804
406,48,33970.694663709364,Mortgage,1,1390.7413081749955,1,4204.292682249547,0,0,0.0,1,1.5484484270841554
407,80,243445.32753235853,Own,1,28529.355600605326,1,96758.46639356414,1,1,11430.740486944913,1,11040.410718391475
408,67,47988.76216219419,Own,1,3470.9747297386493,1,37394.57811823998,0,0,0.0,1,0.0
409,61,50022.77172611434,Mortgage,1,1580.0043681858347,1,5279.772686364534,0,0,0.0,1,0.0
410,37,9817.825269832012,Rent,1,496.1760312150304,1,3483.0087385978914,0,0,0.0,0,0.0
411,76,91835.62377648488,Own,1,32086.961283150195,1,96758.46639356414,1,1,18450.416583872804,1,0.0
412,75,30915.688761582212,Own,1,3939.6329344132155,1,37215.93681614733,0,1,24.145401416099222,1,0.0
413,56,26672.127750924115,Mortgage,1,1243.3616997702811,1,3276.342637527363,0,0,0.0,1,13.304976254444467
414,35,13186.93948357621,Mortgage,1,1257.0287599461706,0,0.0,0,0,0.0,1,0.0
415,28,15760.925130683427,Rent,1,1283.506082931422,1,1491.4648333288133,0,0,0.0,0,0.0
416,28,15397.448757468095,Rent,1,372.23339030758433,1,1267.696024679345,0,0,0.0,0,0.0
417,77,31220.84639142635,Own,1,2598.5677194459104,1,3241.7179364731587,0,0,0.0,1,0.0
418,78,131825.61778618116,Own,1,34660.66993683974,1,95143.49236844943,1,1,10729.639694727453,1,9053.289421048867
419,40,4747.931137708076,Rent,0,0.0,0,0.0,0,0,0.0,0,0.0
420,44,52391.971241341584,Mortgage,1,1544.8326781873743,1,4091.175067882299,0,0,0.0,1,0.0
421,41,23366.30582133915,Mortgage,1,1507.4640430703544,1,3663.8775828315793,1,0,0.0,1,6.035979960659128
422,42,15692.21910958911,Rent,1,1691.4425785864123,1,3701.3363033846326,0,0,0.0,0,0.0
423,51,30093.295738827426,Mortgage,1,1455.4983799808301,1,5037.562839720833,0,0,0.0,1,2484.7496279438124
424,33,18019.74620205514,Rent,1,1517.4037251554598,1,2399.7137521236605,0,0,0.0,0,0.0
425,88,862439.3070123103,Own,1,33924.601791128705,1,96758.46639356414,1,1,12588.150494943286,1,9.160958199605313
426,30,525.5206015037594,Rent,0,0.0,0,0.0,0,0,0.0,0,0.0
427,40,32670.820782026352,Rent,1,1213.5169412000328,1,2923.4274269605266,0,0,0.0,0,0.0
428,26,525.5206015037594,Rent,0,0.0,0,0.0,0,0,0.0,0,0.0
429,48,15615.02508331506,Mortgage,1,1507.0897826199466,1,3218.4998535070217,1,0,0.0,1,6.288466949505247
430,73,29238.982916250065,Own,1,1068.620202120136,1,42584.66449985447,0,0,0.0,1,6.232819416512464
431,27,20945.67395757794,Rent,1,424.6136070292835,1,2660.0493906042943,0,0,0.0,0,0.0
432,44,22325.806613630026,Mortgage,1,756.1572332620283,1,3705.1855667987115,0,0,0.0,1,0.0
433,62,41067.05202756116,Mortgage,1,1850.5270475408731,1,8865.067955944982,0,0,0.0,1,22.666132254429595
434,84,211313.23464782647,Own,1,3920.16411590001,1,95672.35931774935,1,1,4959.593529551938,1,10.002378575538454
435,70,126601.51008031887,Own,1,7499.464041345134,1,46950.57375338282,0,1,0.0,1,2.9348067166531457
436,36,28730.307429608176,Rent,1,736.1401115911783,1,3240.6467755092417,0,0,0.0,0,0.0
437,47,28010.291678182275,Mortgage,1,501.48068053327256,0,0.0,0,0,0.0,0,0.0
438,53,57046.9438664701,Mortgage,1,720.8985425583267,1,3524.7440097495655,1,0,0.0,1,20.659865373476354
439,40,28350.40383489812,Rent,1,190.06006032154062,1,1291.9471015449167,0,0,0.0,0,0.0
440,37,11189.88237982889,Rent,1,378.13933152444815,1,710.7478726159397,0,0,0.0,0,0.0
441,37,23455.696005475984,Mortgage,0,0.0,0,0.0,0,0,0.0,1,0.0
442,57,32290.407139593735,Own,1,1626.596479691215,1,2267.67923004315,0,0,0.0,1,7381.229185964408
443,75,38014.45491781066,Own,1,4804.555798832518,1,35665.777236457245,0,0,0.0,1,11.32127757302445
444,47,26434.52725644331,Rent,1,637.3658526916579,1,3383.733168908002,0,0,0.0,0,0.0
445,49,31680.388225382856,Mortgage,1,2155.9177611976593,1,3841.457253826362,0,0,0.0,0,0.0
446,27,19477.441571444542,Rent,1,413.3693569142626,1,1360.0555843317939,0,0,0.0,0,0.0
447,30,22660.69438655496,Rent,1,628.8163193932542,1,1138.6682625527774,0,0,0.0,0,0.0
448,80,102456.11168296466,Own,1,1218.7690472934385,1,49576.95068765021,0,0,0.0,1,3769.672727177301
449,46,43622.676387091065,Mortgage,1,589.4850559348004,1,3077.7878193943816,0,0,0.0,0,0.0
450,26,525.5206015037594,Rent,0,0.0,0,0.0,0,0,0.0,0,0.0
451,75,204105.0714905809,Own,1,8128.4809412288505,1,96758.46639356414,1,1,3877.8711078198276,1,8976.069972649626
452,29,17548.464849565997,Rent,1,896.8819304689658,1,2326.618236533604,0,0,0.0,0,0.0
453,48,45511.85305489109,Mortgage,1,1498.0348688099234,1,3926.2074504314137,0,0,0.0,1,8.259156876158833
454,29,23209.740950298015,Rent,1,356.0017301986296,1,2342.5150028281473,0,0,0.0,0,0.0
455,62,45378.06807103752,Mortgage,1,4393.110729681381,1,9914.773381457397,1,0,0.0,1,14.152370094371186
456,28,40017.06558186219,Own,1,4112.101795250403,1,37564.55144359069,0,0,0.0,1,0.0
457,45,43775.02343121126,Mortgage,1,1894.829482027527,1,3865.9873641223903,1,0,0.0,1,0.0
458,60,43129.744032543436,Mortgage,1,618.6871204365755,1,3414.64186938291,1,0,0.0,1,0.0
459,73,126367.61835054847,Own,1,7550.872001898169,1,42678.26501622757,0,0,0.0,1,0.0
460,28,2930.061028042621,Rent,0,0.0,0,0.0,0,0,0.0,0,0.0
461,30,525.5206015037594,Rent,0,0.0,0,0.0,0,0,0.0,0,0.0
462,86,191502.9204477832,Own,1,37323.93306089664,1,96758.46639356414,1,1,18066.96308880046,1,6.21475083937065
463,61,56615.0056992593,Mortgage,1,1138.7447997594086,1,3715.5986456154474,0,0,0.0,1,9.576416324987523
464,91,99812.56099730326,Own,1,6450.894887729491,1,92852.737603541,1,1,4437.550341067611,1,13.51864824297095
465,46,20729.33079885655,Mortgage,1,2438.6416288593655,0,0.0,1,0,0.0,1,2.354573200273494
466,43,29908.094403247807,Rent,1,1210.3718834366866,1,3542.647857807313,0,0,0.0,0,0.0
467,40,23410.067429571725,Rent,1,724.0062024302044,1,3128.6814386140395,0,0,0.0,0,0.0
468,30,8305.737053019078,Rent,0,0.0,0,0.0,0,0,0.0,0,0.0
469,28,3885.384305145584,Rent,1,70.61778503877576,1,1538.4231063094392,0,0,0.0,0,0.0
470,48,33172.68948141119,Rent,1,1150.642087097398,1,3222.0315485508418,0,0,0.0,0,0.0
471,74,80209.84516461845,Own,1,5171.333512432731,1,83362.2367223498,1,1,4077.860311836257,1,0.0
472,89,83367.61533118556,Own,1,5712.952214121044,1,96758.46639356414,1,1,38634.50527614026,1,9543.318040537693
473,91,146757.21202198073,Own,1,6132.080276922142,1,94635.72502054914,1,1,3716.9190706416666,1,0.0
474,71,200620.3681347057,Own,1,6466.889565532601,1,96758.46639356414,1,1,20495.69798391681,1,8.154338903464323
475,45,21352.02822248554,Mortgage,1,1030.3015135537166,1,4506.328988609539,0,0,0.0,1,12.41465878035674
476,79,114564.72609277355,Own,1,4557.490327748939,1,82232.41168527957,1,1,11969.645995674891,1,5.757459942888275
477,27,525.5206015037594,Rent,0,0.0,0,0.0,0,0,0.0,0,0.0
478,89,736183.35955878,Own,1,9500.55920538518,1,96758.46639356414,1,1,4918.5674753394715,1,10379.802311829699
479,56,40361.265080719735,Mortgage,1,1150.0414748917863,0,0.0,1,0,0.0,1,0.0
480,43,18720.987762351902,Mortgage,1,1296.954725236239,1,3268.333256053542,0,0,0.0,0,0.0
481,47,26769.741937581337,Rent,1,932.8593441593237,0,0.0,1,0,0.0,0,0.0
482,40,21228.562305246156,Rent,1,24.198476012115748,1,1666.1394389035117,0,0,0.0,0,0.0
483,74,160904.91879408597,Own,1,9338.97138065619,1,42448.302450609466,1,1,7455.641253764246,1,0.0
484,34,525.5206015037594,Rent,0,0.0,0,0.0,0,0,0.0,0,0.0
485,36,14350.945590908243,Rent,1,1516.4184369875775,1,2658.4691361814816,0,0,0.0,0,0.0
486,73,76990.98418909094,Own,1,5510.641286917913,1,93291.89687695804,1,1,4793.985163740984,1,8004.461886345446
487,63,76523.43130513327,Own,1,5990.374950056497,1,9497.734123643419,0,0,0.0,1,0.0
488,65,56515.719007408254,Own,1,2749.9840556154377,1,38067.674988983475,0,0,0.0,1,6699.919380146485
489,60,43206.39683362951,Mortgage,1,896.9253440129684,1,2672.114459531304,0,0,0.0,0,0.0
490,46,30662.11808963998,Mortgage,1,1313.3996611908883,0,0.0,0,0,0.0,1,29.475843159564405
491,86,188566.4318357834,Own,1,23988.71121383419,1,96758.46639356414,1,1,12130.891157229657,1,0.0
492,34,26928.445678848482,Rent,1,612.5910720400866,1,3501.2636316800463,0,0,0.0,0,0.0
493,75,13703.253812165196,Rent,1,629.8003523360098,1,1017.0310236424364,0,0,0.0,1,3.652904247588179
494,46,25316.803389276298,Mortgage,1,691.1344605931423,1,2689.9764617713663,0,0,0.0,1,0.5765693835129514
495,50,25353.18942993458,Mortgage,1,1275.5726174666331,1,4332.9627775959425,0,0,0.0,1,19.412590872601225
496,91,240131.73343636142,Own,1,35816.25176505403,1,89894.1765393156,1,1,4776.103643771397,1,21.691051866948616
497,50,29081.26500767866,Own,1,1700.981572849846,1,36531.445638777404,0,0,0.0,1,0.3164976986482966
498,29,3804.9668258824695,Rent,1,686.7767418448875,0,0.0,0,0,0.0,0,0.0
499,26,18512.0643672621,Rent,1,60.145193352850356,1,1155.8022395339433,0,0,0.0,0,0.0
500,76,40836.22079759295,Own,1,2373.3399071745916,1,39075.0573746401,0,0,0.0,1,4.542520345288462
501,70,26036.32697272058,Mortgage,1,2565.1131704659865,1,3448.7753649156684,1,0,0.0,1,25.95365409569711
502,79,175411.7646705076,Own,1,6318.253009276803,1,93902.62112485663,1,1,19857.276248806345,1,4801.469638189611
503,80,48398.29833324429,Own,1,8651.274647118387,1,43864.526538749065,0,0,0.0,1,6078.614082479435
504,62,28602.096615959592,Mortgage,1,1105.2696382890858,1,3058.634666748856,0,0,0.0,1,6379.573282581311
505,49,35508.36551529539,Mortgage,1,1548.7416813417494,1,4909.525305987714,0,0,0.0,0,0.0
506,45,15996.536126494253,Rent,1,952.5280647142897,1,1366.574472960958,0,0,0.0,0,0.0
507,58,60751.320021152365,Mortgage,1,2503.458101298139,1,8938.137406598975,1,0,0.0,1,0.0
508,74,91653.11488447488,Own,1,3360.465089196857,1,96758.46639356414,1,1,4633.579147270818,1,24.73743239607856
509,76,134730.97535888158,Own,1,2856.583684286213,1,44018.41563444809,0,1,11226.701619318937,1,9.38993731477172
510,30,14329.625475682815,Rent,0,0.0,0,0.0,0,0,0.0,0,0.0
511,89,204380.5797290364,Own,1,32003.239789044266,1,81629.98006211453,1,1,20250.850175360836,1,0.0
512,36,12244.006665704313,Rent,0,0.0,0,0.0,0,0,0.0,0,0.0
513,31,3505.797635671299,Rent,0,0.0,0,0.0,0,0,0.0,0,0.0
514,88,830254.8749712807,Own,1,4551.321347663021,1,94632.43179716752,1,1,5029.063574818607,1,10226.949849882993
515,27,1884.0298448033755,Rent,0,0.0,0,0.0,0,0,0.0,0,0.0
516,39,7978.8098428242465,Rent,1,1141.8732789236922,1,1623.9572452220743,0,0,0.0,0,0.0
517,43,35649.41051495681,Mortgage,1,420.6232771287047,1,2743.2385082876044,1,0,0.0,1,18.795419701692747
518,67,66561.7831161858,Own,1,32894.698338612674,1,96758.46639356414,1,1,9425.66747533923,1,25.07043048557091
519,76,88784.7829912742,Own,1,3770.685253980071,1,83514.46275261785,1,1,4470.2839724688765,1,13.521909317765969
520,71,83555.40079069958,Mortgage,1,1688.36779461618,1,39287.29013825981,0,0,0.0,1,0.0
521,62,56105.677635025386,Mortgage,1,1253.210333273305,1,4817.694245217308,0,0,0.0,1,3005.8073345955263
522,85,691593.9648684607,Own,1,6864.511881018596,1,92740.27325086569,1,1,10874.155414877321,1,2.9121882042527316
523,36,12651.97230446995,Rent,1,0.0,1,1449.7593600780842,0,0,0.0,0,0.0
524,54,30462.009298427914,Mortgage,1,2224.085970467001,1,10461.646153738538,1,0,0.0,1,5902.148402366276
525,32,9841.627398852921,Rent,0,0.0,0,0.0,0,0,0.0,0,0.0
526,75,48962.37953672451,Own,1,2662.2730483386913,1,40989.40994428708,0,0,0.0,1,3654.7570807387515
527,27,525.5206015037594,Rent,0,0.0,0,0.0,0,0,0.0,0,0.0
528,65,40837.49288740976,Own,1,1995.7030624003562,1,37448.23603908032,0,0,0.0,1,28.292692783396713
529,91,116697.22632460837,Own,1,7173.076040695321,1,92893.55596058282,1,1,4963.866367201631,1,10.02872049042397
530,30,27746.53864770146,Mortgage,1,764.4960026236861,1,4331.345229812533,0,0,0.0,1,0.10064110540324435
531,55,51236.97054065856,Mortgage,1,2717.63260497072,1,9882.720409749296,1,0,0.0,1,2.2224429752323944
532,31,37175.91339619706,Rent,1,1240.0754423622907,1,1523.3899733137418,0,0,0.0,0,0.0
533,61,44063.40082061749,Mortgage,1,2467.73817513845,1,9238.780579257713,1,0,0.0,1,13.23181583866395
534,69,130925.66789243426,Own,1,1988.585239588612,1,36743.631503323435,0,0,0.0,1,0.0
535,54,20680.690819802978,Mortgage,1,1544.1178508999542,0,0.0,1,0,0.0,1,0.0
536,49,27827.92871779725,Mortgage,1,1840.6856251931813,0,0.0,0,0,0.0,1,15.65323946842178
537,50,21186.63312981588,Mortgage,1,1876.87825770778,1,4440.676855320796,1,0,0.0,1,10.473558326493992
538,27,525.5206015037594,Rent,0,0.0,1,0.0,0,0,0.0,0,0.0
539,34,525.5206015037594,Rent,0,0.0,0,0.0,0,0,0.0,0,0.0
540,59,66984.97913919562,Mortgage,1,2448.57021771279,1,3796.6279672932087,1,0,0.0,1,5112.035563716761
541,87,138414.32168437797,Own,1,6652.703949909924,1,95673.80258281568,1,1,8938.805246901513,1,0.0
542,30,525.5206015037594,Rent,0,0.0,0,0.0,0,0,0.0,0,0.0
543,42,17061.228417418217,Rent,1,1091.3985076750025,0,0.0,0,0,0.0,0,0.0
544,50,6961.095335926,Mortgage,0,0.0,0,0.0,0,0,0.0,1,0.0
545,45,15208.066720407754,Mortgage,1,805.7913572411383,1,3006.506274016573,0,0,0.0,1,6.438881896766876
546,74,44492.70743884907,Mortgage,1,1520.7242626521356,1,9374.386930051245,0,0,0.0,1,10.727335427367553
547,74,155459.2197958703,Own,1,3935.153939777365,1,81706.9264805511,0,1,10137.033820177297,1,19.224057295151965
548,66,11535.49728397285,Rent,1,1744.1807254785879,1,3322.3013932627027,0,0,0.0,1,16.210931318422055
549,64,29216.265743610045,Mortgage,1,1230.030491643211,0,0.0,0,0,0.0,1,0.0
550,72,43830.08091550346,Own,1,9014.740242064578,1,36659.25260124679,0,0,0.0,1,6.863598590963801
551,39,8356.181631480571,Rent,1,182.00682112769528,1,2183.821148334009,0,0,0.0,0,0.0
552,53,41866.111408493285,Mortgage,1,1870.497772562668,1,5852.294472238004,0,0,0.0,1,0.0
553,31,3379.5366531225445,Rent,1,843.6450659870809,1,693.2920047295013,0,0,0.0,0,0.0
554,42,26743.18489387122,Mortgage,1,1218.9504071195474,1,3155.0592027063312,0,0,0.0,1,10.04696428650626
555,50,34524.904651791854,Mortgage,1,2409.718232076308,0,0.0,1,0,0.0,1,2915.805421630436
556,30,16839.868367086605,Rent,1,158.84034189641602,1,902.6303521267721,0,0,0.0,0,0.0
557,35,3256.8796428748537,Rent,1,686.3727825581027,1,2908.791875217256,0,0,0.0,0,0.0
558,27,9258.291438737659,Rent,1,272.67751399878284,1,2182.499906876955,0,0,0.0,0,0.0
559,58,48855.648541368806,Mortgage,1,4072.9080396536588,1,1947.520592173457,0,0,0.0,1,0.0
560,37,25715.984262651687,Rent,1,118.99862898768004,1,758.9993193162907,0,0,0.0,0,0.0
561,41,19616.816024751184,Mortgage,1,1110.3690646462046,0,0.0,1,0,0.0,1,4.547665274006362
562,32,525.5206015037594,Rent,0,0.0,0,0.0,0,0,0.0,0,0.0
563,31,4763.675723113567,Rent,0,0.0,0,0.0,0,0,0.0,0,0.0
564,45,36907.53347143068,Mortgage,1,1365.3218239277921,1,3185.3777391986296,0,0,0.0,1,3359.479148551707
565,74,46904.800385678616,Own,1,2876.763939277531,1,39036.99331549347,0,0,0.0,1,17.86946069261016
566,87,101591.43870900676,Own,1,10324.745862590751,1,96758.46639356414,1,1,5395.920382320143,1,1.381666528905499
567,28,34511.42411269735,Rent,1,979.2730242100766,0,0.0,0,0,0.0,0,0.0
568,59,71121.184337741,Mortgage,1,2632.362222327739,1,3979.101115798775,1,0,0.0,1,2814.675860460569
569,72,194534.88799087532,Own,1,3738.7637429135943,1,44356.92562164641,0,1,5090.875167154087,1,0.0
570,63,48544.50162781465,Mortgage,1,2241.864678680933,1,2643.087211397714,0,0,0.0,1,7.347809124209715
571,67,37858.819797305834,Own,1,2612.6340728725013,1,38116.396139865385,0,0,0.0,1,0.0
572,77,118871.63872211915,Own,1,11290.448816659804,1,92718.33830733917,1,1,3509.117290992128,1,12692.17586020047
573,36,23036.965122764806,Rent,1,1001.538481701393,0,0.0,0,0,0.0,1,0.0
574,42,36157.12438171311,Rent,1,364.9103778211131,1,2240.897803259542,0,0,0.0,0,0.0
575,74,134265.6669996693,Own,1,4341.646056495067,1,92502.0931439819,1,1,4248.257285248372,1,13258.871078787713
576,90,106692.64849285645,Own,1,7608.188401147683,1,96403.35511015536,0,1,11014.06154083728,1,3.5553591124872552
577,72,81004.35023765096,Own,1,1816.0504986868084,1,8142.60142364831,0,0,0.0,1,0.0
578,82,253024.1295041183,Own,1,6738.877573621433,1,74669.64185776119,1,1,10675.94384040763,1,8.79003972764084
579,37,31473.141483464104,Rent,1,1028.65282479608,1,1526.5307548453159,0,0,0.0,1,0.0
580,55,41029.53190987698,Mortgage,1,2118.205518080202,1,3045.7015500191565,1,0,0.0,1,0.0
581,48,42148.57250205346,Mortgage,1,1212.2940552681087,1,4093.592192674406,0,0,0.0,1,1.6970317106358874
582,29,4509.763505085222,Rent,1,929.4185799582638,1,2824.1465660805743,0,0,0.0,0,0.0
583,45,54888.41672533363,Mortgage,1,1157.9942214304203,0,0.0,0,0,0.0,1,0.0
584,52,31034.169252031654,Mortgage,1,2258.631722648506,0,0.0,1,0,0.0,1,0.0
585,58,53777.79143990128,Mortgage,1,2385.1927311612676,1,8876.053945789003,1,0,0.0,1,0.0
586,39,31684.355545292925,Rent,1,513.7465683456076,1,2410.251356736322,0,0,0.0,0,0.0
587,55,22237.24506289573,Mortgage,1,1261.8015347083901,1,3356.3017179295084,0,0,0.0,1,2.317933417943473
588,41,40220.759576145894,Mortgage,1,1176.306999624842,1,4322.578209116531,1,0,0.0,1,4506.348376148936
589,28,525.5206015037594,Rent,0,0.0,0,0.0,0,0,0.0,0,0.0
590,90,119168.97716413325,Own,1,8018.787128190549,1,76359.76248064007,1,1,9723.237951656292,1,0.0
591,74,33024.476498932054,Own,1,8002.695388365865,1,96758.46639356414,0,1,8.001723672130433,1,23.8720590903569
592,38,525.5206015037594,Rent,0,0.0,0,0.0,0,0,0.0,0,0.0
593,64,56486.742054936665,Mortgage,1,2337.8790508290035,1,2629.9502917405616,1,0,0.0,1,3.0101906607882962
594,28,525.5206015037594,Rent,0,0.0,0,0.0,0,0,0.0,0,0.0
595,73,81454.53093459364,Own,1,4237.961160339957,1,82093.30996604534,1,1,21587.486479665622,1,23.860630810433555
596,36,16067.68167110642,Rent,1,575.6765605091539,1,1265.9848526269166,0,0,0.0,0,0.0
597,76,107934.11960812633,Own,1,7853.488320273594,1,77344.53908926359,1,1,7687.638670161553,1,6038.206431412743
598,49,27105.824298817308,Mortgage,1,1687.7544461083187,1,4284.083919536801,0,0,0.0,1,2457.88324925383
599,38,29154.10276404775,Rent,1,809.9074956610564,1,1049.1569672951202,0,0,0.0,0,0.0
600,38,15886.291653300388,Rent,1,644.666656947834,1,3605.745832747133,0,0,0.0,0,0.0
601,76,100912.86486007196,Own,1,2836.6293131777898,1,37359.13703434114,0,0,0.0,1,5981.326571425155
602,27,13608.281650694282,Rent,1,396.22031810530734,0,0.0,0,0,0.0,0,0.0
603,89,248835.07166042004,Own,1,6447.540332818848,1,96758.46639356414,1,1,12299.106145058078,1,9.638136445831636
604,63,38131.0801612053,Mortgage,1,2166.22838936218,1,3789.6576496616076,0,0,0.0,1,2400.6355869269614
605,77,37253.35492562911,Own,1,1820.1420500939714,1,4181.87693535701,0,0,0.0,1,0.0
606,39,24518.17105823083,Rent,1,202.15304014258265,1,2146.187221411605,0,0,0.0,0,0.0
607,29,525.5206015037594,Rent,0,0.0,0,0.0,0,0,0.0,0,0.0
608,91,966928.9374762583,Own,1,7693.519904476376,1,96085.68219889965,1,1,7621.858200615284,1,25.489239798346098
609,45,13166.026836201516,Mortgage,1,519.9857430730383,0,0.0,0,0,0.0,1,0.0
610,88,107849.20826312235,Own,1,5615.304297928467,1,96758.46639356414,1,1,3848.458075724614,1,0.0
611,44,15277.993568245529,Rent,1,1020.2668463221183,0,0.0,0,0,0.0,0,0.0
612,80,59288.11710629273,Own,1,2834.5043158271255,1,45248.623620885184,0,0,0.0,1,4.434641047391076
613,35,525.5206015037594,Rent,0,0.0,0,0.0,0,0,0.0,0,0.0
614,36,2317.609896273121,Rent,0,0.0,0,0.0,0,0,0.0,0,0.0
615,37,36711.50345087323,Mortgage,1,909.2476001703112,1,2330.7591561000672,0,0,0.0,1,13.847167736344751
616,90,196245.37145218544,Own,1,9241.255224656308,1,96047.6764607546,1,1,10270.05790164952,1,19.106023809341263
617,42,22697.603453190277,Mortgage,1,862.1473200155777,1,2988.128786483924,0,0,0.0,1,11.555771579185931
618,67,42842.76285603983,Own,1,2087.1268512840443,1,42057.34907240049,0,0,0.0,1,0.0
619,28,15092.92964865822,Rent,1,776.8943862451068,1,2822.964401721087,0,0,0.0,0,0.0
620,76,129007.93425162211,Own,1,4434.457957905974,1,42851.68917573985,0,0,0.0,1,0.7603077504760447
621,41,12688.506527470403,Rent,0,0.0,0,0.0,0,0,0.0,0,0.0
622,34,32245.806837797565,Rent,1,213.13167805016212,1,1252.6268399022574,0,0,0.0,0,0.0
623,74,33341.72180872627,Own,1,882.911984416375,1,3230.843358067092,0,0,0.0,1,1.240134681300424
624,78,828604.7930579796,Own,1,7762.156677807892,1,92980.2752515693,1,1,4811.7683959884325,1,17240.78000074451
625,42,29220.151006378528,Rent,1,911.1010306581602,1,4049.6623612994135,0,0,0.0,0,0.0
626,61,42948.21730557778,Mortgage,1,2728.149823945898,1,9430.798139703147,1,0,0.0,1,25.23912727645619
627,29,26942.824401725436,Rent,0,0.0,0,0.0,0,0,0.0,0,0.0
628,64,36462.011569595146,Mortgage,1,3836.2987822569917,1,3535.506662089427,0,0,0.0,1,0.0
629,63,45582.63856623159,Rent,1,2044.040999477685,1,2575.0143665324917,0,0,0.0,0,0.0
630,52,39462.980652853876,Mortgage,1,1720.8970475980611,1,4815.550267850533,0,0,0.0,1,0.0
631,26,525.5206015037594,Rent,0,0.0,0,0.0,0,0,0.0,0,0.0
632,60,39194.17411260015,Mortgage,1,2056.255068791845,1,4188.675639151686,1,0,0.0,1,2129.3155483803926
633,88,126795.74233448211,Own,1,4346.44191133516,1,95118.5875480774,0,1,4393.588302040933,1,0.0
634,28,28125.034765785695,Rent,1,432.4281557692454,1,2368.0874648520703,0,0,0.0,0,0.0
635,33,525.5206015037594,Rent,0,0.0,0,0.0,0,0,0.0,0,0.0
636,35,13670.465562070056,Rent,1,343.1470213768075,1,1837.7053140839184,0,0,0.0,0,0.0
637,73,525.5206015037594,Rent,0,0.0,0,0.0,0,0,0.0,1,0.7002879417146651
638,64,29878.405231284454,Mortgage,1,2147.66071307765,1,3883.218460188118,0,0,0.0,1,7.646850283663492
639,44,7791.220355151645,Rent,0,0.0,1,2360.854323296314,0,0,0.0,0,0.0
640,64,41487.78961080436,Mortgage,1,2231.5294988382993,1,8587.955754056255,1,0,0.0,1,0.0
641,48,24197.59136057074,Own,1,2069.145480894805,1,2718.9101776047673,0,0,0.0,1,14.357883889029138
642,27,20844.004598143438,Rent,1,1204.5661526109482,1,2454.7077786401323,0,0,0.0,0,0.0
643,59,67776.24459840225,Mortgage,1,2079.2475359039063,1,1923.005047440893,1,0,0.0,1,0.0
644,74,123379.81086372962,Own,1,5240.684290287897,1,96758.46639356414,1,1,16343.336190266848,1,0.0
645,35,4960.463296070824,Rent,0,0.0,0,0.0,0,0,0.0,0,0.0
646,87,97984.33352305212,Own,1,27179.37147412134,1,95536.2236518583,1,1,4804.205924749322,1,0.0
647,57,54647.41914610761,Mortgage,1,2018.7560748372903,1,1993.1917728732471,1,0,0.0,1,5.122911058088997
648,60,46843.906638221735,Mortgage,1,989.657248416774,1,2621.3353874895083,1,0,0.0,1,0.0
649,41,23555.962105244347,Mortgage,1,1309.8976168381016,1,2884.89037187481,0,0,0.0,1,5.614184416512698
650,37,19341.417168929358,Rent,1,978.606836404964,1,2413.2607837863375,0,0,0.0,0,0.0
651,39,40173.50895114987,Rent,1,1659.7556426020433,1,1681.519432341848,0,0,0.0,1,0.0
652,78,116583.22117298476,Own,1,8113.055721259967,1,94267.55193982396,1,1,14068.776891558882,1,17.326219899569203
653,46,33793.536718808915,Rent,1,1093.6949834916775,1,3686.2179152834533,0,0,0.0,0,0.0
654,66,70790.50245708905,Mortgage,1,1186.6583695400816,1,3184.395144218078,1,0,0.0,1,5.52900598391775
655,64,32101.45944643182,Own,1,1880.7538339106845,1,2035.4901576753841,0,0,0.0,1,0.0
656,26,4697.262980558877,Rent,0,0.0,0,0.0,0,0,0.0,0,0.0
657,30,27827.39460611287,Rent,0,0.0,0,0.0,0,0,0.0,0,0.0
658,56,69235.7028434633,Mortgage,1,1037.9096673266831,1,8962.95893059765,1,0,0.0,1,0.0
659,54,65917.58710563293,Mortgage,1,2384.774318211832,1,8314.886431075427,1,0,0.0,1,2485.174319739611
660,91,81900.65941417743,Own,1,6618.368350222171,1,94133.53365392628,1,1,17291.699725102673,1,13.272482652871638
661,76,224006.90373150355,Own,1,9058.956135523407,1,95088.5425701998,1,1,10709.36329574206,1,0.0
662,28,27342.051644447998,Rent,1,363.67032225272663,1,2344.1145707052765,0,0,0.0,0,0.0
663,78,40051.30096441605,Own,1,2366.862509679993,1,2603.893820756147,0,0,0.0,0,0.0
664,91,193528.9790252708,Own,1,27552.826767316503,1,95047.25328608537,1,1,7434.994332659795,1,12.4655053143805
665,36,525.5206015037594,Rent,0,0.0,0,0.0,0,0,0.0,0,0.0
666,54,27081.08707251621,Mortgage,1,990.4243706338266,0,0.0,0,0,0.0,1,7.536885379748906
667,30,525.5206015037594,Rent,0,0.0,0,0.0,0,0,0.0,0,0.0
668,69,29438.207858151025,Own,1,4338.957919046339,1,36530.10367478628,0,0,0.0,1,0.0
669,31,18854.385696010395,Rent,1,948.5079317528292,1,2478.4763410387004,0,0,0.0,0,0.0
670,27,525.5206015037594,Rent,0,0.0,0,0.0,0,0,0.0,0,0.0
671,54,19443.60772803196,Mortgage,1,875.6652461023938,1,3844.898911385536,0,0,0.0,1,4296.01154542046
672,43,34482.74259018532,Mortgage,1,1457.900533284578,1,3773.8174901819766,0,0,0.0,1,2397.7350304452393
673,41,60689.79847103558,Mortgage,1,919.4620082501131,1,4603.961075305936,0,0,0.0,1,0.0
674,70,79266.75208031853,Own,1,2110.0499488223495,1,39138.44340008491,0,0,0.0,1,0.0
675,63,42338.87730194628,Own,1,1981.2209922380807,1,9283.723151472195,0,0,0.0,1,0.0
676,52,39507.789567582135,Mortgage,1,2089.5515142158,1,2238.2834053269185,0,0,0.0,1,0.0
677,52,47217.09680272795,Mortgage,1,1542.7439520167068,1,4586.698709837981,1,0,0.0,1,0.0
678,41,22704.951352243676,Rent,1,995.0839543460291,1,4529.889931374206,0,0,0.0,0,0.0
679,58,48098.519480844865,Own,1,1804.1536378982898,1,7964.572946212029,0,0,0.0,1,6798.70838855259
680,48,20711.177661224396,Rent,1,356.02300754502016,1,2315.9814435377034,0,0,0.0,0,0.0
681,42,35435.82149083361,Mortgage,1,1168.1305291331519,1,2996.4475511021274,0,0,0.0,1,0.0
682,44,11865.160284291807,Rent,1,785.2514482142866,1,3251.5565779772287,0,0,0.0,0,0.0
683,78,47804.89537783766,Own,1,3326.1882477279605,1,94847.29321154367,1,0,0.0,1,0.0
684,41,28675.756984966964,Mortgage,1,776.5751078417694,1,3598.9108012645765,0,0,0.0,1,7.394583570056828
685,26,525.5206015037594,Rent,0,0.0,0,0.0,0,0,0.0,0,0.0
686,29,525.5206015037594,Rent,0,0.0,0,0.0,0,0,0.0,0,0.0
687,34,16456.748609917926,Rent,1,699.3217175173778,1,3087.1379224730777,0,0,0.0,0,0.0
688,64,22466.65597077252,Mortgage,1,1125.3115835307249,1,3552.8938292597977,0,0,0.0,1,3060.0374030209305
689,73,69929.21140177676,Mortgage,1,563.9269143136187,1,3204.440762390679,0,0,0.0,1,0.0
690,75,37175.24673295224,Own,1,1973.5642041485585,1,8495.704376734233,0,0,0.0,1,5.072535612702344
691,44,14865.842227363812,Rent,1,615.3492367215654,1,1204.7145742472335,0,0,0.0,0,0.0
692,28,525.5206015037594,Rent,0,0.0,0,0.0,0,0,0.0,0,0.0
693,76,72229.74570118975,Own,1,6890.73065581407,1,50415.335953593996,1,0,0.0,1,16.07424152108063
694,30,525.5206015037594,Rent,0,0.0,0,0.0,0,0,0.0,0,0.0
695,81,70207.57488682486,Own,1,7447.583791238874,1,36147.19237311797,0,1,4004.855358538895,1,0.0
696,44,14825.037712544694,Mortgage,1,1790.2968359622741,0,0.0,0,0,0.0,1,0.0
697,32,7517.424152013975,Rent,1,545.2532058764339,0,0.0,0,0,0.0,0,0.0
698,58,29204.599749192454,Mortgage,1,1603.7669086347478,1,5488.856464040149,0,0,0.0,1,0.0
699,76,41180.57747057742,Own,1,1769.450350180279,1,37429.512527514424,0,0,0.0,1,5354.653898788544
700,65,51933.62641581021,Own,1,3634.6860508592013,1,46476.17295887169,0,0,0.0,1,21.390191934892705
701,47,19558.981299575178,Rent,1,1564.9164999643194,1,3205.8407119221242,0,0,0.0,0,0.0
702,74,50666.55858294319,Own,1,2705.554173595216,1,36828.610034952195,0,0,0.0,1,3884.771774745076
703,38,30350.487111102004,Rent,1,703.7335014117735,1,2686.825747606144,0,0,0.0,0,0.0
704,28,12748.081523266917,Rent,1,512.101120224742,1,810.0351223472487,0,0,0.0,0,0.0
705,58,25993.58769144288,Mortgage,1,2415.6461429253177,1,4269.476142380214,0,0,0.0,1,0.0
706,75,51415.7068095673,Own,1,5388.955938777064,1,45640.867723821335,0,1,4227.577497669184,1,37.8080164197229
707,63,21190.073015153404,Rent,1,915.5982933364927,1,3714.0156781121473,0,0,0.0,0,0.0
708,79,94753.4060387312,Own,1,6393.070570669637,1,96758.46639356414,1,1,7619.244986908907,1,20.086941490667787
709,41,39324.14895067058,Mortgage,1,1612.779933462025,1,5225.565522166001,0,0,0.0,1,19.58373472114663
710,54,19486.915065021785,Mortgage,1,2803.922171360469,1,4673.207166536462,1,0,0.0,1,16.739552844320844
711,35,17797.911614433695,Rent,1,526.3214209586545,1,30.99144252881206,0,0,0.0,0,0.0
712,75,36063.04893071944,Rent,1,632.1572617268077,1,45046.07611466928,0,0,0.0,0,0.0
713,45,27212.632193363956,Mortgage,1,1440.5531127724012,1,2371.127977366652,0,0,0.0,0,0.0
714,78,233149.1921043545,Own,1,3873.822056394669,1,96758.46639356414,1,1,17.51150618251706,1,5.131186898960419
715,26,7242.688337664073,Rent,0,0.0,0,0.0,0,0,0.0,0,0.0
716,77,55357.77316952538,Own,1,8320.613898996779,1,76048.7159183792,1,1,9044.593827176717,1,13.908037795014787
717,31,33987.427287060564,Rent,1,1294.786123208106,1,1530.4041140928753,0,0,0.0,0,0.0
718,86,108902.84657008154,Own,1,42944.67426873315,1,96160.64295015695,1,1,5861.848417447146,1,5.208198627052584
719,62,56123.90554596259,Own,1,5467.582903083736,1,45943.37232616274,1,0,0.0,1,0.0
720,61,39490.73025526663,Mortgage,1,1958.7983119429587,1,2694.9302248502654,1,0,0.0,1,0.0
721,90,144582.96854946244,Own,1,10140.33387389603,1,96758.46639356414,1,1,20684.0968227087,1,0.0
722,55,23367.684209825416,Mortgage,1,1156.352446704003,0,0.0,1,0,0.0,1,14.210425636231644
723,64,72564.75472055742,Mortgage,1,2500.823535240437,1,8671.21469247006,1,0,0.0,1,0.0
724,76,53868.45731244843,Own,1,2157.011334739872,1,38480.454937438495,0,0,0.0,1,0.0
725,79,20017.904302123196,Own,1,869.17330019234,1,44556.817012441956,0,1,31112.736185828566,1,0.0
726,33,1453.5659575887894,Rent,0,0.0,0,0.0,0,0,0.0,0,0.0
727,65,69917.27569110383,Mortgage,1,2128.5037754077725,1,9013.836770592718,1,0,0.0,1,15.43037999990786
728,65,32457.496096207506,Mortgage,1,979.4667367178401,1,2948.6914485205757,1,0,0.0,1,3.6194547015386695
729,68,43622.34407607987,Mortgage,1,2594.265195515561,1,42617.74128546758,0,0,0.0,1,3828.227922108267
730,44,42124.53833270322,Mortgage,1,982.9457380000048,1,3750.2355785240516,0,0,0.0,1,2679.8930437034164
731,74,47603.622681597444,Own,1,1509.867014404807,1,37400.93824296211,0,0,0.0,1,0.0
732,29,18076.844714552342,Rent,1,685.5719564333302,1,1676.1885970596297,0,0,0.0,0,0.0
733,36,18408.9376677903,Rent,0,0.0,0,0.0,0,0,0.0,1,0.0
734,31,525.5206015037594,Rent,0,0.0,0,0.0,0,0,0.0,0,0.0
735,37,11705.787588455565,Rent,0,0.0,1,1863.6920726951346,0,0,0.0,0,0.0
736,64,41877.24831805767,Own,1,1915.2578899329185,1,37746.461747640475,0,0,0.0,1,4546.669268965166
737,26,525.5206015037594,Rent,0,0.0,0,0.0,0,0,0.0,0,0.0
738,61,36357.82614804036,Own,1,2580.097842823023,1,2472.1800859549476,0,0,0.0,1,15.17341191181547
739,91,242348.11978543113,Own,1,28752.517872319648,1,94633.45566738138,1,1,4898.48943450176,1,6224.478421830988
740,33,17250.550079612756,Mortgage,1,909.3322921357096,1,2339.519876931209,0,0,0.0,1,15.28884514854952
741,76,40087.11217068393,Own,1,2191.444799409871,1,9056.887949670781,1,0,0.0,1,4343.496181480268
742,60,74451.80832182069,Mortgage,1,1283.3324065915094,1,4440.554536776792,1,0,0.0,1,0.0
743,90,117780.59909357633,Own,1,6883.369777573194,1,93946.11593658099,1,1,4440.14839261068,1,9.91951403420887
744,38,19118.712760999806,Rent,0,0.0,0,0.0,0,0,0.0,0,0.0
745,52,46317.958975444766,Mortgage,1,2243.091080390545,1,3422.701925682104,0,0,0.0,1,0.0
746,90,112857.05915303921,Own,1,2857.331648503748,1,94872.76204359718,1,1,4949.6254876488465,1,10173.992144014097
747,34,10219.137980512784,Rent,1,208.8186417293274,1,1461.5280134657528,0,0,0.0,0,0.0
748,77,124901.71479983297,Own,1,7710.542359731574,1,44131.41850142047,0,1,6493.0661507684,1,6381.500503233609
749,68,116866.78295008314,Own,1,2721.2018890357976,1,37414.22620007187,0,0,0.0,1,0.0
750,91,108987.91336915681,Own,1,35243.02261803624,1,96758.46639356414,1,1,20691.271793077405,1,0.0
751,38,15339.487144127766,Mortgage,1,1094.0243390826804,1,4169.625399627017,0,0,0.0,0,0.0
752,29,525.5206015037594,Rent,0,0.0,0,0.0,0,0,0.0,0,0.0
753,46,36308.24615220775,Mortgage,1,1113.0016486561744,1,3062.3298823725545,0,0,0.0,1,10.05260833889174
754,69,67141.13821765408,Own,1,3752.4505808696917,1,38898.96853857144,0,0,0.0,1,0.0
755,29,22151.09351619776,Rent,1,162.0538122387817,1,1093.4095735519902,0,0,0.0,0,0.0
756,63,44600.68565579638,Mortgage,1,2462.5312349780943,1,2979.423292935244,0,0,0.0,1,5.0967789053065085
757,74,48214.40868719658,Mortgage,1,2762.467285631177,1,8746.217652545929,0,0,0.0,1,12.463084289248675
758,45,46058.88721859386,Mortgage,1,348.2564805937868,0,0.0,1,0,0.0,1,0.16400427928347192
759,58,53443.99596749143,Mortgage,1,1602.1379504573351,1,9603.328635633414,1,0,0.0,1,0.0
760,63,40942.99224384112,Mortgage,1,830.7632894993428,1,8838.946751135194,1,0,0.0,1,0.0
761,87,228518.86729416143,Own,1,33775.61105134375,1,88095.21418322543,1,1,5212.20822792577,1,19050.74976383658
762,65,54225.055933323165,Mortgage,1,4799.530752482595,1,9602.347946047823,1,0,0.0,1,13.28696174486143
763,55,38867.25660586274,Mortgage,1,2424.310204247401,0,0.0,0,0,0.0,1,0.9755921913022519
764,78,93735.79672050022,Own,1,34241.06203899845,1,96541.68621797828,1,1,11793.701281126934,1,0.0
765,89,230492.3380010982,Own,1,8281.951829729014,1,95020.26709627813,1,1,7623.546841766114,1,12.440094563007225
766,37,10525.43555615669,Rent,1,651.5188638176104,1,2296.484752823526,0,0,0.0,0,0.0
767,68,128132.46290855066,Own,1,8436.31451250609,1,8167.294987634013,1,0,0.0,1,24.51761572962238
768,51,31424.80008172191,Mortgage,1,1540.4182198487447,1,4578.301403838892,0,0,0.0,1,2595.1363597465925
769,64,56729.52730390402,Mortgage,1,823.5805301878289,0,0.0,1,0,0.0,1,0.0
770,80,91309.23697787173,Own,1,28274.44605314839,1,95037.90817199851,1,1,17548.971915988208,1,10061.206745860549
771,76,40606.58164152239,Mortgage,1,927.1537098665398,1,2294.6978214473206,1,0,0.0,1,0.0
772,50,26978.976204441875,Mortgage,1,1370.817792052329,1,5482.060703248036,0,0,0.0,1,0.0
773,42,28323.51384501165,Rent,1,1139.8948698836853,1,1678.3010291176881,0,0,0.0,0,0.0
774,66,102813.57638500622,Own,1,13175.023778073364,1,84376.15965225492,1,1,5139.957219353803,1,0.0
775,64,42235.151359559924,Mortgage,1,1088.2892815540154,1,8459.909096222817,1,0,0.0,1,27.088712379585314
776,45,38469.291938194045,Rent,1,258.45313510681217,1,1605.2739153450016,0,0,0.0,0,0.0
777,70,127408.20374156022,Own,1,2510.365672658324,1,37674.023799441246,0,0,0.0,1,0.0
778,66,95887.57700365638,Own,1,4814.598677180711,1,96286.61866385145,1,1,4348.269654582675,1,8.4705845603706
779,61,59149.90844089068,Own,1,1934.807670285582,1,3057.3749696832797,0,0,0.0,1,0.0
780,79,97204.99653281683,Own,1,31716.36350626305,1,96758.46639356414,1,1,9418.590473977369,1,19.80093611975983
781,66,34514.1780279354,Own,1,2178.858845004023,1,79081.73577796713,0,0,0.0,1,17.59316144975345
782,59,58747.330168649496,Mortgage,1,1621.55798135344,1,7679.142521602511,1,0,0.0,1,0.0
783,63,74861.23513687069,Mortgage,1,980.0439142905525,1,9697.763947084948,1,0,0.0,1,0.0
784,58,61519.51941086292,Mortgage,1,1690.6539295068567,1,3432.5603404846406,0,0,0.0,1,10.908769133348756
785,30,8098.366949084975,Rent,1,424.386353149085,1,592.8357391990726,0,0,0.0,0,0.0
786,56,36017.251508191155,Mortgage,1,1737.2234490138771,1,4943.24328634618,0,0,0.0,1,0.0
787,29,15946.566144610757,Rent,1,575.089512611866,1,1574.481555440142,0,0,0.0,0,0.0
788,36,8830.992496582821,Rent,1,395.927577281218,1,1975.3471527420693,0,0,0.0,0,0.0
789,40,45819.508792890934,Rent,1,502.201036916071,1,2486.1213190155454,0,0,0.0,0,0.0
790,62,79575.31563409608,Mortgage,1,7258.189139942271,1,8133.05702283878,1,0,0.0,1,0.0
791,28,525.5206015037594,Rent,0,0.0,0,0.0,0,0,0.0,0,0.0
792,35,46929.16033412828,Rent,1,1573.7142549901757,1,36597.943465945216,0,0,0.0,1,0.0
793,44,38539.80882466308,Mortgage,1,550.4066382759536,1,3561.0820901081197,0,0,0.0,1,4.030931602280508
794,78,122371.72465795682,Mortgage,1,12081.739892203334,1,8053.719285941585,1,0,0.0,1,4593.029991017934
795,63,45207.03649330505,Mortgage,1,2645.4650075019053,1,2771.081105920962,1,0,0.0,1,0.0
796,31,525.5206015037594,Rent,0,0.0,0,0.0,0,0,0.0,0,0.0
797,30,10217.478271708973,Rent,0,0.0,0,0.0,0,0,0.0,0,0.0
798,62,41536.23271794252,Mortgage,1,1586.3007160514621,1,2713.362801712131,1,0,0.0,1,0.0
799,65,43870.66694927373,Mortgage,1,1932.9222681806095,1,9279.444330485037,0,0,0.0,1,8573.85847116686
800,37,40028.203307915544,Mortgage,1,1552.7826631474857,1,3724.7228732474723,0,0,0.0,1,3.2261617721265874
801,72,45770.32570248341,Own,1,1576.2551742343708,1,38005.48858402276,0,0,0.0,1,0.0
802,64,51940.31482018174,Mortgage,1,1904.0789862887284,1,8131.9896567819505,1,0,0.0,1,0.0
803,69,81399.37376101081,Own,1,2051.4544451823363,1,37662.206236705475,0,0,0.0,1,0.0
804,42,13487.9675708766,Mortgage,1,1163.4290039294704,0,0.0,0,0,0.0,0,0.0
805,29,5670.423771873815,Rent,1,119.32700936697347,1,1972.7042099838106,0,0,0.0,0,0.0
806,69,17063.324652118332,Mortgage,1,1269.45529347394,0,0.0,0,0,0.0,1,3.394109627197721
807,31,4926.370159452885,Rent,0,0.0,0,0.0,0,0,0.0,0,0.0
808,40,3542.341426996054,Rent,0,0.0,0,0.0,0,0,0.0,0,0.0
809,58,17124.908826970535,Mortgage,1,1710.9021303502864,0,0.0,1,0,0.0,1,2384.9983332936345
810,30,17252.23080640384,Rent,1,93.34790135782976,0,0.0,0,0,0.0,0,0.0
811,62,38152.81305639078,Mortgage,1,1453.1798284730262,1,3151.937504706999,0,0,0.0,1,4153.451482085632
812,37,2868.9723618746793,Rent,0,0.0,1,131.7986611148176,0,0,0.0,0,0.0
813,50,27284.966001551846,Mortgage,1,853.468037385005,1,3508.3035697160167,1,0,0.0,1,2231.823983598417
814,54,33692.050301181065,Mortgage,1,1354.2043217831447,1,4552.417696301778,0,0,0.0,1,15.551866800722559
815,40,11625.509482919852,Rent,1,352.6128399560223,1,1309.181784395018,0,0,0.0,0,0.0
816,53,47403.86457239842,Mortgage,1,897.102247047685,1,4581.40553579168,0,0,0.0,1,0.0
817,91,242094.41926709394,Own,1,29894.393364383122,1,96758.46639356414,1,1,6687.736898314252,1,3.4203326435164847
818,42,43858.09791805422,Rent,1,1197.211903797901,1,4314.622905314795,0,0,0.0,0,0.0
819,79,69861.38604569604,Own,1,4478.955652209363,1,8960.458383945917,1,0,0.0,1,10.042051147415332
820,36,34768.356555907,Mortgage,1,1457.6035960949505,1,3398.326323020607,0,0,0.0,0,0.0
821,72,32650.39335064437,Mortgage,1,859.5743033405419,1,1973.8012946617057,0,0,0.0,1,2729.1171559417644
822,32,8866.86497112059,Rent,1,48.13442683411154,1,791.6559793756585,0,0,0.0,0,0.0
823,36,14365.650680596862,Rent,1,831.3437473296237,1,938.4201143204025,0,0,0.0,1,1.1489023717338605
824,34,11294.10837607542,Rent,1,559.3875402205549,0,0.0,0,0,0.0,0,0.0
825,38,23152.879841868882,Rent,1,1565.929451959918,1,1661.0052772916663,0,0,0.0,0,0.0
826,47,22540.309168063915,Mortgage,1,2415.3846664978855,0,0.0,0,0,0.0,1,6021.574170993973
827,43,22863.671314456584,Mortgage,1,726.9078857682742,0,0.0,1,0,0.0,1,0.0
828,49,23550.93245585673,Mortgage,1,1877.005480869848,1,2364.8617501059193,0,0,0.0,1,12.620218632564761
829,76,115244.50697168236,Own,1,4730.9406764803825,1,78795.12950294123,1,1,10600.657990817603,1,10215.420783876787
830,75,70445.49535778008,Own,1,2261.296096934492,1,9977.110897263481,1,1,10630.353608108191,1,6834.779356678446
831,26,525.5206015037594,Rent,0,0.0,0,0.0,0,0,0.0,0,0.0
832,29,18874.43359043038,Rent,1,866.2617811607922,1,2858.663390679431,0,0,0.0,0,0.0
833,77,141918.83877335876,Own,1,5919.106388957691,1,42455.92662478684,0,1,6600.2041807910055,1,10076.3415102632
834,58,41165.31386086055,Mortgage,1,1977.9407782668811,1,9138.141767641679,0,0,0.0,1,4.692245430550162
835,43,17852.95301668248,Mortgage,1,968.4952060349925,1,3877.9521410401994,0,0,0.0,1,0.0
836,58,68007.68145883235,Mortgage,1,1668.7572103332639,1,2885.0894843919286,0,0,0.0,1,0.0
837,27,25435.05061416664,Rent,1,835.7367436226754,1,657.0744035383486,0,0,0.0,0,0.0
838,70,123135.3508733123,Own,1,2350.6919868711952,1,36418.02986586559,0,0,0.0,1,2.189841238542013
839,75,509030.8770057118,Own,1,36064.34308262342,1,81583.09542776935,1,1,4406.764213333779,1,2.827889370738969
840,67,45226.97841993266,Own,1,2071.5362401334837,1,36717.62086749376,0,0,0.0,1,0.0
841,31,3490.7452731119047,Rent,0,0.0,0,0.0,0,0,0.0,0,0.0
842,46,18608.119288377766,Rent,1,644.5074610242151,0,0.0,0,0,0.0,0,0.0
843,76,202609.6075698812,Own,1,9490.32444551815,1,94535.58578984713,1,1,4118.900928537761,1,11078.147161155634
844,71,17879.56377748918,Rent,0,0.0,0,0.0,0,0,0.0,0,0.0
845,76,122546.43453333763,Own,1,2961.571304237569,1,37597.862474355235,0,0,0.0,1,10.891474523298298
846,30,21934.704480291097,Mortgage,1,523.7520631745214,0,0.0,0,0,0.0,0,0.0
847,64,116751.80806325303,Own,1,2587.0390223272793,1,44483.27389539769,0,0,0.0,1,24.727491975272624
848,48,38361.19165614557,Rent,1,1862.8435404184754,1,2575.970060630246,0,0,0.0,0,0.0
849,64,111547.83610473166,Own,1,6289.456427436014,1,96534.68485216571,1,1,12150.336680256438,1,0.0
850,47,54817.04436940624,Mortgage,1,1366.4724850894684,1,9837.7580176415,1,0,0.0,1,4.5100948287896445
851,38,1706.1343805954348,Rent,1,305.9505554543308,1,1954.4102416449762,0,0,0.0,0,0.0
852,49,7122.983727541843,Rent,1,189.39266088975853,0,0.0,0,0,0.0,1,0.0
853,29,7084.193696310462,Rent,1,188.63914730883482,1,2069.3515260620197,0,0,0.0,0,0.0
854,71,49478.66837477645,Own,1,2549.681290242106,1,9687.675273670831,0,0,0.0,1,0.0
855,58,79620.20762815338,Mortgage,1,1928.5337348828793,1,8650.37790744503,1,0,0.0,1,0.0
856,74,109611.85078702746,Own,1,4734.59195819603,1,48938.131825350814,0,1,3734.2925921626615,1,4021.990610524658
857,62,54880.21158258416,Own,1,4952.189464895682,1,38544.28578132362,0,0,0.0,1,0.9304124255480433
858,28,525.5206015037594,Rent,0,0.0,0,0.0,0,0,0.0,0,0.0
859,86,82354.5119411639,Own,1,7517.314429255035,1,46323.36832641448,0,1,13373.08646315874,1,16.550863071701787
860,63,37366.105112367404,Own,1,685.3480714663101,1,8369.289509367614,0,0,0.0,1,5.788174321276965
861,64,29830.97334573687,Mortgage,1,1215.3373572696107,1,2836.092768277042,0,0,0.0,1,0.11683233675425186
862,88,114509.076595147,Own,1,6500.448457740814,1,96758.46639356414,1,1,17242.20307692186,1,6545.136301915845
863,75,220286.3189991296,Own,1,3606.6742936007026,1,96758.46639356414,1,1,4978.061997723643,1,17.708389430014368
864,57,88475.09016948164,Mortgage,1,2204.9338038025003,1,2646.49047197033,0,0,0.0,1,0.0
865,30,10231.343053966131,Rent,1,589.8879956820704,1,924.4171241904071,0,0,0.0,0,0.0
866,72,71991.5850965114,Own,1,1744.7820199305943,1,44997.3790832852,0,0,0.0,1,0.0
867,70,69208.69193984527,Own,1,2826.897728847278,1,8757.285574790332,0,0,0.0,1,36.12940294995197
868,31,14017.762532886594,Rent,1,0.0,1,2082.5591410092425,0,0,0.0,0,0.0
869,59,48038.05487398738,Own,1,1903.8824092563416,1,9039.290666147599,0,0,0.0,1,2.209923581935433
870,61,29542.74824828595,Mortgage,1,1981.8899357464174,1,3122.866065550556,1,0,0.0,1,0.0
871,30,525.5206015037594,Rent,0,0.0,0,0.0,0,0,0.0,0,0.0
872,44,52009.4820839447,Mortgage,1,1514.68805679237,1,5367.832105413447,0,0,0.0,1,2621.2598416632222
873,65,63281.470068351155,Own,1,1835.664413173699,1,37653.25345248952,0,0,0.0,1,9499.07213794807
874,71,16968.509283064093,Rent,1,1499.7585417601542,1,36215.08287791566,0,0,0.0,0,0.0
875,58,50622.02134311345,Mortgage,1,1806.3194526776997,1,4324.975652579,0,0,0.0,1,3.9731471491522425
876,48,29602.683845935368,Mortgage,1,1993.380859975668,1,4674.366709546083,0,0,0.0,1,3.933437781297866
877,48,64134.135236425864,Mortgage,1,1972.6768288143987,1,4062.008257049066,1,0,0.0,1,13.962341649046897
878,39,25276.765963184673,Rent,1,560.0354354181457,1,2725.3737929670547,0,0,0.0,0,0.0
879,60,79196.72293543864,Own,1,2300.710047894585,1,40709.817583020595,0,0,0.0,1,3827.832330789491
880,30,4067.319284552721,Rent,1,418.6782321499129,0,0.0,0,0,0.0,0,0.0
881,37,12448.560414394058,Rent,1,155.9550746221239,0,0.0,0,0,0.0,0,0.0
882,34,23447.298217227795,Rent,1,548.2666987145988,1,2845.757358770189,0,0,0.0,0,0.0
883,58,59260.74553214717,Mortgage,1,1681.7785084244429,1,8606.96410650708,1,0,0.0,1,0.0
884,33,18281.753180778258,Rent,0,0.0,0,0.0,0,0,0.0,0,0.0
885,35,11531.9595141923,Rent,0,0.0,1,361.2568455305625,0,0,0.0,0,0.0
886,29,6528.758033525586,Rent,0,0.0,0,0.0,0,0,0.0,0,0.0
887,40,39880.441665856466,Mortgage,1,1382.3492272398817,1,2721.8941982654737,0,0,0.0,1,2308.710415210837
888,40,53510.96991348723,Own,1,1705.2677089724382,1,2126.511332306047,0,0,0.0,0,0.0
889,30,8664.385142846699,Rent,1,235.19847309549232,1,0.0,0,0,0.0,0,0.0
890,80,568226.5383876549,Own,1,3661.395462492868,1,83433.41965438906,1,1,4665.894744902098,1,19.20625104579532
891,26,525.5206015037594,Rent,0,0.0,0,0.0,0,0,0.0,0,0.0
892,34,525.5206015037594,Rent,0,0.0,0,0.0,0,0,0.0,0,0.0
893,39,13762.82388542832,Rent,1,0.4790812933833877,1,1294.1314532280962,0,0,0.0,0,0.0
894,46,45309.3637900841,Mortgage,1,1601.412333841679,1,4380.585157498561,0,0,0.0,1,6754.456167093222
895,87,234354.30847941508,Own,1,36474.029058532586,1,96758.46639356414,1,1,14169.603256555001,1,4.7699805625537195
896,42,51664.85352013289,Mortgage,1,1401.2177416040192,1,2274.5218604502916,0,0,0.0,1,0.0
897,46,31665.836758941765,Rent,1,761.0201264517726,1,2042.1279620018388,0,0,0.0,0,0.0
898,28,6000.6094236705285,Rent,1,276.00410889945795,1,1499.0836231812934,0,0,0.0,0,0.0
899,29,1624.0766890406521,Rent,0,0.0,0,0.0,0,0,0.0,0,0.0
900,70,56449.22263935004,Own,1,883.0422793065827,1,8072.04968424265,0,0,0.0,0,0.0
901,88,975580.498753821,Own,1,7936.478866154377,1,96237.95313516822,1,1,10186.636514342592,1,0.0
902,31,7549.6671024006555,Rent,0,0.0,1,1167.3767927057324,0,0,0.0,0,0.0
903,65,45916.93527860442,Own,1,2267.350502757922,1,9111.89883802459,0,0,0.0,1,5741.026315088905
904,55,70488.53252583786,Mortgage,1,1563.8032056067063,1,10134.989782044302,0,0,0.0,1,4221.406429338039
905,70,57951.17804732297,Own,1,2187.320011933724,1,36782.56644775187,0,0,0.0,0,0.0
906,67,36214.74176305163,Own,1,1591.4985089134643,1,38083.68700731534,0,0,0.0,1,0.0
907,38,46034.3390442329,Own,1,2380.6918575754235,1,35317.15586325671,0,0,0.0,1,4742.682681312924
908,79,109225.588100117,Own,1,9139.675821529976,1,95764.6411852852,1,1,5226.148197792381,1,12.719119211326648
909,50,49323.55723353877,Mortgage,1,2733.3667705511593,1,3583.839501204397,1,0,0.0,1,4347.788994742542
910,28,525.5206015037594,Rent,0,0.0,0,0.0,0,0,0.0,0,0.0
911,68,69465.2482072268,Own,1,1558.1846113773536,1,48855.76509516006,0,0,0.0,1,13.06279364117493
912,34,100310.96813452954,Mortgage,1,1029.7434365579434,1,2654.5227996672556,0,0,0.0,1,1.6054109782252057
913,36,28070.23978269767,Rent,1,32.494040539852904,1,1370.9512695843637,0,0,0.0,0,0.0
914,28,13901.530361110195,Rent,1,256.32847386224057,1,2710.581434368501,0,0,0.0,0,0.0
915,73,43109.896818636465,Mortgage,1,1726.4166574957571,1,3195.508841582347,0,0,0.0,1,3.369251065799716
916,27,16510.017466302346,Rent,1,1000.5418301101529,1,3920.9208981408783,0,0,0.0,1,0.0
917,40,44028.08683937072,Own,1,1536.2181426384261,1,2793.985805098608,0,0,0.0,1,2458.5890993453954
918,44,19962.57247753674,Mortgage,1,2440.2067297294584,1,2451.3526177656468,0,0,0.0,1,3803.719542798875
919,74,196334.61832325632,Own,1,4271.047872458977,1,96758.46639356414,1,1,10812.591735675345,1,8.539282400049984
920,29,7792.339410037908,Rent,0,0.0,0,0.0,0,0,0.0,0,0.0
921,44,14125.568401393826,Mortgage,1,1205.1125371351343,1,3469.6297569799744,0,0,0.0,1,0.0
922,91,182857.2441196087,Own,1,5045.7635299331405,1,96758.46639356414,1,1,4593.667404914244,1,25.69184295608998
923,46,14025.38453360388,Rent,1,1376.0937465048137,1,2166.6757557218098,0,0,0.0,1,11.31242250839837
924,28,12735.153738964604,Rent,1,522.1199133951499,1,491.6498849396362,0,0,0.0,0,0.0
925,55,54615.16619877533,Mortgage,1,1993.3098754377024,1,4326.822386686964,0,0,0.0,1,0.0
926,78,221893.49304470952,Own,1,11765.634523487824,1,80385.7104510319,1,1,13551.557678595229,1,12.432983677777193
927,35,3347.0611092393083,Rent,0,0.0,0,0.0,0,0,0.0,0,0.0
928,52,22119.559160801393,Mortgage,1,989.7000543004499,1,9335.540128820378,1,0,0.0,1,11.782664087084049
929,26,525.5206015037594,Rent,0,0.0,0,0.0,0,0,0.0,0,0.0
930,78,131554.78448286475,Own,1,8729.549182154276,1,74378.18255254094,0,1,4034.279430526046,1,12.313567464213367
931,69,10205.97122834036,Mortgage,1,1512.4675289949282,1,3782.9880701043608,0,0,0.0,1,0.0
932,36,14291.03376165105,Rent,1,1241.1822789106238,1,2573.1273040925394,0,0,0.0,0,0.0
933,34,28101.050810507175,Rent,1,664.6822419214448,1,2041.5592669930004,0,0,0.0,0,0.0
934,91,968858.6352460947,Own,1,7148.711136362855,1,96758.46639356414,0,1,10527.915273495353,1,11.2044856385634
935,35,12444.509575079512,Rent,1,762.3193965796452,1,1779.5725753345496,0,0,0.0,0,0.0
936,33,10852.946974558881,Rent,1,641.5559532333475,0,0.0,0,0,0.0,0,0.0
937,45,45162.56070607696,Mortgage,1,1064.2289469112452,1,3657.7169587799835,0,0,0.0,0,0.0
938,91,119963.952659742,Own,1,6989.373653163539,1,79943.57062386912,1,1,4517.663725081282,1,9.822647997658674
939,58,36414.777682623026,Mortgage,1,1448.8054133624778,1,9604.419140704445,1,0,0.0,1,22.400462293127656
940,78,100779.88061791185,Own,1,21763.45205578836,1,96758.46639356414,1,1,7679.367775977473,1,4.366002782151453
941,41,20774.88945708681,Rent,1,647.980249025715,1,3660.076143209141,0,0,0.0,0,0.0
942,49,39500.35502725673,Mortgage,1,1442.518962267664,1,2340.0725406233546,1,0,0.0,1,0.0
943,54,54365.4953785884,Mortgage,1,1595.7606486244897,1,8635.855173018137,1,0,0.0,1,0.0
944,43,31645.39617166258,Rent,1,538.8450010772743,1,4388.965725170576,0,0,0.0,0,0.0
945,75,49372.1214629953,Own,1,2175.2506560791185,1,37699.59254802271,0,0,0.0,1,9.587414066942841
946,29,8257.307005642406,Rent,1,880.4278893061246,0,0.0,0,0,0.0,0,0.0
947,46,14387.695248842847,Mortgage,1,739.2159145472103,0,0.0,1,0,0.0,1,0.0
948,26,24929.244678013318,Rent,1,0.0,1,1602.198661604858,0,0,0.0,0,0.0
949,38,17773.459650563473,Rent,0,0.0,1,1412.4159224535335,0,0,0.0,0,0.0
950,76,122221.75178246462,Own,1,3792.3768355775865,1,46364.66869198799,0,1,7939.480671399972,1,5.761699740622233
951,61,46705.37050504594,Own,1,2620.8662104334626,1,38044.62794898556,0,0,0.0,1,10.895826961779704
952,43,40439.09403416853,Mortgage,1,1298.7138594009436,1,5987.516243101487,0,0,0.0,1,3.2245334875440275
953,55,4422.631696504524,Rent,1,1150.0628408937866,0,0.0,0,0,0.0,0,0.0
954,79,225649.6561946699,Own,1,4674.958417819579,1,47516.57253548859,0,1,11677.50144243236,1,0.0
955,76,127190.10784302352,Own,1,3709.797545958505,1,48834.34731427078,1,0,0.0,1,15.103275274322012
956,90,193930.12673121446,Own,1,8078.066279978624,1,96503.7698749287,1,1,8045.635977918211,1,14.654922045680511
957,35,10840.479994642788,Rent,1,571.0732657213086,1,1687.2154758483052,0,0,0.0,0,0.0
958,89,230513.59345653158,Own,1,6641.707210899297,1,93120.65367643314,1,1,4342.077382826321,1,33.56652857392722
959,32,20223.838840200315,Rent,1,975.3740317516596,1,2362.640220023181,0,0,0.0,0,0.0
960,90,127539.47416882249,Own,1,26891.217788381942,1,96758.46639356414,1,1,11232.20234574487,1,11.789699878482448
961,41,8467.711972490684,Rent,0,0.0,1,0.0,0,0,0.0,0,0.0
962,52,62330.13241563097,Mortgage,1,1255.3651374252631,1,4370.949399233643,0,0,0.0,1,5278.368781894188
963,30,20721.089746500053,Rent,1,658.538659342082,1,3032.7614436583713,0,0,0.0,1,9532.251353343487
964,27,525.5206015037594,Rent,0,0.0,0,0.0,0,0,0.0,0,0.0
965,28,9695.350026153808,Rent,1,53.98398308304047,1,1131.3064336115344,0,0,0.0,0,0.0
966,35,9174.759537390977,Rent,1,956.5621239944816,1,2583.0066877883332,0,0,0.0,0,0.0
967,42,8636.294368088864,Mortgage,1,186.606865209842,0,0.0,0,0,0.0,1,18.245865019288146
968,59,29953.26461434573,Mortgage,1,821.6783681305926,1,8381.590139774758,1,0,0.0,1,0.0
969,47,14278.538326265614,Mortgage,1,667.7071270054895,1,9366.256474740794,0,0,0.0,0,0.0
970,55,32557.155311151575,Own,1,1227.4478109192946,1,38112.78659763091,0,0,0.0,1,2890.314624576267
971,26,15910.282193233703,Rent,1,253.49267641830636,1,1085.5578266529228,0,0,0.0,0,0.0
972,73,117932.59374062695,Own,1,5338.211624049898,1,80219.7145966485,0,1,4949.203248097661,1,36.31317257472248
973,88,126818.91547427754,Own,1,23896.91511631301,1,96758.46639356414,1,1,11205.024233227923,1,0.3572600384676401
974,77,220487.41518374108,Own,1,5691.171085675698,1,96189.3219612984,1,1,18867.996270431962,1,4.144269721112017
975,43,13852.358729358972,Rent,1,635.9948675632949,1,2625.983722083719,0,0,0.0,0,0.0
976,35,14936.2222816811,Rent,1,196.68823237433298,0,0.0,0,0,0.0,0,0.0
977,78,139360.59275934688,Own,1,4416.570083184072,1,96758.46639356414,1,1,4783.199171160061,1,9.200167192228246
978,41,23903.419646209328,Rent,1,439.5574557479531,1,2227.3607732071364,0,0,0.0,0,0.0
979,26,525.5206015037594,Rent,0,0.0,0,0.0,0,0,0.0,0,0.0
980,59,37224.53613090883,Mortgage,1,1136.8753450184267,1,2284.663458776741,0,0,0.0,1,0.0
981,53,22185.590256863783,Mortgage,1,2103.171700145654,0,0.0,0,0,0.0,1,14.282257391817815
982,34,18788.87249472131,Rent,1,14.663683368351826,0,0.0,0,0,0.0,0,0.0
983,90,134140.12958806846,Own,1,8509.10812646555,1,83457.15873173736,1,1,11847.856381841619,1,0.8316181045579162
984,28,10880.91173223819,Rent,0,0.0,0,0.0,0,0,0.0,0,0.0
985,38,16772.45333143759,Rent,1,480.8635524701454,1,2962.426349510894,0,0,0.0,0,0.0
986,46,43598.4291141194,Mortgage,1,1700.1919416296669,1,3101.036619949765,0,0,0.0,1,21.89641247019004
987,55,42338.93772213014,Mortgage,1,2182.923213819157,1,10056.784465973378,0,0,0.0,1,0.0
988,51,19708.348838549493,Mortgage,1,967.4943063624418,0,0.0,0,0,0.0,0,0.0
989,77,67284.51461132245,Own,1,7525.6685383930735,1,8733.522031935387,0,1,10.941858003634973,1,4.807512459603532
990,46,24713.435359466348,Mortgage,1,1157.618042422744,1,3305.501263134719,0,0,0.0,0,0.0
991,89,210042.096451506,Own,1,7485.230294452758,1,95198.18728785445,1,1,10097.641801168353,1,0.0
992,31,14102.11586813915,Rent,1,394.46603044728045,1,51.62796043466324,0,0,0.0,0,0.0
993,91,854100.7045951961,Own,1,6460.196674083296,1,92167.16552768905,1,1,12979.52623863394,1,0.0
994,43,34282.179780074825,Mortgage,1,1788.7744993674864,1,3788.8387591985943,0,0,0.0,1,0.3856879661286098
995,30,8419.03395602401,Rent,0,0.0,1,691.3526580096493,0,0,0.0,0,0.0
996,83,86019.44432878718,Own,1,7596.150295800735,1,96758.46639356414,1,1,17335.46819323056,1,39.36488977215376
997,56,29627.66146829159,Mortgage,1,1263.690608445427,1,3544.372181402443,0,0,0.0,1,0.0
998,29,18023.717917743194,Rent,1,156.41880256595698,1,1950.3330219894456,0,0,0.0,0,0.0
999,69,25659.90922731202,Rent,1,1799.8503124344224,1,2624.3195001190447,0,0,0.0,0,0.0
1000,52,79261.45494331224,Own,1,2658.9954943085427,1,9735.50829440958,0,0,0.0,1,3258.8804123817654
1001,27,1680.804367087885,Rent,0,0.0,0,0.0,0,0,0.0,0,0.0
1002,78,94843.85526284145,Own,1,8620.438132411404,1,90897.52013189584,1,1,10479.103836396444,1,0.0
1003,91,221417.45285954553,Own,1,6413.260145856521,1,85491.36268373956,1,1,12966.434860197494,1,0.0
1004,60,65404.38046677353,Mortgage,1,2477.495007798302,1,10612.119415989904,0,0,0.0,1,0.0
1005,67,45916.76218294256,Own,1,2644.9518499855144,1,9098.411448040606,0,0,0.0,1,2.070406501833052
1006,42,37569.68030750583,Mortgage,1,1239.9632051699282,1,2743.415502301089,0,0,0.0,0,0.0
1007,39,31761.37025511539,Own,1,1235.558705811484,1,2210.341412380455,0,0,0.0,0,0.0
1008,76,115346.12691905393,Own,1,12166.039918801944,1,82492.32041249106,1,1,11824.868737925688,1,18.239697312583413
1009,76,121487.00057065871,Own,1,7213.345499302004,1,77549.10486585599,1,1,7704.01227656411,1,7.164559649379645
1010,77,813041.5727389193,Own,1,8471.978719396255,1,74374.62620638247,1,1,4851.2825297369345,1,0.0
1011,29,15593.461610796076,Rent,0,0.0,1,1072.415112959476,0,0,0.0,0,0.0
1012,57,44935.85846083507,Own,1,7486.466899048268,1,38498.11822075857,0,0,0.0,1,3538.4856977892705
1013,68,185803.56929152284,Own,1,3527.575413078116,1,86080.84779146985,1,1,0.0,1,11.523867714504185
1014,41,16662.57438762098,Rent,1,425.13043968348285,0,0.0,0,0,0.0,0,0.0
1015,53,107734.45568021142,Own,1,7801.417593816906,1,8790.495407809673,1,1,11173.279060096149,1,0.0
1016,58,21947.438386781618,Mortgage,1,2454.1611604740656,1,3218.2762772811025,0,0,0.0,1,2781.3422628360104
1017,86,91661.76154419748,Own,1,3988.2929015906834,1,80507.87903898142,0,1,4838.737108851581,1,3973.3303557688923
1018,71,22291.96725334073,Own,1,2064.4404251673395,1,2445.3422192564817,0,0,0.0,1,3907.9512486274366
1019,58,44308.725529547635,Mortgage,1,1616.5493926863223,1,5034.779311109697,1,0,0.0,1,0.0
1020,68,107867.65423714061,Own,1,6086.207289462243,1,41407.57088178918,0,1,4117.780597398681,1,6380.39724158768
1021,40,8695.715195318897,Rent,1,211.27670717109015,1,893.4039471245308,0,0,0.0,0,0.0
1022,91,166038.5204037541,Own,1,18927.418938517993,1,96758.46639356414,1,1,9651.471754700819,1,27.602266077854313
1023,48,58138.50896718855,Mortgage,1,694.5862076632116,1,4520.823276229809,0,0,0.0,1,1.7028715076091574
1024,35,32675.59948785135,Rent,1,1189.9874857352233,1,1371.816374384491,0,0,0.0,0,0.0
1025,87,116966.50113644417,Own,1,4340.075911216458,1,76799.20069390617,1,1,5201.284908531155,1,3.4388637986611537
1026,91,166467.25704390102,Own,1,11434.67231687301,1,93020.99296352394,1,1,4678.359146054185,1,27.835099008460087
1027,30,4813.60984529845,Rent,1,353.98280554487087,0,0.0,0,0,0.0,0,0.0
1028,70,33574.05246965916,Mortgage,1,1074.328372358912,1,9574.800759974394,0,0,0.0,1,7.923094958335888
1029,38,47445.45570409199,Rent,1,1764.9732260681035,1,4020.0588824609704,0,0,0.0,1,1.7656709771265988
1030,34,15633.574564984512,Rent,1,1055.3276724803234,1,2923.5468944707977,0,0,0.0,0,0.0
1031,65,45062.89238237818,Mortgage,1,1705.3186172886624,1,8793.940127790205,1,0,0.0,1,8.426331264764155
1032,44,21024.972962678657,Mortgage,1,1543.6942869535628,1,3757.7691132710497,0,0,0.0,1,26.021671084636363
1033,41,16351.58917265022,Rent,1,1066.0524154969112,1,3916.486345092184,0,0,0.0,0,0.0
1034,88,84769.77445735432,Own,1,31788.177228478507,1,96758.46639356414,1,1,13032.449224971719,1,0.0
1035,44,45012.30578860042,Own,1,498.8265384341473,0,0.0,1,0,0.0,1,0.0
1036,61,22427.085436265872,Rent,1,1055.9831477325658,1,2289.0159756290063,0,0,0.0,1,0.0
1037,50,52696.7750846282,Rent,1,1036.0117428045853,1,3429.006205046281,0,0,0.0,1,0.0
1038,68,70703.81450405765,Own,1,6676.394388621813,1,96758.46639356414,1,1,16882.216879854812,1,4.873629574602488
1039,48,26411.288101804887,Mortgage,1,1595.180021772681,1,3358.954650801934,0,0,0.0,1,2772.4708969712947
1040,59,17182.663893165238,Mortgage,1,1141.7448948781835,0,0.0,1,0,0.0,1,0.0
1041,35,11088.212730032457,Rent,1,60.6222787419174,1,1893.3662295794925,0,0,0.0,0,0.0
1042,69,48714.847841343544,Own,1,5188.093081020465,1,38344.05468339589,0,0,0.0,1,8.497765023042675
1043,54,32887.63371285154,Mortgage,1,1228.9048658689942,1,2150.1806287226755,0,0,0.0,0,0.0
1044,72,48871.52753167785,Mortgage,1,4563.951991614722,1,2336.131929168801,0,0,0.0,1,2444.7547060390934
1045,81,112986.8070257873,Own,1,38579.531100402775,1,96758.46639356414,1,1,4764.339331556076,1,9930.431001652389
1046,69,46386.42251942519,Own,1,3099.8019717187685,1,9009.625280343613,0,0,0.0,1,3.479449010905135
1047,62,20014.364005944957,Mortgage,1,2857.0316521362142,1,10038.44900996429,1,0,0.0,1,3958.144447020994
1048,43,40174.61488546109,Mortgage,1,1069.8534508942894,1,4214.217222640909,0,0,0.0,1,0.0
1049,37,25329.31365944472,Rent,1,716.5333915147701,1,3494.719497607026,0,0,0.0,0,0.0
1050,29,525.5206015037594,Rent,0,0.0,0,0.0,0,0,0.0,0,0.0
1051,44,29954.598349079854,Mortgage,1,2310.8468721331374,1,8982.036984587163,0,0,0.0,1,0.829637692483194
1052,60,63026.317932641454,Mortgage,1,4656.70519341816,1,8407.753694986568,1,0,0.0,1,0.0
1053,33,525.5206015037594,Rent,0,0.0,0,0.0,0,0,0.0,0,0.0
1054,88,243576.34447142622,Own,1,7207.058058566092,1,78668.1038550894,1,1,4476.974816548982,1,0.0
1055,74,38727.823372992265,Mortgage,1,3468.220133414615,1,8938.280350071964,1,1,10305.969053946894,1,6.246711775364435
1056,79,81975.97322142961,Own,1,2927.237550966353,0,0.0,1,0,0.0,1,6.615966668645481
1057,29,8255.53231351349,Rent,1,275.03888572194876,1,1593.6098765015468,0,0,0.0,0,0.0
1058,57,32689.832931838235,Mortgage,1,2066.83462544087,1,3185.3386524458465,1,0,0.0,1,4260.856763392671
1059,39,50822.36118212651,Mortgage,1,772.3620824369375,1,3472.316626350699,0,0,0.0,1,0.0
1060,31,30439.405617754863,Rent,1,753.9215456419162,1,2073.9333298297465,0,0,0.0,0,0.0
1061,63,75942.17047583422,Own,1,7599.814441161076,1,79677.472916519,0,0,0.0,1,14.649245953260198
1062,64,28290.960915033116,Mortgage,1,2167.913525349856,1,4760.2232911769715,0,0,0.0,1,2250.205208150215
1063,27,525.5206015037594,Rent,0,0.0,0,0.0,0,0,0.0,0,0.0
1064,33,11093.85736599223,Rent,1,155.59986114488254,1,1411.8682480704197,0,0,0.0,0,0.0
1065,66,68753.26473025228,Own,1,2301.7999059635836,1,10252.562021394871,0,0,0.0,1,32.805151213756474
1066,69,57415.45035729278,Own,1,1828.6579965041044,1,38132.17583110791,0,0,0.0,1,9.942514774212292
1067,30,13012.974358481,Rent,1,693.8868624434269,0,0.0,0,0,0.0,0,0.0
1068,62,26331.024261407678,Mortgage,1,1341.98261401644,0,0.0,1,0,0.0,1,0.0
1069,42,26873.699678725054,Mortgage,1,935.6674299925032,1,2516.5994444202365,0,0,0.0,1,0.0
1070,56,60143.911231836464,Mortgage,1,1315.603019065235,1,2789.9974388290366,0,0,0.0,1,0.0
1071,60,56814.05378299127,Mortgage,1,2327.78740336703,1,2749.890521798306,1,0,0.0,1,7225.8880431101625
1072,35,8567.173129431665,Rent,0,0.0,0,0.0,0,0,0.0,0,0.0
1073,56,57906.71959518456,Own,1,2290.0208847857484,1,9211.217461404012,0,0,0.0,1,2245.1506496857046
1074,36,21043.368842886033,Rent,1,731.9029792484046,1,2745.685339011826,0,0,0.0,0,0.0
1075,29,23408.0383803903,Rent,1,662.0278190795545,1,1311.4064184257713,0,0,0.0,0,0.0
1076,63,52322.350347375526,Mortgage,1,15108.005081057749,1,96758.46639356414,1,0,0.0,1,0.0
1077,60,38728.87582727588,Mortgage,1,2236.3291724688615,1,3495.1855956378604,1,0,0.0,1,4710.563411399347
1078,56,37269.98925543521,Mortgage,1,1307.5558380047369,1,4861.723035053463,0,0,0.0,1,2240.3669313318483
1079,26,525.5206015037594,Rent,0,0.0,0,0.0,0,0,0.0,0,0.0
1080,54,61157.53815283266,Mortgage,1,992.1960938951457,0,0.0,1,0,0.0,1,0.0
1081,27,525.5206015037594,Rent,0,0.0,0,0.0,0,0,0.0,0,0.0
1082,72,137846.07291688884,Own,1,8581.058868132586,1,89037.02722760089,1,1,10524.01770438433,1,0.0
1083,35,31643.04957237248,Rent,1,947.1804543650542,1,2750.2964722142697,0,0,0.0,0,0.0
1084,68,64501.60371078516,Mortgage,1,1444.0252402441272,1,3567.324658387315,0,0,0.0,1,0.0
1085,73,39566.692714927725,Own,1,2196.174829028315,1,8968.314411180127,0,0,0.0,1,17.50760654674925
1086,30,32391.44040341487,Rent,1,1283.3283637994186,1,35751.869962389224,0,0,0.0,0,0.0
1087,77,108740.48593997487,Own,1,6758.761124454951,1,96758.46639356414,1,1,13322.26314347589,1,36.675036733094274
1088,31,12844.762755070096,Rent,1,247.34801519568907,1,2272.217581412691,0,0,0.0,0,0.0
1089,68,66326.89917698273,Own,1,2928.993021786714,1,46683.30021721272,0,1,4.154606246389063,1,6.222295766947517
1090,70,50219.040358929524,Own,1,2116.668599918863,1,9225.53450516776,0,0,0.0,1,1.9291413624866576
1091,55,58572.13546520106,Mortgage,1,1704.833831159715,1,2421.9179247226043,1,0,0.0,1,0.8180485240255775
1092,46,29316.485682354945,Own,1,1997.9107712513178,1,2443.110785073804,0,0,0.0,0,0.0
1093,72,118218.06519972975,Own,1,2265.71497678191,1,47429.37317685327,0,1,9428.11096596486,1,3503.1965721520214
1094,61,27668.059769031755,Mortgage,1,1101.8797672503138,0,0.0,0,0,0.0,1,24.441941172358813
1095,80,257576.37097246718,Own,1,8967.067969343421,1,96004.39242004442,1,1,5056.91206538598,1,0.0
1096,36,13318.105840605647,Rent,1,361.2715378621574,1,2119.5012446219953,0,0,0.0,0,0.0
1097,29,32342.28541995512,Mortgage,1,514.6160398531395,0,0.0,0,0,0.0,0,0.0
1098,40,28286.190909413966,Rent,1,1350.425841242556,1,2431.7238023309587,0,0,0.0,0,0.0
1099,45,45641.46822956979,Mortgage,1,1213.572232748778,1,4318.516865580292,0,0,0.0,1,6514.733226502249
1100,68,16008.597180429286,Rent,1,668.5383620044785,1,1620.9777310340419,0,0,0.0,0,0.0
1101,30,4720.961160008097,Rent,1,685.3580895502357,0,0.0,0,0,0.0,0,0.0
1102,52,20001.999096968197,Mortgage,1,738.1285091632407,0,0.0,0,0,0.0,1,0.0
1103,80,68183.4901049996,Own,1,5169.095036128025,1,8437.161675062876,1,1,11.890849178466402,1,6612.313452629773
1104,66,32131.641981855904,Mortgage,1,610.0918999471721,0,0.0,1,0,0.0,1,5.306730244788384
1105,71,55540.22393335715,Own,1,3070.6431493713567,1,2820.8351393671246,0,0,0.0,1,2739.683310658092
1106,69,26315.854421407967,Own,1,1566.490298040867,1,36223.803134275695,0,0,0.0,1,5.040028994865364
1107,62,28265.64723041474,Mortgage,1,2377.5870308284375,1,9741.622620859504,0,0,0.0,1,5393.862986396859
1108,29,3243.0247329233844,Rent,1,346.7070760503784,1,1832.224592600881,0,0,0.0,0,0.0
1109,87,204978.1645410981,Own,1,6003.960304159958,1,87296.84377761792,1,1,4906.1715650959195,1,7.327127782352641
1110,76,120081.91377087228,Own,1,2874.593596265141,1,44200.248107283274,0,1,5153.912223810094,1,0.0
1111,74,248107.2017722471,Mortgage,1,4735.72095654255,1,8918.827583139326,1,1,23.496080735012757,1,0.0
1112,28,525.5206015037594,Rent,0,0.0,0,0.0,0,0,0.0,0,0.0
1113,35,3583.324271538557,Rent,0,0.0,0,0.0,0,0,0.0,0,0.0
1114,50,77511.34380803152,Mortgage,1,1699.6906828109506,1,2577.9024177190117,1,0,0.0,1,12.01821040813947
1115,36,23253.84283780317,Rent,1,194.86034787471795,1,2469.8544701487685,0,0,0.0,0,0.0
1116,51,46532.536119665514,Mortgage,1,2605.150687606726,1,4419.541866355922,0,0,0.0,1,6355.530412883563
1117,49,39516.60234129058,Rent,1,606.3977684394711,1,3483.376981793523,0,0,0.0,0,0.0
1118,38,50044.60893767254,Rent,1,1438.3211191360374,1,1878.9616115685471,0,0,0.0,1,6.612632001895464
1119,41,25985.747113945323,Mortgage,1,978.8755515587541,1,2596.8066567259316,0,0,0.0,1,2704.9818430897276
1120,29,2286.0173566143167,Rent,0,0.0,0,0.0,0,0,0.0,0,0.0
1121,29,16400.319454264667,Rent,1,1126.639969638502,1,2157.4809190204924,0,0,0.0,0,0.0
1122,28,17241.71611045939,Rent,1,516.5028417074072,1,1244.225947118795,0,0,0.0,0,0.0
1123,32,525.5206015037594,Rent,0,0.0,0,0.0,0,0,0.0,0,0.0
1124,34,19670.528626758318,Rent,1,1298.089989873652,1,2914.707402336694,0,0,0.0,1,0.0
1125,74,37637.05371143653,Own,1,2499.8582721879657,1,38320.24713958325,0,0,0.0,1,2.0640239016134667
1126,27,27161.594695837142,Rent,1,709.4027617019129,0,0.0,0,0,0.0,0,0.0
1127,38,9148.208261597068,Rent,0,0.0,0,0.0,0,0,0.0,0,0.0
1128,29,13302.197491070458,Rent,0,0.0,0,0.0,0,0,0.0,0,0.0
1129,45,32159.11112030712,Rent,1,1413.7910413997006,1,1590.7999068517624,0,0,0.0,0,0.0
1130,56,43323.04616344879,Mortgage,1,1816.5717363019078,1,2659.4763788084942,1,0,0.0,1,2388.533012312292
1131,34,9226.38414674447,Rent,1,451.9525738877403,0,0.0,0,0,0.0,0,0.0
1132,37,12205.849488619839,Rent,0,0.0,0,0.0,0,0,0.0,0,0.0
1133,68,27722.214216522036,Mortgage,1,2608.4624408789578,1,7930.996845732909,1,0,0.0,1,4.477615244732052
1134,54,44847.75930086461,Mortgage,1,1627.6254926611182,1,4260.142041877951,0,0,0.0,1,17.38390197477368
1135,75,52815.69406560534,Own,1,1838.4239087196815,1,48225.528766789685,0,1,16.375966846936834,1,3.7563217203227475
1136,84,136087.16229814664,Own,1,7235.148845207199,1,82020.68317743792,1,1,4011.950559088653,1,42.886894605820785
1137,64,54602.318686843006,Mortgage,1,1213.6880249329058,1,8491.765196646136,1,0,0.0,1,0.0
1138,60,51597.28276159946,Mortgage,1,2212.0135113478364,1,8993.488093905216,1,0,0.0,1,17.24769177670361
1139,32,45334.64718755995,Rent,1,2461.377411660015,1,4823.995765516583,0,0,0.0,0,0.0
1140,41,11310.568413281575,Rent,1,646.7858954242631,1,2496.492023193823,0,0,0.0,0,0.0
1141,28,525.5206015037594,Rent,0,0.0,0,0.0,0,0,0.0,0,0.0
1142,36,11374.784277458095,Rent,1,0.0,0,0.0,0,0,0.0,0,0.0
1143,40,23613.25633167599,Mortgage,1,502.7801944640725,0,0.0,0,0,0.0,1,2831.4652232418807
1144,58,46496.8192669455,Mortgage,1,2012.73824320331,1,8682.556744958874,1,0,0.0,1,0.0
1145,72,51332.01015812844,Own,1,3012.2251105466084,1,40242.90293324498,0,0,0.0,1,0.0
1146,30,525.5206015037594,Rent,0,0.0,0,0.0,0,0,0.0,0,0.0
1147,60,20955.363044889753,Mortgage,1,2491.305590619728,1,3010.2545556552263,0,0,0.0,0,0.0
1148,30,19127.55341074606,Rent,1,1196.1176276041592,1,1284.748425308232,0,0,0.0,0,0.0
1149,68,46411.536536608764,Mortgage,1,2159.887258781978,1,37821.679068255304,1,0,0.0,1,0.0
1150,45,61846.57288976208,Mortgage,1,1152.4535220001064,1,3018.2041573894967,0,0,0.0,1,0.0
1151,37,525.5206015037594,Rent,0,0.0,0,0.0,0,0,0.0,0,0.0
1152,31,7036.602214193657,Rent,0,0.0,0,0.0,0,0,0.0,0,0.0
1153,73,66965.6543473326,Own,1,5674.032520653567,1,36320.909111860405,0,0,0.0,1,17.65568157021722
1154,36,10980.17253944603,Rent,0,0.0,0,0.0,0,0,0.0,0,0.0
1155,29,4755.967194540519,Rent,1,1826.254033877481,1,3662.2886317809557,0,0,0.0,0,0.0
1156,51,47245.024807980866,Mortgage,1,1215.021958834721,1,4330.686365113856,0,0,0.0,1,0.0
1157,36,12910.582578559464,Rent,0,0.0,0,0.0,0,0,0.0,0,0.0
1158,91,892725.649213796,Own,1,6662.8405619791065,1,81251.5897804754,1,1,7584.398589089672,1,3.3771632022132647
1159,29,525.5206015037594,Rent,0,0.0,0,0.0,0,0,0.0,0,0.0
1160,83,131363.2705317034,Own,1,7598.386901235983,1,79208.94985876155,1,1,4783.824849772548,1,6703.949101969365
1161,57,52468.626491894574,Mortgage,1,1523.0170740369322,1,2765.5153822467246,1,0,0.0,1,2635.057526041719
1162,44,21780.818753885505,Mortgage,1,201.90161283273494,0,0.0,0,0,0.0,0,0.0
1163,41,38479.65236674701,Mortgage,1,1282.9633332872443,1,5374.359317221733,0,0,0.0,1,0.0
1164,67,111354.54722306598,Own,1,7346.515548020362,1,77956.95896091788,1,1,4190.963659742124,1,18.44172575220254
1165,62,39787.53052813543,Mortgage,1,1192.3776315942387,1,4022.646333526381,0,0,0.0,1,2.38785954239559
1166,43,53872.47803288975,Mortgage,1,2202.67593606315,1,5199.364706102779,0,0,0.0,1,2430.2739710345686
1167,40,35480.766555097776,Rent,1,326.1485493454351,1,1585.3279453997898,0,0,0.0,0,0.0
1168,46,19022.541259568403,Rent,1,706.5220601915338,1,1580.0206081536567,0,0,0.0,0,0.0
1169,74,58574.22687614951,Own,1,7557.958066368399,1,37678.82384735696,0,0,0.0,1,7161.3630780299245
1170,67,41318.81395230086,Own,1,2152.075645234778,1,36180.5765632252,0,0,0.0,1,0.0
1171,67,79716.83128714122,Own,1,2368.7705928832947,1,37752.56995045482,0,0,0.0,1,0.0
1172,28,36705.57880277744,Rent,1,552.3341885477132,1,2653.51799421424,0,0,0.0,0,0.0
1173,38,62897.74939092589,Own,1,613.3584158961639,1,9347.531701656664,0,0,0.0,1,4.499896085202892
1174,35,36260.31123725637,Mortgage,1,848.7346367955591,1,2803.132611078417,0,0,0.0,1,0.0
1175,28,20398.15094780437,Rent,0,0.0,1,1915.1412756172926,0,0,0.0,0,0.0
1176,37,6425.311368704779,Rent,1,520.8603240407022,0,0.0,0,0,0.0,0,0.0
1177,80,35354.432951654635,Own,1,9772.977421960526,1,83712.74544114461,1,1,4940.282543311298,1,3.8161251962708334
1178,70,46587.57074226652,Mortgage,1,2327.0225647616794,1,9230.138410338071,0,0,0.0,1,0.873154755648678
1179,39,10309.692575548923,Rent,0,0.0,0,0.0,0,0,0.0,0,0.0
1180,43,10464.14654025561,Rent,0,0.0,1,1492.8202699465007,0,0,0.0,0,0.0
1181,29,17678.292547350407,Rent,1,591.038154461957,1,1964.9698268080263,0,0,0.0,0,0.0
1182,75,66558.81512193437,Own,1,4576.764565369928,1,9604.475850255649,1,0,0.0,1,5487.335458786476
1183,85,663019.1719170582,Own,1,34149.377255154424,1,93242.15292164951,1,1,5091.951120832811,1,10613.686152399456
1184,46,40155.215923999196,Mortgage,1,1922.9327434554116,1,3735.6916277355385,0,0,0.0,1,6.0705701820111315
1185,39,42511.71821923848,Mortgage,1,1016.6524457596418,1,2599.8924408971193,0,0,0.0,1,0.0
1186,54,29691.443137238883,Mortgage,1,727.430628796471,0,0.0,1,0,0.0,1,10.140500161936336
1187,53,21258.932960543636,Mortgage,1,913.6675366868395,1,5578.465006062894,0,0,0.0,1,20.027995836589717
1188,65,33529.37720396934,Mortgage,1,612.9917953971076,1,2898.857494161075,1,0,0.0,1,5341.430484783908
1189,57,53337.87002189588,Mortgage,1,1495.000498318103,1,9944.573776454912,1,0,0.0,1,0.0
1190,29,52396.32646853135,Mortgage,1,1277.163660594853,1,4585.139838168161,0,0,0.0,1,0.0
1191,73,228690.97631775096,Own,1,3441.4968223732317,1,96758.46639356414,1,1,17926.448169612246,1,0.0
1192,35,21780.20667093267,Rent,1,566.6678502548951,1,3775.972319870701,0,0,0.0,0,0.0
1193,32,32004.00914033766,Rent,1,2278.1733558178503,1,1788.8998931355936,0,0,0.0,1,10.214635796276987
1194,80,696436.8277090127,Own,1,8829.887192287488,1,96758.46639356414,1,1,10358.111139192866,1,37.59354443157676
1195,35,6813.46603807109,Rent,1,834.2157458142917,1,2295.141709005691,0,0,0.0,0,0.0
1196,55,32978.856249319426,Mortgage,1,1226.9250737982134,1,3165.1582999371813,0,0,0.0,1,11.62117530278438
1197,41,24234.34397862218,Rent,1,640.1153291233607,1,1442.6143016693352,0,0,0.0,1,0.8950434185838194
1198,90,100486.61973832389,Own,1,11253.773609200924,1,95398.0136326559,1,1,4777.366857985574,1,0.0
1199,39,35706.82828526084,Rent,1,1580.8418090775208,1,3981.1056684191517,0,0,0.0,1,0.0
1200,36,1709.7209311805746,Rent,0,0.0,1,533.0866252688775,0,0,0.0,0,0.0
1201,30,20979.7944455631,Rent,1,442.9857681851228,1,1230.1392653534288,0,0,0.0,0,0.0
1202,59,70181.60377405732,Own,1,2563.5966662966803,1,39040.08287227912,0,0,0.0,1,0.0
1203,60,50677.30765993509,Mortgage,1,1742.8419412595756,1,37977.23438163302,0,0,0.0,1,5946.884551061619
1204,60,56559.19382969349,Mortgage,1,1475.0008448798844,1,8679.868778614229,1,0,0.0,1,11.99083820588396
1205,52,24585.541196205646,Rent,1,546.805624710581,0,0.0,1,0,0.0,1,14.099258730385397
1206,42,7428.130889210821,Rent,0,0.0,0,0.0,0,0,0.0,0,0.0
1207,45,24575.719017972893,Mortgage,1,825.0601590722148,1,4061.4919440370086,0,0,0.0,1,0.0
1208,56,46781.428902161126,Mortgage,1,2288.3026895307257,1,9584.791377074222,1,0,0.0,1,4078.361140205376
1209,53,39286.72966937431,Mortgage,1,2962.1945748692106,1,9463.557104229858,1,0,0.0,1,0.0
1210,35,4868.322163437759,Rent,0,0.0,0,0.0,0,0,0.0,0,0.0
1211,29,14725.178857440638,Rent,1,522.4423242967059,1,3000.7001898049275,0,0,0.0,0,0.0
1212,28,5641.037982898872,Rent,0,0.0,0,0.0,0,0,0.0,0,0.0
1213,58,30210.549270485244,Mortgage,1,964.1991029356602,1,3177.8889013030494,1,0,0.0,1,3.3332555885451
1214,37,48489.418145620315,Rent,1,504.90349632262473,1,1313.5078142242205,0,0,0.0,1,0.0
1215,59,41779.8958885789,Mortgage,1,4161.275107108299,1,8992.781927227892,1,0,0.0,1,0.0
1216,48,13055.856460421284,Mortgage,1,813.7257314259291,1,2173.2793418954234,0,0,0.0,1,8.151800731955152
1217,63,53710.25280924099,Mortgage,1,2415.8244011970146,1,3333.391914481792,0,0,0.0,1,4066.2904037324483
1218,60,34342.48080756932,Mortgage,1,1734.5703056850732,0,0.0,0,0,0.0,1,3986.104248023083
1219,54,32541.24403349228,Mortgage,1,1037.7476048716755,1,4719.512184917045,0,0,0.0,1,4.9205532068617766
1220,45,23795.368421869483,Rent,1,944.7783897169164,1,1489.6248589298605,0,0,0.0,0,0.0
1221,81,36381.68130218371,Own,1,6462.266211105158,1,96758.46639356414,1,0,0.0,1,9.70334492546784
1222,40,36773.21838211269,Rent,1,1561.2918447376715,1,35597.74964823699,0,0,0.0,0,0.0
1223,90,570202.834316853,Own,1,5496.293421071479,1,96758.46639356414,1,1,8123.377586789454,1,6.83453727812211
1224,29,20412.136203900947,Rent,1,693.0700494343675,1,876.5708001865494,0,0,0.0,0,0.0
1225,64,75551.19728679987,Mortgage,1,1272.217327700201,1,4639.596237896205,1,0,0.0,1,5.697519545853846
1226,28,13736.048740584773,Rent,1,1233.2588906335006,0,0.0,0,0,0.0,0,0.0
1227,52,18388.61895177831,Rent,1,1232.7451904775198,1,3363.1719734739845,0,0,0.0,0,0.0
1228,29,525.5206015037594,Rent,0,0.0,0,0.0,0,0,0.0,0,0.0
1229,89,905055.0285591367,Own,1,10003.623409320386,1,95516.19564241156,1,1,7821.691076102865,1,7.19215112562352
1230,48,25937.15622230341,Mortgage,1,83.72398027418558,0,0.0,0,0,0.0,1,5.140404416480508
1231,67,42312.970923385554,Own,1,1678.845923415824,1,36966.0151257405,0,0,0.0,1,0.0
1232,42,16907.108895214435,Mortgage,1,584.9934376636352,1,3310.6940991874053,0,0,0.0,1,0.0
1233,73,741363.8119075886,Own,1,35781.81291849116,1,96758.46639356414,1,1,9671.06503126203,1,11.752345202875288
1234,39,22603.874040788698,Rent,1,781.2031670966636,0,0.0,0,0,0.0,0,0.0
1235,77,135683.60337097335,Own,1,5264.070031918479,1,46664.88482387897,0,1,6847.4089115205525,1,7.155426236950983
1236,34,7853.819484090303,Rent,1,0.0,1,385.0681274507017,0,0,0.0,0,0.0
1237,51,79203.80865465876,Mortgage,1,2469.695680645481,1,3384.1500636147452,0,0,0.0,1,2.98291507926282
1238,41,11505.920436846593,Rent,0,0.0,0,0.0,0,0,0.0,0,0.0
1239,26,21439.019685921106,Rent,0,0.0,0,0.0,0,0,0.0,0,0.0
1240,72,115324.66529230113,Own,1,6703.443177830257,1,94335.91452557665,1,1,13060.140885331159,1,0.0
1241,63,23515.053120689452,Mortgage,1,1508.5967447784988,0,0.0,1,0,0.0,1,2.9123258762773907
1242,44,17469.2187629274,Rent,1,646.3747698090066,0,0.0,0,0,0.0,0,0.0
1243,36,28590.113007332286,Rent,1,789.4513378129094,1,3353.1817673379464,0,0,0.0,0,0.0
1244,40,39675.52212162729,Mortgage,1,1381.740398366514,1,2819.3539813587204,0,0,0.0,1,9.247348146017263
1245,39,17120.41524922623,Rent,1,707.6795773870472,0,0.0,0,0,0.0,0,0.0
1246,39,19603.885772372447,Rent,1,253.76094829404656,1,2462.8347422632078,0,0,0.0,0,0.0
1247,35,11015.674125826205,Rent,1,157.8134735181144,0,0.0,0,0,0.0,0,0.0
1248,47,25135.81312171941,Mortgage,1,1920.8401456644922,0,0.0,0,0,0.0,1,13.815269879169536
1249,28,15826.072185576148,Rent,1,485.9167449266698,1,1712.6545600764075,0,0,0.0,0,0.0
1250,50,1661.76359302934,Rent,0,0.0,0,0.0,0,0,0.0,0,0.0
1251,48,39762.2463141706,Mortgage,1,2246.220479926287,1,3599.5092424418935,0,0,0.0,1,0.7233373049740696
1252,36,17150.00973583986,Rent,1,491.19506352875374,1,1983.677172045853,0,0,0.0,0,0.0
1253,36,8917.640562184662,Rent,0,0.0,1,1030.0712840591766,0,0,0.0,0,0.0
1254,74,32609.728627749522,Rent,1,1540.165938481472,1,2059.5066622917902,0,0,0.0,0,0.0
1255,72,87514.6096914105,Own,1,7797.781560929971,1,37045.17003114737,0,1,3681.323844323036,1,6.756677490358044
1256,76,13291.116212513982,Rent,0,0.0,0,0.0,0,0,0.0,0,0.0
1257,58,22991.522025464776,Mortgage,1,2262.1729908342727,1,3483.0164639796176,0,0,0.0,1,27.568533928685095
1258,63,32791.38180844455,Mortgage,1,1271.7814080660255,1,8810.631097695072,0,0,0.0,1,6648.279857978837
1259,69,67568.10662374165,Own,1,4983.537408807084,1,39539.21996516275,0,0,0.0,1,17.489455867018183
1260,30,8677.804509900036,Rent,0,0.0,1,1376.4946908173067,0,0,0.0,0,0.0
1261,31,13762.817497465816,Rent,1,785.1905787500813,1,1711.687553812554,0,0,0.0,0,0.0
1262,67,77759.13342013088,Own,1,3438.3234037766547,1,8588.571087458558,1,0,0.0,1,22.29651440762899
1263,42,8817.526090896485,Rent,1,649.745308340352,1,1604.3066791590727,0,0,0.0,0,0.0
1264,57,61875.63025318826,Mortgage,1,1565.3279638905458,1,9739.232600933403,0,0,0.0,1,0.0
1265,80,114174.44443107225,Own,1,11733.220253510659,1,96758.46639356414,1,1,18943.44271742697,1,17.735383159358452
1266,50,58890.02460620261,Mortgage,1,4297.085093982681,0,0.0,1,0,0.0,1,19.909241449995342
1267,56,48215.00145818952,Own,1,2286.4363397812967,1,2349.9053650989217,0,0,0.0,1,0.0
1268,28,525.5206015037594,Rent,0,0.0,0,0.0,0,0,0.0,0,0.0
1269,40,10393.121688771647,Rent,0,0.0,1,1321.121177915726,0,0,0.0,0,0.0
1270,64,73535.79871659778,Own,1,1808.5213217969692,1,37900.860444736085,0,0,0.0,1,6083.369411991787
1271,43,6261.891027535243,Rent,0,0.0,0,0.0,1,0,0.0,0,0.0
1272,29,21482.2718092948,Rent,1,284.02153122687923,1,0.0,0,0,0.0,0,0.0
1273,30,12881.866073837982,Rent,0,0.0,0,0.0,0,0,0.0,0,0.0
1274,57,55981.65329871618,Own,1,2137.1400973446107,1,35914.875723645615,0,0,0.0,1,0.0
1275,73,118936.98907265987,Own,1,2505.2278487440053,1,42008.9139822453,0,0,0.0,1,0.0
1276,36,11421.757869383418,Rent,1,484.0055663908829,1,3475.890285503281,0,0,0.0,0,0.0
1277,59,32200.319114551043,Mortgage,1,1781.7692707818564,0,0.0,1,0,0.0,1,8.57307963053995
1278,87,882133.3072155197,Own,1,7808.597731675145,1,96758.46639356414,1,1,19872.227816395836,1,9911.105288634977
1279,28,30377.60515929569,Rent,1,2404.170819461437,1,3474.8973636915143,1,0,0.0,1,0.0
1280,71,26493.207256753885,Rent,1,5469.822664000692,1,46524.96309532734,0,0,0.0,1,19.37765922462807
1281,73,57070.81719922957,Own,1,3407.7752920402004,1,40053.93264523534,1,1,4280.534406677323,1,5802.231775783247
1282,72,32813.97712010566,Own,1,1549.5739599827207,1,2167.2967752469103,0,0,0.0,1,9.50026016595042
1283,39,7611.629757984179,Rent,1,940.4100618473364,1,2423.9801877838554,0,0,0.0,0,0.0
1284,51,60434.28317742929,Mortgage,1,1783.2251610166988,1,3353.0198102281793,1,0,0.0,1,3461.7370900181218
1285,33,29317.858608559676,Rent,1,470.1810242998337,0,0.0,0,0,0.0,1,0.45113843563724954
1286,29,19207.401828262566,Rent,1,171.0283605313357,1,1329.4113402277749,0,0,0.0,0,0.0
1287,40,7038.609195868245,Rent,0,0.0,0,0.0,0,0,0.0,0,0.0
1288,52,37541.361612280285,Mortgage,1,1261.620411297241,1,3023.2648342333614,0,0,0.0,1,0.0
1289,64,22533.71208568927,Mortgage,1,0.0,0,0.0,1,0,0.0,1,8.652669079559281
1290,43,37457.11342254152,Mortgage,1,1308.0264219824069,1,2446.3223826045382,0,0,0.0,1,0.0
1291,62,45325.865032187925,Own,1,2091.3970699816173,1,4463.551342737762,0,0,0.0,1,13.968002722700883
1292,42,34435.10729471513,Mortgage,1,1446.860486591166,1,2627.0608610215904,1,0,0.0,1,7.74745999803333
1293,29,29986.367526696824,Rent,1,726.5928332823448,1,797.437048065523,0,0,0.0,0,0.0
1294,63,97104.1850884693,Own,1,6688.644484967203,1,9142.907140140613,1,1,8552.361780847761,1,20.8182492781508
1295,76,87114.49789965025,Own,1,2272.4206881712325,1,1881.3542956440604,0,0,0.0,1,9606.317121235621
1296,90,849561.2946981842,Own,1,22621.27712546124,1,93737.20061157669,1,1,10372.170046713161,1,9.456001864088533
1297,29,26037.570555467708,Rent,1,707.5177070191944,1,2303.988765576069,0,0,0.0,1,6.109503830584747
1298,42,32858.79613888493,Mortgage,1,799.2945263838882,1,3455.910398721939,0,0,0.0,1,3.9698367627411195
1299,38,3391.1267400037323,Rent,0,0.0,1,150.61493193576803,0,0,0.0,0,0.0
1300,78,92197.86057348443,Own,1,9976.362942081394,1,94449.04193219922,1,1,5180.7283392195495,1,4819.471041210763
1301,73,53604.02299113804,Own,1,1952.096411024745,1,40228.14514390766,0,0,0.0,1,1.103602268114461
1302,81,51319.532573673685,Own,1,2779.824878733337,1,8866.540412803748,0,0,0.0,1,7586.536738426519
1303,54,16754.510815091926,Mortgage,1,2410.337111694151,1,5092.802997818801,1,0,0.0,1,3471.096777897614
1304,61,57400.365109487364,Own,1,2420.520210462732,1,9032.543462370666,0,0,0.0,1,0.0
1305,71,48021.17024243096,Mortgage,1,2275.159076372492,1,4094.193668823115,0,0,0.0,1,0.0
1306,61,21969.708939954504,Mortgage,1,2423.78332481289,0,0.0,1,0,0.0,1,0.0
1307,43,59824.424550967335,Mortgage,1,1904.048708348631,1,39489.774319083626,0,0,0.0,1,1.1408367935910095
1308,52,41747.42657166931,Mortgage,1,2472.8034206612374,1,4167.69184694346,0,0,0.0,1,3565.4397217874266
1309,56,58723.08908332093,Mortgage,1,2633.8728999595046,1,9048.844581770347,1,0,0.0,1,5364.993982268403
1310,81,124838.14988234395,Own,1,8858.503277820004,1,38416.32093601371,1,1,8857.208687803237,1,6445.654830038027
1311,62,49829.69199096466,Mortgage,1,2600.1344609975913,1,3064.906848991336,1,0,0.0,1,6777.023885248367
1312,29,16894.35503770944,Rent,1,211.06334266978536,1,2515.5097057526436,0,0,0.0,0,0.0
1313,30,5548.382328922149,Rent,1,452.60005535915127,1,1256.2161994025362,0,0,0.0,0,0.0
1314,62,67495.41944696064,Mortgage,1,2616.6582681335094,1,9544.425619681455,1,0,0.0,1,4860.845114064022
1315,40,27340.888555908816,Rent,1,714.6414512463446,1,2023.2895324408917,0,0,0.0,0,0.0
1316,44,13792.263972084565,Rent,1,381.5612016539607,1,1334.0679060322773,0,0,0.0,0,0.0
1317,43,25825.7120367874,Rent,1,941.6265098630944,0,0.0,0,0,0.0,1,0.0
1318,65,53390.57154540645,Own,1,2397.592447472266,1,9502.404348010177,0,0,0.0,1,16.638121102807403
1319,47,18285.484934167875,Mortgage,1,888.8691546169445,0,0.0,0,0,0.0,1,0.0
1320,32,8520.921957993374,Rent,0,0.0,1,2216.43660060945,0,0,0.0,0,0.0
1321,29,1451.4974191846013,Rent,0,0.0,0,0.0,0,0,0.0,0,0.0
1322,33,13610.21517080005,Rent,1,391.46554043190974,1,2127.3234587490106,0,0,0.0,0,0.0
1323,42,40811.24031752533,Mortgage,1,1417.8404911603793,1,2707.3229787188425,0,0,0.0,1,17.17330883334412
1324,89,118270.18584144239,Own,1,7532.045939043886,1,79222.43704703107,1,1,5034.763935863634,1,0.0
1325,26,525.5206015037594,Rent,0,0.0,0,0.0,0,0,0.0,0,0.0
1326,27,525.5206015037594,Rent,0,0.0,0,0.0,0,0,0.0,0,0.0
1327,36,23724.666452854002,Rent,1,1326.147983280758,1,2800.5012448966445,0,0,0.0,0,0.0
1328,69,40051.388736980436,Own,1,2484.6648155690773,1,38927.316137575384,0,0,0.0,1,0.0
1329,73,806444.2310263638,Own,1,5660.812353928734,1,94012.53856030443,1,1,8356.769249423625,1,8.361261458403698
1330,72,106943.98426949237,Own,1,1168.0491363731194,1,83655.5629899045,1,0,0.0,1,3.0210672513619152
1331,31,525.5206015037594,Rent,0,0.0,0,0.0,0,0,0.0,0,0.0
1332,76,104983.50419479307,Own,1,4546.046950026484,1,96758.46639356414,1,1,11554.0679691609,1,14.345722693309062
1333,42,18665.930494237273,Rent,1,361.39772434700103,1,1397.1225176687158,0,0,0.0,0,0.0
1334,35,2057.647697027811,Rent,0,0.0,0,0.0,0,0,0.0,0,0.0
1335,31,14468.93183911638,Rent,1,703.1376027294245,1,52.55960468335206,0,0,0.0,0,0.0
1336,59,49259.09652771827,Own,1,1735.9616659611272,1,38285.34579656495,0,0,0.0,1,0.0
1337,37,45445.20301350789,Mortgage,1,1519.6560216558523,1,4296.042626511825,0,0,0.0,1,3937.3723809802636
1338,64,38712.11957438362,Mortgage,1,1471.0198842162752,1,9947.42784109209,1,0,0.0,1,0.33860727824937126
1339,77,36556.37177111745,Own,1,2632.1679199671635,1,34764.527856083514,0,0,0.0,1,6.911917466614819
1340,26,15695.283008696495,Rent,1,728.5994495822541,1,2524.5132702796063,0,0,0.0,0,0.0
1341,34,16403.78107662853,Mortgage,1,1953.5916673316087,1,1857.2474029118434,0,0,0.0,1,2426.0438972933057
1342,91,85697.71187769143,Own,1,5095.1947246265545,1,82343.73191953416,0,1,17154.1248914133,1,19.902370865026533
1343,78,110371.12939703133,Own,1,5382.088769328936,1,95332.41650353634,1,1,5144.7906583582435,1,0.0
1344,64,66935.36136078369,Mortgage,1,1601.7122262183052,1,2974.4912804846585,1,0,0.0,1,27.51287638318143
1345,81,68237.25994448869,Own,1,6763.777192924162,1,93612.8170741292,1,1,4840.147963462708,1,11.792440302711482
1346,30,28121.449154469567,Rent,1,1951.2302413317414,1,1667.2375007502264,0,0,0.0,0,0.0
1347,47,78962.09690989711,Own,1,2103.013243657336,1,7762.817938563974,0,0,0.0,1,6.455857608345669
1348,61,40596.84256107635,Mortgage,1,1400.3153578229692,1,8730.568871782974,1,0,0.0,1,0.0
1349,49,45134.93153578743,Mortgage,1,917.849274049323,1,4366.968436454892,0,0,0.0,1,3585.6913962832255
1350,49,10633.729523071761,Mortgage,1,865.6047355037089,0,0.0,0,0,0.0,0,0.0
1351,33,26741.594632576453,Rent,1,1355.2426989367327,1,1551.7540801980554,0,0,0.0,1,0.0
1352,40,16724.84540757638,Mortgage,1,839.9792211599329,1,3869.0438562211975,0,0,0.0,0,0.0
1353,45,31738.538978141674,Mortgage,1,912.6058598996772,1,4123.609531248199,0,0,0.0,1,0.0
1354,75,41802.47180862694,Mortgage,1,1838.1882882122911,1,2736.140629888685,0,0,0.0,1,0.0
1355,76,116798.98900685603,Own,1,11486.924520678811,1,96758.46639356414,1,1,17372.172841351774,1,6.950270389557144
1356,91,240355.72241398157,Own,1,6963.155960464817,1,96758.46639356414,1,1,11959.952834660577,1,7.730497302718687
1357,50,42225.80501030893,Rent,1,1522.5208390361136,1,2741.711963661557,0,0,0.0,0,0.0
1358,62,38462.199098503,Mortgage,1,1298.1681545697672,1,3446.1764177464984,0,0,0.0,0,0.0
1359,81,220630.09703054343,Own,1,24689.376724968828,1,96758.46639356414,1,1,20370.777054173428,1,17586.78479913597
1360,90,168035.93259163393,Own,1,4220.55624217622,1,79869.74930500063,1,1,11505.33423611552,1,0.0
1361,28,525.5206015037594,Rent,0,0.0,0,0.0,0,0,0.0,0,0.0
1362,39,19954.653874906122,Rent,1,430.7304008385032,1,1921.4338979322577,0,0,0.0,0,0.0
1363,55,33086.48531517051,Mortgage,1,1166.4846081823666,1,3194.9992422948853,1,0,0.0,1,13.803946730610477
1364,30,19117.28594053374,Rent,1,481.47503976391243,1,1333.154655549604,0,0,0.0,0,0.0
1365,29,22705.777829752227,Rent,1,676.1018823848374,1,2699.6100587687774,0,0,0.0,0,0.0
1366,30,525.5206015037594,Rent,0,0.0,0,0.0,0,0,0.0,0,0.0
1367,88,85401.00751620629,Own,1,29007.850325603817,1,96758.46639356414,1,1,11720.235555921165,1,10340.982472821917
1368,76,41571.12047518421,Own,1,2339.1936950274467,0,0.0,1,0,0.0,1,9384.89579741563
1369,70,62406.44052505517,Mortgage,1,1132.9004219987903,0,0.0,1,0,0.0,1,0.0
1370,76,112397.27863458887,Own,1,9268.553706690096,1,96758.46639356414,1,1,39411.46408263926,1,6567.770358502802
1371,29,525.5206015037594,Rent,0,0.0,0,0.0,0,0,0.0,0,0.0
1372,52,17915.478684052323,Rent,1,421.25580535390236,1,2197.130078443666,0,0,0.0,0,0.0
1373,67,32056.357105979612,Mortgage,1,1992.8130575591952,1,9871.17985802593,0,0,0.0,1,2927.751724244935
1374,52,39942.20252460054,Mortgage,1,983.9470587867028,1,3587.051144719546,1,0,0.0,1,0.0
1375,36,895.5263289969553,Rent,0,0.0,0,0.0,0,0,0.0,0,0.0
1376,91,142733.79540966774,Own,1,9968.478056141432,1,96758.46639356414,1,1,8535.096460205372,1,2.06318998461319
1377,54,20429.188896172887,Mortgage,1,1177.0695856298516,1,2159.5013650043174,0,0,0.0,1,0.0
1378,38,59617.390836555816,Mortgage,1,1262.8047320388323,1,2603.328396388828,0,0,0.0,0,0.0
1379,69,100726.9810372698,Own,1,4532.281199862231,1,50052.8218863396,0,1,12009.194535089517,1,9.478809362631887
1380,29,20291.161577050167,Rent,1,144.61253498752683,1,234.36064497870916,0,0,0.0,0,0.0
1381,28,3675.8451975787902,Rent,0,0.0,0,0.0,0,0,0.0,0,0.0
1382,46,14277.12281184669,Rent,1,1186.8336712328432,1,2525.2427210553687,0,0,0.0,0,0.0
1383,86,767080.198846235,Own,1,23502.78130114776,1,96680.62313180674,1,1,11083.8665247272,1,15.28572525015797
1384,39,39466.625051375915,Mortgage,1,5170.601151764051,1,2847.1843471376774,0,0,0.0,1,17.998652120550332
1385,40,9648.727191442445,Rent,1,783.626228348427,1,1945.7469847815091,0,0,0.0,0,0.0
1386,29,8042.142426003356,Own,1,1271.661524579873,1,37156.3996467034,0,0,0.0,0,0.0
1387,73,116394.39587394829,Own,1,3812.4295352099152,1,45357.6774372515,1,0,0.0,1,15.97995470733423
1388,28,525.5206015037594,Rent,0,0.0,0,0.0,0,0,0.0,0,0.0
1389,58,17462.43260532687,Mortgage,1,335.4164294994782,0,0.0,0,0,0.0,1,1.6794781520226842
1390,59,57172.98094923224,Mortgage,1,2046.7232755891566,1,8085.935115848015,1,0,0.0,1,8.419290467110311
1391,42,12596.786406019408,Rent,1,0.0,1,1035.1358235939042,0,0,0.0,0,0.0
1392,62,97853.47882752362,Mortgage,1,7004.5423406000555,1,87232.67932142431,1,1,10690.452709206631,1,1.4882957648189798
1393,30,18104.072170695596,Rent,1,163.57596995806227,1,2021.4628877742482,0,0,0.0,0,0.0
1394,39,41747.584970529686,Rent,1,584.1636185531629,1,1228.0556195391846,0,0,0.0,1,0.0
1395,30,12249.390421784028,Rent,0,0.0,1,951.1152157178603,0,0,0.0,0,0.0
1396,70,113794.63730994081,Own,1,4762.49033107123,1,37015.70478465499,0,0,0.0,1,5.050073545784497
1397,42,19594.423167367662,Mortgage,1,1787.3921810969837,1,2991.6523882706974,0,0,0.0,0,0.0
1398,31,17466.88374486004,Rent,1,437.7977009939786,1,566.8952868938009,0,0,0.0,0,0.0
1399,67,52066.18185751184,Own,1,4039.57372317624,0,0.0,0,0,0.0,1,6846.007420106768
1400,91,216925.15231431363,Own,1,5071.927665375525,1,96648.18202666118,1,1,35173.10258930549,1,4.016905826721003
1401,63,36533.55049613363,Mortgage,1,856.7432766766187,1,4251.650743734522,0,0,0.0,1,0.0
1402,57,20731.135688626404,Mortgage,1,2184.772907271053,1,4090.389654073434,1,0,0.0,1,3.1794806929434705
1403,38,26007.407749856873,Mortgage,1,1055.46981697496,1,3785.5368942611385,0,0,0.0,1,0.0
1404,81,58588.2238331899,Rent,1,356.65695425997717,1,2047.328799342742,0,0,0.0,0,0.0
1405,34,13187.014106592756,Rent,1,741.7285179650338,1,1523.8211231891469,0,0,0.0,0,0.0
1406,57,52809.37458588854,Mortgage,1,2285.6971294968653,1,9226.05611291827,1,0,0.0,1,11.500458464056683
1407,52,42664.04321815646,Mortgage,1,2013.3693247729582,1,4054.732970776927,0,0,0.0,1,11.591966806032689
1408,55,43524.52359345483,Mortgage,1,2142.1550995364364,1,4268.156941481577,0,0,0.0,1,0.0
1409,30,13549.646252490544,Rent,1,384.72109445604025,0,0.0,0,0,0.0,0,0.0
1410,63,34062.427999259664,Mortgage,1,2659.232862381371,1,5319.704448758381,0,0,0.0,1,0.0
1411,60,32514.89891467015,Mortgage,1,2792.6206307119137,1,4567.75037177704,0,0,0.0,1,12.750784778249345
1412,53,30359.10698929105,Mortgage,1,2837.3534309205215,1,2075.0130697610944,0,0,0.0,1,0.0
1413,61,37377.34040885279,Mortgage,1,1518.458107054067,1,10054.492186254816,1,0,0.0,1,4.579987661643071
1414,63,45383.50047590518,Mortgage,1,4028.5452575377235,1,9293.425479214731,1,0,0.0,1,0.0
1415,79,118099.81351812242,Own,1,3663.546200881926,1,44511.251417195694,1,1,6878.3489482318155,1,5668.052705654532
1416,49,11514.998312291365,Mortgage,1,1169.3825532088829,0,0.0,0,0,0.0,0,0.0
1417,28,525.5206015037594,Rent,0,0.0,0,0.0,0,0,0.0,0,0.0
1418,33,2051.379363637914,Rent,0,0.0,0,0.0,0,0,0.0,0,0.0
1419,76,96804.74083412146,Own,1,5036.372731672089,1,50148.572186097495,0,1,4637.710717882227,1,0.0
1420,44,38882.06099732481,Rent,1,1082.9299465003626,1,3289.4378953044898,0,0,0.0,0,0.0
1421,37,11105.447452873419,Rent,1,1318.8555075648467,1,2998.283270876321,0,0,0.0,0,0.0
1422,50,15186.04930100242,Mortgage,1,572.5776036629873,0,0.0,0,0,0.0,1,0.0
1423,45,37145.784953167306,Mortgage,1,2143.207929537155,1,3825.3498329265253,1,0,0.0,1,20.87149380853135
1424,28,10021.311399520815,Rent,0,0.0,0,0.0,0,0,0.0,0,0.0
1425,60,81319.97821800322,Mortgage,1,3822.2435142764093,1,8826.469974192158,1,0,0.0,1,0.0
1426,30,18978.654278148337,Rent,1,950.3942571659572,1,2886.6957200092384,0,0,0.0,0,0.0
1427,79,39530.05889602156,Own,1,3209.6328467456824,1,39157.24189796939,0,0,0.0,1,24.472303110364376
1428,31,11256.374681552974,Own,1,370.85847022501434,0,0.0,0,0,0.0,0,0.0
1429,64,45276.245364442555,Mortgage,1,1595.0573815122357,1,10575.307393917898,1,0,0.0,1,7.482524454404756
1430,91,753278.7776613322,Own,1,4341.49741931445,1,93443.99089803429,1,1,12880.747391872379,1,0.0
1431,72,116911.9509054416,Own,1,30560.868216581468,1,95696.00268743729,1,1,7688.929676286757,1,8.684199477585043
1432,49,41811.61403563519,Mortgage,1,3374.6116080707748,1,9791.891560224656,1,0,0.0,1,0.0
1433,37,29102.755966209967,Rent,1,65.24962875193194,1,2265.2414812408983,0,0,0.0,0,0.0
1434,41,52134.64331128661,Mortgage,1,1042.3181139108124,1,3747.085646093885,0,0,0.0,1,6315.925909534628
1435,78,41190.16468407485,Own,1,7954.008198143499,1,37031.91946681361,0,0,0.0,1,6865.176199229539
1436,66,40738.2682487205,Mortgage,1,2874.067096822209,1,9075.430455602047,1,0,0.0,1,4240.996427923289
1437,39,40874.57046807166,Mortgage,1,2226.185001726454,1,715.0219400561482,0,0,0.0,1,26.44097101044488
1438,73,36166.66444297247,Mortgage,1,2257.4263471395825,1,9655.316626734113,1,0,0.0,1,3.030642966458891
1439,52,36303.35306572915,Mortgage,1,1298.3139339444122,0,0.0,0,0,0.0,1,2602.820204964006
1440,27,9161.36804508312,Rent,0,0.0,1,573.8842741979079,0,0,0.0,0,0.0
1441,69,25099.198607959992,Mortgage,1,170.47579966632236,0,0.0,1,0,0.0,1,5.408757230073895
1442,90,243577.3681815738,Own,1,7811.663132805789,1,49518.70479744993,1,1,10474.09881411901,1,9551.121131702203
1443,91,122748.75560573535,Own,1,8265.210983855524,1,77590.08610017308,1,1,4323.107226012684,1,6415.794282612855
1444,58,27219.693831988,Mortgage,1,1280.1181949425595,1,8814.595021039137,1,0,0.0,1,5068.581227672917
1445,61,77376.59685037495,Mortgage,1,3499.013204230781,1,10354.912962008595,0,0,0.0,1,9.345931328184117
1446,72,54355.44758901328,Own,1,4651.621447460766,1,36550.61583591284,0,0,0.0,1,8180.240050791672
1447,28,13583.240547309157,Rent,1,115.4448984142864,1,1887.1460787026288,0,0,0.0,0,0.0
1448,38,10765.065451469534,Rent,1,198.3344657103671,0,0.0,0,0,0.0,0,0.0
1449,45,34946.1721867453,Own,1,1501.686787915625,1,1064.6758439395935,0,0,0.0,1,8.906676468183182
1450,26,21949.88982861539,Mortgage,1,806.6353364840589,1,3444.879933148891,0,0,0.0,0,0.0
1451,58,36667.10563834186,Mortgage,1,1867.7616240243292,1,5473.843840093559,0,0,0.0,1,17.203680783860566
1452,43,18605.72118918066,Mortgage,1,1016.3782191820991,0,0.0,1,0,0.0,1,0.0
1453,41,12254.849639239139,Rent,1,0.0,1,1421.6694122762328,0,0,0.0,0,0.0
1454,75,58977.25998295499,Own,1,2251.189038702938,1,8571.054205687598,0,0,0.0,1,29.424571093828064
1455,67,108061.35621900256,Own,1,5060.917058815697,1,38762.00123939306,0,1,4523.116775751016,1,4.86163558781418
1456,79,53816.95025095025,Own,1,5111.508229234707,1,9059.610450678021,0,1,5279.43717512907,1,4127.255455226839
1457,34,22920.24580425271,Rent,1,716.7488246469738,1,2941.851266783535,0,0,0.0,0,0.0
1458,47,48332.987380454324,Mortgage,1,2830.6646275882194,1,8895.303961851285,0,0,0.0,1,5628.63154824725
1459,33,14857.731547514823,Mortgage,1,2037.101086612024,1,3158.5655143530503,0,0,0.0,0,0.0
1460,74,114714.09332136784,Own,1,4899.446067831057,1,40083.11939533198,0,0,0.0,1,6682.426741254388
1461,75,51680.170853228774,Own,1,2842.8054429702634,1,35716.98251241844,0,0,0.0,1,17.729603938076032
1462,58,41771.62567179169,Mortgage,1,898.7465057057835,1,2547.3877117121574,0,0,0.0,1,0.0
1463,27,525.5206015037594,Rent,0,0.0,0,0.0,0,0,0.0,0,0.0
1464,72,251762.96050851897,Own,1,5102.77671607663,1,96758.46639356414,1,1,4131.526642847701,1,5965.502540689202
1465,37,23188.15483863097,Rent,1,1540.5944212077432,1,2057.588853522332,0,0,0.0,0,0.0
1466,33,10911.670933151905,Rent,1,296.47522117298035,0,0.0,0,0,0.0,0,0.0
1467,59,45268.34909960406,Mortgage,1,1832.512553232942,1,9476.044269231013,1,0,0.0,1,5822.499058783405
1468,70,161532.5958329758,Own,1,3042.243407089422,1,50768.45731884882,1,1,18510.14144101731,1,9.925501515717682
1469,89,132931.86714310467,Own,1,10357.079954155543,1,77072.76256008711,1,1,7512.406517943207,1,0.0
1470,56,40150.33005399675,Mortgage,1,2571.249696691702,1,5001.826695355138,1,0,0.0,1,14.786257152201012
1471,54,21284.223775190356,Rent,1,902.3230392408559,1,3712.7282984287176,0,0,0.0,0,0.0
1472,55,35049.89246540191,Mortgage,1,2117.748704870675,0,0.0,1,0,0.0,1,7.629824008904734
1473,60,46795.890736841255,Mortgage,1,5293.932298283967,1,9761.81817543662,1,0,0.0,1,9.872815683444477
1474,30,2482.4820471030926,Rent,1,0.0,0,0.0,0,0,0.0,0,0.0
1475,72,109254.90246023124,Own,1,27154.83675326007,1,91782.93318963524,1,1,20714.82734950323,1,3.789854119899825
1476,27,20643.63940429229,Rent,0,0.0,0,0.0,0,0,0.0,0,0.0
1477,36,27361.5042402882,Rent,1,1390.0017108364618,1,2739.4733963530466,0,0,0.0,0,0.0
1478,62,38623.3940253574,Mortgage,1,1855.680298057755,1,9458.360246015242,1,0,0.0,1,6.502180990577444
1479,53,75577.20980193347,Mortgage,1,2864.7106908437336,1,8991.05653755198,1,0,0.0,1,0.0
1480,73,47429.98985716941,Rent,1,523.0293130902539,1,2076.512474960191,0,0,0.0,0,0.0
1481,36,525.5206015037594,Rent,0,0.0,0,0.0,0,0,0.0,0,0.0
1482,28,525.5206015037594,Rent,0,0.0,0,0.0,0,0,0.0,0,0.0
1483,33,34547.96474979969,Rent,1,854.78010162559,1,2249.1107002582216,0,0,0.0,0,0.0
1484,86,95197.94736095806,Own,1,32366.189723102885,1,85392.09108629005,1,1,19934.51696877277,1,13034.253879954176
1485,62,53444.750969209665,Mortgage,1,2089.0615150750664,1,2885.15027578861,1,0,0.0,1,0.0
1486,86,194576.46274575184,Own,1,3654.7480607476673,1,96758.46639356414,1,1,8429.27156055493,1,5894.26750573901
1487,44,11421.139398468073,Rent,0,0.0,0,0.0,0,0,0.0,0,0.0
1488,90,178155.1043214103,Own,1,3878.6017134657195,1,93100.07242142601,1,1,16520.812664164594,1,6547.2904356882045
1489,26,15874.022119498115,Rent,0,0.0,1,1216.682570074096,0,0,0.0,0,0.0
1490,37,22212.64676145704,Rent,1,580.0242020697433,1,2286.596011299271,0,0,0.0,0,0.0
1491,33,6128.861127625672,Rent,1,533.197934241495,1,325.7675455047963,0,0,0.0,0,0.0
1492,77,113529.58452214487,Own,1,3737.996875459154,1,10303.208139335813,1,1,11041.21310952707,1,13.349500889095879
1493,62,56415.457826902755,Mortgage,1,1435.810624517073,1,9454.29214178858,1,0,0.0,1,0.0
1494,28,4818.861911926042,Rent,1,372.0579704073426,0,0.0,0,0,0.0,0,0.0
1495,74,52270.07860336629,Mortgage,1,1005.743801456126,1,3209.28494460854,0,0,0.0,1,0.0
1496,88,67019.97774998433,Own,1,6644.902164815727,1,96758.46639356414,1,1,12920.778957447808,1,6178.33959646496
1497,91,126189.60017274835,Own,1,4042.604367296861,1,76379.12418258005,1,1,4240.0986235291875,1,0.0
1498,79,47117.49576262307,Own,1,2214.6518773213247,1,39021.08376842534,0,0,0.0,1,0.0
1499,35,6499.40941087795,Rent,1,144.86029786549625,0,0.0,0,0,0.0,0,0.0
1500,28,525.5206015037594,Rent,0,0.0,0,0.0,0,0,0.0,0,0.0
1501,49,45417.665336663915,Rent,1,1599.2016766554457,1,4200.283577008793,0,0,0.0,0,0.0
1502,27,23152.714911096744,Rent,1,693.3176345402878,0,0.0,0,0,0.0,0,0.0
1503,37,6535.073986272346,Rent,1,609.4594308257144,1,137.2342029100796,0,0,0.0,0,0.0
1504,73,99638.33073825201,Own,1,10668.767984418868,1,96660.92379147284,1,1,7483.134233153198,1,13.509896307206981
1505,56,49547.967059700764,Own,1,7023.0626085905515,1,35825.59996400715,0,0,0.0,1,0.0
1506,76,625564.0821929646,Own,1,3215.585251534649,1,96758.46639356414,1,1,19382.45494070782,1,14.89785059101093
1507,40,33923.930687582906,Mortgage,1,2093.9085820997498,1,39959.82751269104,0,0,0.0,1,0.0
1508,66,40633.06446129664,Own,1,2553.621127372643,1,37846.797698158676,0,0,0.0,1,0.0
1509,91,95663.26534750544,Own,1,5999.089861171611,1,84592.43291084906,1,1,18839.070447400587,1,15.29382036520793
1510,77,30559.869379924392,Own,1,1343.839616094092,0,0.0,0,0,0.0,1,19.675459333357736
1511,42,12481.756913365713,Mortgage,1,189.57470040887722,0,0.0,0,0,0.0,1,12.151308717826696
1512,75,230902.69909837042,Own,1,35313.79857575053,1,92230.96096458683,1,1,10407.101288759166,1,27.442232111386133
1513,29,19187.964662526443,Rent,1,81.12247005550682,0,0.0,0,0,0.0,0,0.0
1514,28,1372.7733307094168,Rent,1,0.0,0,0.0,0,0,0.0,0,0.0
1515,56,46430.034910735645,Mortgage,1,2065.489624137417,1,1852.4205798106593,1,0,0.0,1,0.0
1516,44,43527.65013469067,Rent,1,1448.0333412072023,1,3959.98465871645,0,0,0.0,1,4502.062834226516
1517,65,49911.70963032359,Own,1,2940.6308972037054,1,9225.464613965021,1,1,9.298204127048843,1,8.10898723541387
1518,36,525.5206015037594,Rent,0,0.0,0,0.0,0,0,0.0,0,0.0
1519,26,525.5206015037594,Rent,0,0.0,0,0.0,0,0,0.0,0,0.0
1520,30,26959.538400626465,Mortgage,1,576.1347342655201,0,0.0,1,0,0.0,1,6.801686229910709
1521,58,26269.98978644021,Own,1,1994.1777339821672,0,0.0,0,0,0.0,1,0.8260722999354864
1522,61,36239.717548307664,Mortgage,1,2620.550564095422,1,9421.177557166526,0,0,0.0,1,2675.6983339983094
1523,40,23451.390578298633,Mortgage,1,1776.4904371551097,0,0.0,0,0,0.0,1,0.0
1524,31,525.5206015037594,Rent,0,0.0,0,0.0,0,0,0.0,0,0.0
1525,80,114220.21803332861,Own,1,4239.920398181765,1,76925.47312557315,1,1,7066.7914569110135,1,1.9488387248365762
1526,89,173320.892070136,Own,1,6500.886782836374,1,86540.3714802135,1,1,41848.141574442816,1,18.362899256512595
1527,45,25202.85339814995,Rent,1,882.0245837677314,1,2127.084111305746,0,0,0.0,0,0.0
1528,77,109186.38144703672,Own,1,11069.833524976631,1,96758.46639356414,1,1,14594.374899507553,1,0.33580078709304917
1529,31,525.5206015037594,Rent,0,0.0,0,0.0,0,0,0.0,0,0.0
1530,33,1524.4723414044602,Rent,1,941.6511517311724,1,2972.233997519227,0,0,0.0,0,0.0
1531,66,41190.6896864832,Mortgage,1,1334.7244087808497,1,2579.7302062479794,1,0,0.0,1,11.61947217468296
1532,31,10526.614425600965,Rent,1,195.0336400403205,0,0.0,0,0,0.0,0,0.0
1533,37,525.5206015037594,Rent,0,0.0,0,0.0,0,0,0.0,0,0.0
1534,42,41376.15678922288,Mortgage,1,342.8866694022238,0,0.0,0,0,0.0,1,6.2338216688519825
1535,35,11494.074831465168,Rent,1,921.7529320092142,1,2677.4446510317116,0,0,0.0,0,0.0
1536,30,21280.023980204645,Rent,1,1063.182736834037,1,1323.6049801096392,0,0,0.0,0,0.0
1537,43,60027.37480916052,Mortgage,1,1386.2449452042856,1,2235.671617009849,1,0,0.0,1,2.2082038080346678
1538,26,525.5206015037594,Rent,0,0.0,0,0.0,0,0,0.0,0,0.0
1539,39,14543.659095596384,Rent,1,449.8080537865375,0,0.0,0,0,0.0,0,0.0
1540,57,29997.19661991914,Rent,1,470.41371572410986,0,0.0,1,0,0.0,1,0.0
1541,79,33736.57893693357,Mortgage,1,2240.979002753556,0,0.0,0,0,0.0,1,0.0
1542,62,51309.70041348495,Mortgage,1,1427.723517075316,1,1915.692030956214,1,0,0.0,1,0.0
1543,73,86299.46598161355,Own,1,3177.9699650700495,1,96758.46639356414,1,1,4864.937350815731,1,9659.797971254731
1544,37,26140.993510401524,Mortgage,1,1129.7950159339034,1,4737.907606371558,0,0,0.0,1,0.0
1545,64,28782.87992971715,Mortgage,1,1992.8803055133035,1,2239.7990631427056,0,0,0.0,1,6853.576164806215
1546,45,26574.141403524885,Rent,1,402.2332370915234,1,3423.917569678073,0,0,0.0,0,0.0
1547,55,12657.19765779979,Mortgage,1,1527.0546246074277,1,2995.1073813102325,0,0,0.0,0,0.0
1548,51,39813.49365267965,Mortgage,1,2690.9639324968707,1,9422.568553315454,0,0,0.0,1,9.671637305999427
1549,38,24519.9510041876,Mortgage,1,987.4658221099346,1,2481.947428623499,0,0,0.0,1,2626.376483167931
1550,91,271568.7645469689,Own,1,34896.77287606278,1,92678.99829598302,1,1,5347.60966993871,1,1.6367531410463416
1551,59,21857.222850523314,Mortgage,1,839.601378338249,0,0.0,1,0,0.0,1,2598.6686946974964
1552,47,22813.15511081688,Mortgage,1,832.6023060626056,1,3480.6045814108256,0,0,0.0,0,0.0
1553,58,80377.8070491289,Mortgage,1,2689.341452898394,1,9602.131412923103,1,0,0.0,1,0.0
1554,58,17522.323601115437,Mortgage,1,1501.563716708788,0,0.0,1,0,0.0,1,8.018343974378269
1555,51,70616.78167787238,Mortgage,1,1328.872043358097,0,0.0,1,0,0.0,1,0.0
1556,68,42455.10613994551,Own,1,6353.820795885673,1,37164.827403719726,0,0,0.0,1,12.368905610619827
1557,40,6753.4761014541655,Rent,1,755.12846617608,0,0.0,0,0,0.0,0,0.0
1558,33,14001.256328133239,Rent,1,1341.1724790526216,0,0.0,0,0,0.0,0,0.0
1559,47,18595.2272185931,Rent,1,1740.5973310041936,1,2686.9779560199227,0,0,0.0,1,5.771410874928919
1560,59,78998.63035770913,Own,1,2155.6168078673286,1,47387.80587883881,0,0,0.0,1,0.0
1561,61,43096.72848451224,Mortgage,1,2191.888334024787,1,8473.974424180411,1,0,0.0,1,12.756594037064419
1562,37,11862.783962239606,Rent,1,246.43468510187677,0,0.0,0,0,0.0,0,0.0
1563,79,95972.49184950948,Own,1,1890.5928951648693,1,82076.22183346916,1,0,0.0,1,22.66240960288281
1564,29,33699.314393054956,Rent,1,732.934768013059,1,36587.448553455324,0,0,0.0,0,0.0
1565,46,24184.269321401258,Mortgage,1,1554.1846629634,1,3621.4327721558543,0,0,0.0,0,0.0
1566,26,525.5206015037594,Rent,0,0.0,0,0.0,0,0,0.0,0,0.0
1567,63,53899.476057204694,Own,1,4662.223371847826,1,9768.504275778503,0,0,0.0,1,11.0819084753134
1568,51,50315.20644783959,Mortgage,1,1885.5977844766564,1,3382.507868184875,1,0,0.0,1,2924.5618078331245
1569,58,48284.02514782955,Mortgage,1,785.9609590607998,1,3489.485735424955,1,0,0.0,1,0.0
1570,63,51286.23452045852,Mortgage,1,1026.1019517066238,1,9910.13710695574,1,0,0.0,1,2132.1463174790442
1571,29,525.5206015037594,Rent,0,0.0,0,0.0,0,0,0.0,0,0.0
1572,44,24078.58686970338,Rent,1,1010.7435198039093,1,2934.6436695703323,0,0,0.0,0,0.0
1573,35,18376.97427685389,Rent,1,952.4583887928284,1,2317.415260590825,0,0,0.0,0,0.0
1574,58,18672.45131828954,Rent,1,956.930694916957,1,1777.832111209741,1,0,0.0,0,0.0
1575,28,9004.426840066177,Rent,1,595.8741997778184,1,1590.8199560567195,0,0,0.0,0,0.0
1576,68,48806.14273914649,Own,1,5536.882410665229,1,44482.984757631435,0,0,0.0,1,6.449298913090906
1577,53,22034.426962970956,Mortgage,1,1275.7945815621042,1,2936.768333482791,0,0,0.0,1,0.0
1578,54,41918.692481736456,Mortgage,1,1154.3964748680023,1,3122.1910143377845,1,0,0.0,1,0.0
1579,29,525.5206015037594,Rent,0,0.0,0,0.0,0,0,0.0,0,0.0
1580,64,39001.05895766916,Mortgage,1,1016.2175056807728,1,4288.116752735715,0,0,0.0,1,14.158942306515643
1581,71,74732.73165601608,Own,1,2202.9667140634288,1,38364.859642506446,0,0,0.0,1,10.512494978820872
1582,39,9546.549408264858,Rent,0,0.0,0,0.0,0,0,0.0,0,0.0
1583,41,11988.980484439438,Mortgage,1,926.9159318266421,0,0.0,0,0,0.0,1,0.0
1584,41,21581.609686837903,Rent,1,4403.134379869371,1,3028.811290437697,0,0,0.0,0,0.0
1585,41,12666.413745524234,Rent,1,1361.3195846236085,1,2024.9034819438243,0,0,0.0,0,0.0
1586,51,39768.0286890632,Own,1,1057.0832013168897,1,2917.946268625546,0,0,0.0,1,3.5430877791474527
1587,32,6222.373930025917,Rent,0,0.0,0,0.0,0,0,0.0,0,0.0
1588,75,109626.25328031104,Own,1,3560.780268540355,1,96054.80750389105,1,1,7759.955018812398,1,17.11027607232307
1589,64,19090.615162736565,Mortgage,1,822.4193855002748,1,3852.3268659156047,1,0,0.0,1,0.0
1590,60,67478.56750104918,Mortgage,1,2241.077125023434,1,10224.148197051763,1,0,0.0,1,8.885380858783357
1591,74,48364.87617370554,Own,1,6709.797400033608,1,38374.204282938226,0,0,0.0,1,0.0
1592,75,119436.45171589611,Own,1,2476.2525619998123,1,38910.20472143745,0,0,0.0,1,6351.7351463251925
1593,31,6526.666266166831,Rent,0,0.0,1,1204.3710706668928,0,0,0.0,0,0.0
1594,55,40733.98494757866,Mortgage,1,1614.0689860308494,1,4851.636813458825,0,0,0.0,1,1979.2709893763276
1595,77,67365.79337052343,Own,1,3683.42936040388,1,38203.77329008593,0,0,0.0,1,0.0
1596,58,38810.906024724936,Mortgage,1,854.0814566322724,0,0.0,1,0,0.0,1,3647.7969670434195
1597,65,65817.8890252339,Own,1,3867.2878486743703,1,37793.82543535108,0,0,0.0,1,3858.534562312639
1598,70,19002.354426963913,Own,1,2112.204944397088,1,42830.18665651801,0,0,0.0,1,0.0
1599,44,32254.055009382566,Mortgage,1,1445.6512240713055,1,3361.952466787152,0,0,0.0,1,0.0
1600,39,11829.043905731083,Rent,1,1132.9236724094071,0,0.0,0,0,0.0,0,0.0
1601,30,25871.61338664568,Rent,1,2012.6725679921249,1,440.27775189708336,0,0,0.0,0,0.0
1602,66,25870.644214237105,Mortgage,1,785.3061413376646,0,0.0,1,0,0.0,1,0.0
1603,30,19095.552477029774,Rent,1,548.322403989524,1,2127.5995017554765,0,0,0.0,0,0.0
1604,65,34437.96434482404,Mortgage,1,709.0041940827161,1,2713.416189617991,0,0,0.0,1,0.0
1605,42,13621.744572037433,Rent,1,570.1503017178807,1,1397.142796795748,0,0,0.0,1,10.949261729867057
1606,61,68676.45151196214,Mortgage,1,1792.5641190485187,1,9178.85012153163,1,0,0.0,1,2308.393951671991
1607,66,57976.45655765254,Mortgage,1,5037.930624792062,1,8597.325584912316,1,0,0.0,1,9.489609858122787
1608,81,127228.94976402042,Own,1,4898.674666385709,1,75400.4384300283,0,1,6594.407684423903,1,13.996389192308971
1609,32,525.5206015037594,Rent,1,0.0,1,2375.9619510443745,0,0,0.0,0,0.0
1610,55,63042.09459996009,Mortgage,1,1842.050359093178,1,9822.977118830726,1,0,0.0,1,0.9200828935378652
1611,30,22119.13050409162,Rent,1,512.6372798019127,1,358.7483037213585,0,0,0.0,0,0.0
1612,47,60847.18838269077,Mortgage,1,1470.3569677965895,1,3676.7316983362416,0,0,0.0,1,2326.733727104106
1613,45,125924.05376522636,Own,1,1296.6362599835106,1,36084.74183964124,0,0,0.0,1,4.10688701047438
1614,63,41291.158654364255,Own,1,5499.071254253179,1,35056.31943735921,0,0,0.0,1,9.05346288150034
1615,64,43231.86394112384,Own,1,1096.7544408368058,1,681.4287614000975,0,0,0.0,1,11.29442101507948
1616,46,61991.767438762894,Mortgage,1,1322.9763288344238,1,41025.31921585644,1,0,0.0,1,5904.804629399947
1617,64,52789.80590543552,Mortgage,1,2004.8576084079687,1,8602.052550440952,1,0,0.0,1,4.06339441538237
1618,29,26215.483441391574,Mortgage,1,782.2599862951969,1,3151.5278755378317,0,0,0.0,0,0.0
1619,57,14449.506674158634,Mortgage,1,1433.7256851456088,1,4041.3693479536323,0,0,0.0,1,0.0
1620,44,68082.79954596348,Mortgage,1,1060.3126296690482,1,3826.70177472867,0,0,0.0,1,0.0
1621,60,65161.86616915184,Mortgage,1,1292.374189994236,1,9350.410675505853,1,0,0.0,1,0.0
1622,31,10193.061156115904,Rent,1,385.3013749751012,0,0.0,0,0,0.0,0,0.0
1623,38,19835.507197914463,Rent,1,590.5585867158111,0,0.0,0,0,0.0,0,0.0
1624,50,41736.07410901658,Mortgage,1,658.561089211402,1,4284.288458214894,0,0,0.0,1,1.3458948312691472
1625,29,7340.152385236157,Rent,1,504.6300528696368,1,1296.107403542319,0,0,0.0,0,0.0
1626,65,66323.49235371829,Mortgage,1,1486.9521711280167,0,0.0,0,0,0.0,1,0.0
1627,68,59735.5573295298,Own,1,5445.576417226641,1,9460.12241471168,0,0,0.0,1,3857.3135778234296
1628,31,7612.606535523721,Rent,1,637.0633154226679,1,1330.5237951963968,0,0,0.0,0,0.0
1629,59,35670.118512361456,Mortgage,1,1782.1805536115303,1,8896.533142954164,1,0,0.0,1,6181.050997394038
1630,30,25680.2177574876,Rent,1,597.9358564355781,1,983.2600692378451,0,0,0.0,0,0.0
1631,89,115147.44943065326,Own,1,12070.859749183022,1,91996.01480693476,1,1,7680.379253764791,1,8657.644011713674
1632,26,16864.590144936916,Rent,1,634.916889225851,1,1545.8425077383106,0,0,0.0,0,0.0
1633,43,34037.26090043161,Mortgage,1,1326.9875519070833,1,2213.380936230113,0,0,0.0,1,3.353907643807837
1634,71,96626.15026749008,Own,1,9554.845827860212,1,96205.3876752755,1,1,7899.408519140563,1,8880.958289348617
1635,38,6861.705608020313,Rent,1,616.931739359359,0,0.0,0,0,0.0,0,0.0
1636,75,85590.82738459771,Own,1,8574.158804965995,1,44704.32250382162,0,1,8796.113225962643,1,11.363943885655733
1637,73,38090.37328706732,Own,1,2873.983583117468,1,46617.584234700415,0,0,0.0,1,0.0
1638,76,98118.28393024426,Own,1,12825.377975205913,1,42585.0011774317,0,0,0.0,1,26.326798348831165
1639,37,19855.979598801096,Rent,1,851.8502331915203,1,1702.545438243079,0,0,0.0,0,0.0
1640,47,30702.822922555526,Mortgage,1,2050.395260877996,1,4612.936865246214,1,0,0.0,1,0.0
1641,30,10517.276966588906,Rent,1,645.016063482623,0,0.0,0,0,0.0,0,0.0
1642,37,836.6502207515186,Rent,0,0.0,1,200.48944454933303,0,0,0.0,0,0.0
1643,40,14182.638748783615,Rent,0,0.0,1,713.7266510533316,0,0,0.0,0,0.0
1644,71,71197.05713085918,Mortgage,1,2272.8578895931705,1,9629.248314486505,1,1,26.464805699295127,1,0.0
1645,76,103615.19906629587,Own,1,3847.910540634132,1,95586.64381634635,1,1,10805.031182388082,1,12.87291338101173
1646,43,21176.24904038547,Mortgage,1,912.6726249619448,1,2826.130888540668,0,0,0.0,1,7.532778748409709
1647,71,80298.52779933797,Own,1,1985.312034350975,1,96350.4636974869,0,1,19.19449859147156,1,0.0
1648,91,118245.75437031541,Own,1,5126.1448366750565,1,96488.91553102738,1,1,8090.249043248941,1,9772.78659810883
1649,27,8000.030073545036,Rent,1,252.3727196495463,0,0.0,0,0,0.0,0,0.0
1650,29,525.5206015037594,Rent,0,0.0,0,0.0,0,0,0.0,0,0.0
1651,32,17992.067792802714,Rent,1,802.060574026686,1,2297.374953618161,0,0,0.0,0,0.0
1652,68,62402.40201997713,Mortgage,1,3424.6310997765336,1,7207.497213351262,1,0,0.0,1,0.0
1653,88,145726.43866256115,Own,1,12802.050013059074,1,83942.45865766027,1,1,8332.374972277994,1,0.0
1654,38,18384.540818442147,Mortgage,1,1622.3754847504815,1,4692.617555999715,0,0,0.0,1,10.908985403583856
1655,34,525.5206015037594,Rent,0,0.0,0,0.0,0,0,0.0,0,0.0
1656,58,45240.540301740904,Mortgage,1,2111.5356314524943,1,3307.9002700673004,0,0,0.0,1,9.703583223226888
1657,91,1028995.0596992482,Own,1,27445.241749396377,1,96758.46639356414,1,1,4488.357085859133,1,7.64624903238489
1658,30,3592.777294599584,Rent,1,1062.062514098447,1,3265.837681849379,0,0,0.0,0,0.0
1659,59,32577.971697467117,Own,1,566.9918569574305,1,1945.2254180500338,0,0,0.0,1,3864.0414010395266
1660,39,8339.761083497182,Rent,0,0.0,1,544.5323301097278,0,0,0.0,0,0.0
1661,29,1159.9020296099916,Rent,0,0.0,0,0.0,0,0,0.0,0,0.0
1662,65,57009.92998368446,Mortgage,1,1861.060212231916,1,3991.599127993376,0,0,0.0,1,0.0
1663,68,20598.03931175114,Own,1,1374.292382717898,1,2710.8138396021077,0,0,0.0,1,13.87974544300901
1664,28,3389.8421788161795,Rent,0,0.0,1,854.337335515226,0,0,0.0,0,0.0
1665,29,18600.008753709742,Rent,1,441.87222417214986,1,2054.9094796112586,0,0,0.0,0,0.0
1666,78,112802.24985920168,Own,1,26614.124372672824,1,95942.4361753408,1,1,19124.965189362687,1,20.978243194575445
1667,71,84313.87735151775,Own,1,1513.6605336669006,1,44636.916975503256,0,0,0.0,1,0.0
1668,62,25384.888616559812,Mortgage,1,901.7564467785744,1,3513.257746654651,0,0,0.0,1,2524.2898980802897
1669,31,7469.1694832442845,Rent,1,167.71364548239535,1,326.68416891050174,0,0,0.0,0,0.0
1670,62,78600.73942476838,Mortgage,1,1467.1543987713044,1,8926.738834223006,1,0,0.0,1,4.469974697676239
1671,36,10005.179564339622,Rent,1,366.32508494112164,1,1082.406882565625,0,0,0.0,0,0.0
1672,34,12781.426106823936,Rent,1,538.642038834205,0,0.0,0,0,0.0,0,0.0
1673,27,16311.239607481599,Mortgage,1,1172.0938190726927,1,3706.370861080755,0,0,0.0,0,0.0
1674,30,34824.92046235069,Rent,1,888.4542589239323,1,3166.082402741804,0,0,0.0,0,0.0
1675,27,16083.076613000256,Rent,0,0.0,0,0.0,0,0,0.0,0,0.0
1676,50,17597.218886416016,Rent,1,1003.2631140578883,1,2126.1984672792387,0,0,0.0,0,0.0
1677,80,55275.369382855024,Own,1,2468.2242688101805,1,9310.013117773895,0,0,0.0,1,7413.237722608666
1678,34,22764.17647553148,Rent,1,1148.3800687611279,1,2085.726176767778,0,0,0.0,0,0.0
1679,39,19872.81942941442,Rent,1,769.4201199000756,1,712.2365720684102,0,0,0.0,0,0.0
1680,59,43193.261159064125,Own,1,3999.183478528632,1,3332.9569019155238,0,0,0.0,1,0.0
1681,32,11992.41836971535,Rent,0,0.0,0,0.0,0,0,0.0,0,0.0
1682,63,29086.688943912985,Mortgage,1,2275.760983033153,1,8784.808301609954,1,0,0.0,1,7.611164693620746
1683,75,230720.63733723463,Own,1,6850.106984294062,1,96443.4050806662,1,1,5156.3556714717415,1,7.111284580840897
1684,62,44103.85130045635,Mortgage,1,1538.880754260811,1,4506.999257443145,1,0,0.0,1,3047.6181884881826
1685,52,47699.102901865714,Mortgage,1,1796.3713985849956,1,3022.124788615716,1,0,0.0,1,2690.4440396045784
1686,58,59792.77125918915,Mortgage,1,2724.305660250621,0,0.0,1,0,0.0,1,4110.233953339935
1687,50,21051.967911504795,Mortgage,1,1180.335244574614,1,3545.6814496674315,0,0,0.0,1,34.031537614424764
1688,62,55979.095223956,Own,1,2256.244193338246,1,36254.552784979984,0,0,0.0,1,2606.4279956243286
1689,70,101263.51838985598,Own,1,6485.727963451746,1,38818.97654693693,0,1,13.176402384301037,1,2.5964256509966224
1690,72,60052.631435382325,Mortgage,1,1565.4842073828977,1,8606.553705111717,1,0,0.0,1,9.283334111386539
1691,31,11923.32907087068,Rent,1,100.05280693165685,1,628.1599551748488,0,0,0.0,0,0.0
1692,61,20620.664221137435,Mortgage,1,5377.687130520837,1,7417.3037128432625,1,0,0.0,1,11.19203508127877
1693,88,131097.51407323414,Own,1,8209.217821517526,1,74969.42564410661,1,1,15293.584757570083,1,2.4176988273329916
1694,52,3206.1371530710385,Rent,1,186.3566790785336,0,0.0,0,0,0.0,0,0.0
1695,40,14927.525699949634,Rent,1,622.6408355702406,1,2235.6247703870276,0,0,0.0,0,0.0
1696,36,14343.953675583585,Rent,1,50.077816908184104,0,0.0,0,0,0.0,0,0.0
1697,32,12845.555733506626,Rent,0,0.0,0,0.0,0,0,0.0,0,0.0
1698,88,225417.73196675346,Own,1,9313.058152797315,1,96758.46639356414,1,1,8687.414259650157,1,16.317478451746286
1699,34,31726.516790410486,Rent,1,1158.8880044835573,1,4117.901945653567,0,0,0.0,0,0.0
1700,34,15818.197424796981,Mortgage,1,1432.2775894821782,0,0.0,0,0,0.0,0,0.0
1701,44,27595.585899802725,Rent,1,731.5704616073131,1,3400.0449445482723,0,0,0.0,1,2691.1751903171903
1702,34,16780.13619927489,Rent,1,1072.2752988943664,1,2499.7121738257542,0,0,0.0,0,0.0
1703,30,23691.35758419661,Rent,1,443.6602123624532,1,468.1121183201485,0,0,0.0,0,0.0
1704,90,131008.15489942199,Own,1,7952.351971853104,1,92935.47173617146,1,1,4589.185444837829,1,0.0
1705,56,39275.97446840387,Mortgage,1,2226.778126359519,1,9317.40350395793,1,0,0.0,1,4519.99908347999
1706,75,85505.60601237768,Own,1,2765.6524594864154,1,35533.646002719484,0,0,0.0,1,6.561054053951606
1707,40,18029.968902007648,Rent,1,497.01846095838755,1,1935.6561992336774,0,0,0.0,0,0.0
1708,45,12215.099839052269,Mortgage,1,627.0256238314034,0,0.0,0,0,0.0,1,0.0
1709,91,229227.83147095327,Own,1,11055.949055356403,1,96758.46639356414,1,1,21706.488377082365,1,8737.904319281655
1710,60,35510.888670338005,Mortgage,1,1211.8870373627803,1,5632.880019817403,0,0,0.0,1,2389.541901523326
1711,37,7903.703664022869,Rent,1,521.6435076990925,0,0.0,0,0,0.0,0,0.0
1712,44,42965.16598363772,Mortgage,1,2792.3778583144112,1,4156.082621522732,0,0,0.0,1,8.56179653202443
1713,78,119732.22445472836,Own,1,6053.281013964265,1,96023.20494651515,1,1,4450.358467802563,1,9109.449352118329
1714,64,93755.12490849697,Own,1,2212.4662079819277,1,38810.93496193257,0,0,0.0,1,0.0
1715,73,41543.5525415675,Mortgage,1,2271.444447584265,1,10648.839640661301,1,0,0.0,1,23.67574979695489
1716,40,11408.509235146146,Rent,1,604.4996222783483,1,1739.2616024620838,0,0,0.0,0,0.0
1717,26,7608.2371691696735,Rent,0,0.0,0,0.0,0,0,0.0,0,0.0
1718,41,30785.09378012878,Own,1,1368.5561683306457,1,2228.9975309799283,0,0,0.0,1,22.908218747594642
1719,40,30750.790424868082,Mortgage,1,2160.1382432197092,1,3647.934878106412,0,0,0.0,1,0.0
1720,33,33196.13641595826,Rent,1,704.1887036411154,1,3406.91731537584,0,0,0.0,0,0.0
1721,29,19975.639493185783,Rent,1,522.1765347780447,1,2006.2729364271645,0,0,0.0,0,0.0
1722,27,30291.83564648172,Rent,1,1761.4006560760415,1,377.3563571110126,0,0,0.0,0,0.0
1723,72,435428.8253781522,Own,1,8445.311630299388,1,96758.46639356414,1,1,20335.221844218984,1,15.132224447041798
1724,65,57906.05597440284,Mortgage,1,1679.8378703213777,1,1799.2955208668225,0,0,0.0,1,9.666192502580543
1725,29,15175.476642331265,Rent,1,801.4150503666616,0,0.0,0,0,0.0,0,0.0
1726,71,50253.74665814145,Own,1,7816.031490196609,1,38010.878283391445,0,0,0.0,1,2.3025782312513052
1727,32,15494.07990183799,Rent,1,1087.2801295217707,1,3390.624669252227,0,0,0.0,0,0.0
1728,77,127072.74105102083,Own,1,4663.299346728163,1,77906.27006518331,0,1,19467.593537948072,1,6080.36538126468
1729,83,208491.06332894834,Own,1,11248.834001499421,1,96758.46639356414,1,1,19843.01735650526,1,0.0
1730,51,26559.666861210346,Mortgage,1,1524.553948587466,1,5444.119882087714,0,0,0.0,1,0.0
1731,71,42228.060152846825,Own,1,1884.449595061497,1,48504.48334154194,0,0,0.0,1,14.374239325558648
1732,37,30618.825190808613,Rent,1,643.4884238914599,1,404.36098074911547,0,0,0.0,0,0.0
1733,44,9609.243195193378,Mortgage,1,239.81494801735164,0,0.0,0,0,0.0,0,0.0
1734,60,29827.947029365874,Mortgage,1,2019.6691207136555,1,8993.441578796746,1,0,0.0,1,4041.447286531098
1735,39,987.1657162113734,Rent,0,0.0,0,0.0,0,0,0.0,0,0.0
1736,60,25066.805106868775,Mortgage,1,1974.8312755124125,1,2788.627884995932,1,0,0.0,1,8.789103557873158
1737,40,15181.812366289036,Rent,0,0.0,0,0.0,0,0,0.0,0,0.0
1738,45,27377.38153046748,Mortgage,1,1779.43775856349,1,4213.912805813352,0,0,0.0,1,7.613570699986244
1739,57,58703.38274000076,Mortgage,1,2526.649029567498,1,9740.32639351465,1,0,0.0,1,0.0
1740,27,525.5206015037594,Rent,0,0.0,0,0.0,0,0,0.0,0,0.0
1741,72,100839.35829405216,Own,1,4510.641741854839,1,36539.64876057409,0,1,18.729366209380803,1,0.0
1742,75,91617.15109906155,Own,1,5271.954540298863,1,96758.46639356414,1,1,8514.03890346864,1,0.0
1743,65,79624.19645039216,Own,1,2015.9059585565712,1,8661.370488114819,0,0,0.0,1,2.119194338462613
1744,40,24235.14903674758,Rent,1,1466.0488112923008,1,3820.0395526778293,0,0,0.0,0,0.0
1745,91,921216.9568786761,Own,1,6892.950737999642,1,95215.29054139019,1,1,19304.092115061074,1,10132.351063339085
1746,29,9514.402277315767,Rent,0,0.0,0,0.0,0,0,0.0,0,0.0
1747,88,139225.66303252737,Own,1,4586.215894385078,1,76872.04261735933,1,1,4489.611602526865,1,3.7431319894220825
1748,42,27945.44066887902,Mortgage,1,1759.0496918375147,1,4927.053461374593,0,0,0.0,1,0.0
1749,38,11538.642484421216,Rent,1,505.0782660817267,0,0.0,0,0,0.0,0,0.0
1750,32,24153.319643060095,Rent,1,369.57791837430966,1,2257.769738051609,0,0,0.0,0,0.0
1751,30,18492.05915604613,Rent,1,791.0400315674652,1,2320.0681014944207,0,0,0.0,0,0.0
1752,90,792737.7546839875,Own,1,7053.055978584924,1,96758.46639356414,1,1,21636.816345674357,1,18.571608043393727
1753,59,62348.05727428579,Mortgage,1,1038.3521031481907,1,4633.153821349251,0,0,0.0,1,0.0
1754,74,76454.04093961546,Own,1,3505.7919705751297,1,2033.7671043997198,0,0,0.0,1,0.0
1755,87,175565.4147334164,Own,1,3994.8300512134792,1,93574.00687085069,1,1,4277.231409008191,1,10.834373173725114
1756,28,8438.639193678531,Rent,0,0.0,0,0.0,0,0,0.0,0,0.0
1757,41,49399.49507223691,Mortgage,1,904.7117205858734,1,3561.168264901903,0,0,0.0,1,2508.1040805361554
1758,38,17112.537421499153,Own,1,1032.949814451512,1,2851.4291684899213,0,0,0.0,1,0.0
1759,67,212673.45658012122,Own,1,7346.172116865648,1,42427.18252562847,0,1,3958.5283767400306,1,5624.571044175751
1760,79,133856.8833503638,Own,1,4628.112669996123,1,47498.892076508324,0,0,0.0,1,4.54104149743085
1761,59,50670.70376075001,Mortgage,1,920.7164177129534,1,2071.438025784022,1,0,0.0,1,4766.312742027769
1762,26,6061.609819811114,Rent,1,0.0,1,0.0,0,0,0.0,0,0.0
1763,81,144634.75149146956,Own,1,5549.663834864584,1,41825.97342686412,0,0,0.0,1,9821.351726888406
1764,76,92527.21695793391,Own,1,9775.945036303032,1,95003.8468865943,1,1,11090.171684261673,1,0.0
1765,67,24780.44508615341,Rent,1,2133.325974094694,1,8341.214677904723,1,0,0.0,1,0.0
1766,76,129120.04280946628,Own,1,5048.9499532275295,1,96758.46639356414,1,1,9801.659933030822,1,16.864155538522738
1767,60,43399.02699411173,Mortgage,1,802.7259081513421,0,0.0,1,0,0.0,1,0.0
1768,27,26599.93216313071,Rent,1,877.4464593233995,1,1593.5130793078897,0,0,0.0,0,0.0
1769,26,9764.89461250799,Rent,1,274.4643382656652,1,799.8802920053713,0,0,0.0,0,0.0
1770,30,525.5206015037594,Rent,0,0.0,0,0.0,0,0,0.0,0,0.0
1771,45,33160.27244374742,Mortgage,1,1521.3051831365478,1,3335.189169359174,0,0,0.0,1,0.0
1772,57,65407.05452973784,Mortgage,1,2169.679409548006,1,9879.110723533537,1,0,0.0,1,0.0
1773,39,27660.683883528924,Mortgage,1,451.1969030203076,1,3125.443675951148,0,0,0.0,1,0.0
1774,32,8497.364313719283,Rent,1,878.8910824157158,1,1092.236511124347,0,0,0.0,0,0.0
1775,76,105706.3017572755,Own,1,7982.817631400703,1,76290.1629931668,1,1,4470.647739631883,1,20.680629318548224
1776,54,30587.034376233914,Mortgage,1,1868.8381582613597,1,9731.032918244393,1,0,0.0,1,11.112193316985154
1777,45,29390.284854487385,Rent,1,1133.9594163073411,1,1552.92295804393,0,0,0.0,1,0.0
1778,42,46411.46468557931,Mortgage,1,1296.9817356454068,0,0.0,1,0,0.0,1,2.644296967411111
1779,45,16854.15487455064,Mortgage,1,1751.2690356110531,0,0.0,0,0,0.0,1,5.748918269852876
1780,89,111874.26577931603,Own,1,7172.722057271576,1,45706.06229115936,1,1,4521.7136109330395,1,6.74400815971059
1781,42,4826.681939481012,Mortgage,1,196.33404052722005,0,0.0,0,0,0.0,1,0.0
1782,53,38619.1993132689,Mortgage,1,2442.5847170289644,1,5301.876474985447,0,0,0.0,1,3053.7624872767014
1783,48,14989.55860722244,Mortgage,1,1064.1756517305125,1,1738.584504942843,0,0,0.0,1,25.30181961210717
1784,62,59371.308776325284,Mortgage,1,3841.7434823454664,1,9476.201753614569,1,0,0.0,1,14.533393192320098
1785,33,36864.09360458454,Rent,1,402.04646927320675,1,2030.6222647435184,0,0,0.0,0,0.0
1786,40,17823.83254592298,Rent,1,334.30557470667407,1,1125.4274181176372,0,0,0.0,0,0.0
1787,40,46178.948222374966,Rent,1,1254.136355191507,1,2510.9699863467554,0,0,0.0,0,0.0
1788,42,13842.376957219614,Rent,0,0.0,0,0.0,0,0,0.0,0,0.0
1789,63,35499.788502777315,Mortgage,1,1947.8474296342927,1,2747.6128217525975,0,0,0.0,1,5115.973886222436
1790,73,31847.646399335863,Own,1,2534.557076533114,1,35782.896269444274,0,0,0.0,1,0.0
1791,33,525.5206015037594,Rent,0,0.0,0,0.0,0,0,0.0,0,0.0
1792,33,12960.457757272135,Rent,1,941.0819236114864,1,279.3611774734677,0,0,0.0,0,0.0
1793,42,58157.897103752424,Mortgage,1,1520.2511963173865,0,0.0,0,0,0.0,1,0.0
1794,67,43169.33803221394,Mortgage,1,2636.0698423824033,1,9396.639138374418,1,0,0.0,1,8.629584234464431
1795,65,74144.71159472642,Mortgage,1,1783.648809405663,1,8850.349093084173,1,0,0.0,1,5136.951233702791
1796,44,8455.832104401272,Mortgage,1,706.4258540787918,0,0.0,0,0,0.0,0,0.0
1797,27,525.5206015037594,Rent,0,0.0,0,0.0,0,0,0.0,0,0.0
1798,39,8173.507390594341,Rent,0,0.0,0,0.0,0,0,0.0,0,0.0
1799,84,751646.6450173825,Own,1,8187.9303877195025,1,96758.46639356414,1,1,11399.003882681196,1,8.855695766513573
1800,30,9440.831532411266,Rent,0,0.0,0,0.0,0,0,0.0,0,0.0
1801,30,525.5206015037594,Rent,0,0.0,0,0.0,0,0,0.0,0,0.0
1802,29,14823.060735832996,Rent,1,186.3920822187779,0,0.0,0,0,0.0,0,0.0
1803,41,44261.52266915642,Mortgage,1,1696.1823439098566,1,3283.0616963151915,0,0,0.0,1,4.683888988966123
1804,71,32129.574835903582,Own,1,2102.138735260244,1,37583.39117893123,0,0,0.0,0,0.0
1805,77,34763.84259663084,Own,1,4480.530435310731,1,45248.373957393516,0,1,5456.853195102779,1,5429.779673494781
1806,45,4084.529616991389,Mortgage,0,0.0,0,0.0,0,0,0.0,0,0.0
1807,69,34777.505008643646,Rent,1,1735.4396314192445,1,3014.834419455444,1,0,0.0,0,0.0
1808,76,53317.76032492891,Own,1,7031.287170861343,1,37144.22781502042,0,0,0.0,1,0.0
1809,64,35502.23552022339,Mortgage,1,1331.1760861996636,1,3200.7848174574237,1,0,0.0,1,28.40102815116488
1810,58,52170.18918488982,Mortgage,1,2959.432070584557,1,7693.100278432599,1,0,0.0,1,0.0
1811,67,53120.44209561921,Mortgage,1,2536.1225151734993,1,9137.973345964525,1,0,0.0,1,3.0568391993110393
1812,51,24456.622425736452,Mortgage,1,859.2039934752169,1,2400.887849200642,0,0,0.0,0,0.0
1813,73,55924.15805112019,Own,1,2735.9882902313257,1,36823.91743731146,0,0,0.0,1,4.510820735828757
1814,53,38215.3524373687,Mortgage,1,1820.2558700494742,1,5183.763849519011,0,0,0.0,1,2608.5669931237794
1815,47,76219.85496207893,Mortgage,1,2632.625007615053,1,3519.8818936098387,0,0,0.0,1,2250.1555867927495
1816,57,55462.76868266188,Mortgage,1,1352.5356754443394,1,3971.7855471790613,0,0,0.0,1,0.0
1817,71,53505.75527752279,Own,1,1796.53713155494,1,35726.12076480336,0,0,0.0,1,0.0
1818,28,7177.081639832855,Rent,1,325.81626811930346,1,1742.7580044673614,0,0,0.0,0,0.0
1819,33,6912.661913666951,Rent,1,126.0680864296645,1,707.2658407403617,0,0,0.0,0,0.0
1820,38,27257.143323376185,Rent,1,697.6215688851667,1,1493.003793746921,0,0,0.0,0,0.0
1821,91,126058.0522661797,Own,1,12522.255334303103,1,94932.71990267545,1,1,4791.191598980085,1,21.267562706586105
1822,78,238176.56678659623,Own,1,6463.689677590227,1,94035.28392284107,1,1,5176.423435041629,1,15.228852185832949
1823,29,1603.9095587848497,Rent,0,0.0,0,0.0,0,0,0.0,0,0.0
1824,49,525.5206015037594,Rent,0,0.0,0,0.0,0,0,0.0,0,0.0
1825,79,284649.391576488,Own,1,5056.093723145219,1,79950.45727263596,0,1,4573.972918611644,1,0.0
1826,62,51310.88262908139,Mortgage,1,1992.574264517947,1,8811.712483086325,1,0,0.0,1,6.045452296581224
1827,74,109406.20740881396,Own,1,6969.603470181961,1,83159.22236974846,0,1,5477.028216830057,1,35.078906327988236
1828,73,38115.2423163904,Own,1,3411.417663718518,1,39009.2791752108,0,0,0.0,1,3175.5486328596235
1829,27,525.5206015037594,Rent,0,0.0,0,0.0,0,0,0.0,0,0.0
1830,91,101876.70189877793,Own,1,12975.822779907614,1,96758.46639356414,1,1,5736.230861771453,1,18165.130288402197
1831,91,136193.89842477714,Own,1,5993.119775837019,1,42879.18321715818,0,1,6436.076874979322,1,11715.351440896653
1832,59,29274.530600889513,Mortgage,1,2402.8155161640734,1,4245.811274837558,0,0,0.0,1,7.2101456101847905
1833,50,65395.34830646535,Mortgage,1,1645.3134689230228,1,3667.0637509807966,0,0,0.0,1,2374.0923545889746
1834,59,34016.49773899087,Mortgage,1,707.5055759765648,1,9334.435335724182,1,0,0.0,1,8.85496385196793
1835,48,33757.86296730725,Mortgage,1,2349.4182550993924,1,4344.926634825451,1,0,0.0,1,3.689688210074934
1836,37,11274.505461316356,Rent,1,504.2816954262323,1,1826.6749864641151,0,0,0.0,0,0.0
1837,29,8143.156516340259,Rent,0,0.0,0,0.0,0,0,0.0,0,0.0
1838,30,15969.454069088488,Rent,0,0.0,0,0.0,0,0,0.0,0,0.0
1839,63,59265.52868835193,Mortgage,1,2412.0206854942257,1,8750.332349919916,1,0,0.0,1,2178.4415937653603
1840,49,27751.063099958083,Mortgage,1,1595.4386006350655,0,0.0,1,0,0.0,1,0.07640182171457058
1841,54,49797.16008183243,Mortgage,1,2630.077290743728,1,2946.080269497005,1,0,0.0,1,7.274803902347903
1842,26,17229.475258782186,Rent,1,313.7856427439335,1,468.72444679080695,0,0,0.0,0,0.0
1843,87,100449.3934591963,Own,1,6878.784796232352,1,74552.1817054014,1,1,4269.357551080197,1,8241.37711717915
1844,59,42243.7212277995,Mortgage,1,2096.14787247303,1,3887.9053757065462,1,0,0.0,1,0.0
1845,66,36051.434579229266,Mortgage,1,1195.300459295284,1,9904.421896890153,1,0,0.0,1,16.622857029964283
1846,41,13715.24111416948,Rent,1,1465.0576415729433,1,2169.669289408377,0,0,0.0,0,0.0
1847,66,30768.25104151283,Mortgage,1,1581.103275680574,0,0.0,1,0,0.0,1,0.0
1848,76,160593.82580144994,Own,1,4085.389182134607,1,78650.9711922052,1,1,15230.431970996147,1,7542.251969505089
1849,43,12760.094647469388,Rent,1,1125.113970176123,1,1255.25209015683,1,0,0.0,0,0.0
1850,87,214350.40754748788,Own,1,7867.617051375944,1,96758.46639356414,1,1,4676.640136827801,1,6280.771338991986
1851,57,45515.21535647366,Mortgage,1,2913.0370065119473,1,9301.093912897313,1,0,0.0,1,0.0
1852,59,31543.314015709624,Own,1,7220.881822325893,1,45421.73218700251,0,0,0.0,1,9.134990752626871
1853,33,4591.6560229633415,Rent,0,0.0,1,1289.0975393137842,0,0,0.0,0,0.0
1854,65,47070.66195524674,Mortgage,1,3263.267898096057,1,4093.078454789591,1,0,0.0,1,3852.2065987238448
1855,36,3216.902969394898,Rent,1,618.3018822594274,0,0.0,0,0,0.0,0,0.0
1856,85,223535.41037591334,Own,1,5429.996870373872,1,81833.26034830422,1,1,10949.324991281643,1,8.579401529912301
1857,91,104744.59924908147,Own,1,6656.975267323447,1,94793.16563043058,1,1,9628.823476018579,1,14.095221685996846
1858,72,35439.30687812855,Own,1,1767.5165255373263,1,33618.807096102915,0,0,0.0,1,19.491869933783143
1859,34,17372.960624754516,Rent,0,0.0,0,0.0,0,0,0.0,0,0.0
1860,49,42125.036390975525,Mortgage,1,1313.1514254829992,1,40477.27719926864,0,0,0.0,1,3.3412901279042093
1861,54,40335.27827799536,Mortgage,1,1321.1270614662592,1,2555.6675735152376,1,0,0.0,1,19.736085086762195
1862,47,16926.494764429262,Rent,1,547.5955166434585,0,0.0,0,0,0.0,0,0.0
1863,45,48497.15065296277,Mortgage,1,2189.34312932001,1,2766.0419497833354,0,0,0.0,1,0.0
1864,38,525.5206015037594,Rent,0,0.0,0,0.0,0,0,0.0,0,0.0
1865,42,43801.652402511325,Rent,1,1024.6577665963034,1,2236.517063472547,0,0,0.0,0,0.0
1866,37,14261.909298414985,Rent,1,622.4576730800624,1,3679.829576408584,0,0,0.0,0,0.0
1867,74,278706.9217946315,Own,1,7117.4328542166295,1,92313.74505685794,1,1,7644.2613660251645,1,16.359830371535804
1868,70,17964.810124994983,Mortgage,1,2058.3594199334,1,2437.0224485226495,0,0,0.0,1,3.868747949725468
1869,31,7865.000741371114,Rent,0,0.0,1,821.1541539036623,0,0,0.0,0,0.0
1870,36,37089.00222767939,Mortgage,1,786.4072144615031,1,2325.084196447905,0,0,0.0,1,3781.7798924222507
1871,33,6933.674716507421,Rent,1,230.8554711784908,0,0.0,0,0,0.0,0,0.0
1872,68,30787.429755074798,Rent,1,1947.6781328306602,1,849.9831536587242,0,0,0.0,1,0.0
1873,39,8069.923987553688,Rent,1,777.6777841545547,0,0.0,0,0,0.0,0,0.0
1874,29,22376.472447883767,Rent,1,724.6749760239409,1,1258.9512604402216,0,0,0.0,0,0.0
1875,46,39209.726594519685,Mortgage,1,1350.4413786759965,1,4288.395234353191,0,0,0.0,1,11.639911714402176
1876,45,42568.97450832957,Own,1,1953.1503282235917,1,39382.55629088196,0,0,0.0,1,1.3394913299330908
1877,36,3712.8047871902945,Rent,0,0.0,1,1084.0406168631282,0,0,0.0,0,0.0
1878,73,850973.1335181759,Own,1,26925.666405424316,1,94900.89010756364,1,1,4927.524786083312,1,0.6306180123848008
1879,91,668373.3232930091,Own,1,25961.86513196467,1,96475.03642834348,1,1,17609.526485157443,1,8727.178631595747
1880,32,34755.352336065946,Rent,1,790.696557570576,1,1917.3996622086847,0,0,0.0,0,0.0
1881,76,44601.12819281865,Own,1,1943.5225765919597,1,37434.22040349209,0,0,0.0,1,0.0
1882,90,205761.7263566145,Own,1,12655.716209313417,1,96758.46639356414,1,1,19815.450365088655,1,16810.825043681194
1883,27,28041.896592803,Rent,0,0.0,0,0.0,0,0,0.0,0,0.0
1884,75,111355.40843194973,Own,1,7474.685822029605,1,37652.406900117516,0,0,0.0,1,5.9438508430082955
1885,30,525.5206015037594,Rent,0,0.0,0,0.0,0,0,0.0,0,0.0
1886,50,46146.70915535519,Own,1,1103.676408322487,1,1370.8981575849934,0,0,0.0,0,0.0
1887,87,117796.26233603254,Own,1,34801.24480431834,1,96758.46639356414,1,1,20010.009381968637,1,14.575030218832474
1888,77,83389.7269202226,Own,1,4008.524780390392,1,50150.82063006855,1,1,12613.047341086707,1,6.054558675230497
1889,47,28108.161818516084,Mortgage,1,1291.2373545017608,1,3899.203010730971,0,0,0.0,1,16.059171690948663
1890,76,110659.58316151964,Own,1,3487.2312481415315,1,82417.94410650534,1,1,3684.832932080152,1,12331.255242251646
1891,74,479575.56781744905,Own,1,10391.03642839673,1,48920.28670894709,1,1,5402.6717120253,1,10.344931604167696
1892,75,37074.70999648659,Mortgage,1,1319.6596633620643,1,3392.062234035174,0,0,0.0,1,5.602788677249728
1893,28,525.5206015037594,Rent,0,0.0,0,0.0,0,0,0.0,0,0.0
1894,76,38277.495412951204,Mortgage,1,1653.5140537406223,1,2718.598633192879,0,0,0.0,1,8.165413241127908
1895,38,42874.30771494398,Own,1,1245.7408321673092,1,2432.9784641030883,0,0,0.0,1,0.0
1896,59,49423.99789494622,Mortgage,1,2227.5624711992423,1,2397.658938537646,1,0,0.0,1,0.0
1897,35,25060.691389250464,Rent,1,0.0,1,2867.626442936744,0,0,0.0,0,0.0
1898,58,58785.00336445292,Mortgage,1,2067.11421480022,1,9351.979197206376,1,0,0.0,1,0.0
1899,42,22750.016018689763,Rent,1,88.24139732784909,1,2669.679952630313,0,0,0.0,0,0.0
1900,48,27725.28625627541,Mortgage,1,2440.711400767259,1,2493.7286357564735,0,0,0.0,1,0.7570927958092878
1901,46,42629.275484793514,Own,1,1274.8077281876513,1,501.61767318811826,0,0,0.0,1,5505.302288901157
1902,38,16945.234505754717,Rent,1,673.6959907695363,1,2367.4823559345728,0,0,0.0,0,0.0
1903,76,133610.7810637662,Own,1,4167.407762443057,1,42749.5322296634,0,1,3.6801215506429776,1,2.831518405308985
1904,67,36060.01934839256,Own,1,3134.0370295195526,1,41034.71541314663,0,0,0.0,1,0.0
1905,53,64280.529271117695,Mortgage,1,3087.0790048525614,1,9164.847793649591,1,0,0.0,1,0.0
1906,41,45332.36428439705,Mortgage,1,612.229327599578,0,0.0,0,0,0.0,1,0.0
1907,27,37312.31930964753,Rent,1,1137.975387272432,1,853.7317207691633,0,0,0.0,0,0.0
1908,58,42771.606780080794,Mortgage,1,1271.8440875822675,0,0.0,1,0,0.0,1,0.0
1909,28,12176.831297850917,Rent,1,819.2346284935851,1,3247.3257358871565,0,0,0.0,0,0.0
1910,47,19979.098574882737,Mortgage,1,1437.847520867629,1,4156.699548434894,0,0,0.0,1,3931.8869498626987
1911,42,31668.878384480966,Rent,1,2011.628857789295,1,2912.7598703909653,0,0,0.0,0,0.0
1912,90,110897.42559952302,Own,1,3819.296980802942,1,96758.46639356414,1,1,11715.473018003755,1,16.571001234843386
1913,65,45537.04255613529,Mortgage,1,1886.9417381644373,1,4136.912270705981,1,0,0.0,1,0.0
1914,63,49117.52560425151,Mortgage,1,3913.618486675899,1,9089.959322499917,1,0,0.0,1,21.111099201499268
1915,56,40172.05315131459,Mortgage,1,1567.2918038586492,1,4387.406301687775,0,0,0.0,1,7.400008348453944
1916,55,33996.849161541366,Mortgage,1,1278.691959883838,1,3059.708310871185,0,0,0.0,1,2.3945959597185493
1917,39,38033.75835006295,Rent,1,494.8190684489761,1,3925.3677750128027,0,0,0.0,0,0.0
1918,90,261701.98273344943,Own,1,11017.795323239,1,96475.3158636216,1,1,11215.36481213079,1,1.085574679689079
1919,33,8024.562753187076,Rent,0,0.0,0,0.0,0,0,0.0,0,0.0
1920,43,25389.539518923324,Mortgage,1,1456.9541642001204,1,4530.83996938891,0,0,0.0,1,26.25189275240351
1921,42,16794.22532241983,Rent,1,703.9957299301014,1,3235.239192238324,0,0,0.0,0,0.0
1922,27,43389.19646690094,Rent,1,961.2558918322914,1,38286.78288376289,0,0,0.0,0,0.0
1923,48,32723.203856694054,Mortgage,1,526.6523132468967,1,510.830352327695,0,0,0.0,1,0.0
1924,34,18564.75475008732,Rent,1,383.6061910570479,1,2753.2462804701872,0,0,0.0,0,0.0
1925,68,53229.7632688155,Mortgage,1,2239.604826541117,1,2118.903861804731,0,0,0.0,1,16.58315141680149
1926,75,45349.567707015936,Own,1,2614.4882628914124,1,47123.22897611434,0,1,0.0,1,0.0
1927,37,18918.983386127606,Rent,1,1978.7440382429668,1,2275.313091287659,0,0,0.0,0,0.0
1928,91,826946.0223263938,Own,1,6958.388084975108,1,96758.46639356414,1,1,4685.377811826775,1,0.0
1929,61,53985.62380853448,Mortgage,1,1426.036111263821,1,4457.381337865498,0,0,0.0,1,0.0
1930,70,114140.33215723775,Own,1,7070.978999946523,1,46777.75788926256,1,1,5209.699267221175,1,14.048862759351431
1931,66,49330.66439326988,Mortgage,1,2191.2698132878795,1,9148.785935450058,1,0,0.0,1,8.647416516349375
1932,50,18934.48943920589,Rent,1,1658.0279245698875,1,2650.1159292364146,0,0,0.0,1,5.2908999644547565
1933,49,11251.175460797022,Rent,1,692.076219585882,1,1736.117165169514,0,0,0.0,0,0.0
1934,61,38791.5025725737,Rent,1,1725.092956831355,1,3797.8500491072837,0,0,0.0,0,0.0
1935,60,46879.1552835886,Mortgage,1,2530.797904287606,1,3055.302819972795,0,0,0.0,1,2.8658938583025204
1936,60,21429.228201179198,Mortgage,1,570.4646745108004,0,0.0,0,0,0.0,1,2.8840382802142837
1937,26,525.5206015037594,Rent,0,0.0,0,0.0,0,0,0.0,0,0.0
1938,38,525.5206015037594,Rent,0,0.0,0,0.0,0,0,0.0,0,0.0
1939,74,200566.80893683643,Own,1,4129.774391930756,1,38740.70102927665,0,0,0.0,1,0.0
1940,78,159761.0596207614,Own,1,9763.583785412098,1,44783.225939538985,0,1,4020.988635357723,1,6.4638686183042005
1941,46,44516.56034764774,Mortgage,1,885.4922001919836,1,2856.291928411458,0,0,0.0,1,0.0
1942,42,36052.49132007998,Mortgage,1,989.5846690240863,0,0.0,0,0,0.0,1,0.0
1943,44,14899.950898345118,Rent,1,165.79691119505082,1,557.0509433222662,0,0,0.0,0,0.0
1944,36,15489.868637555965,Rent,1,1109.8140805278524,1,2521.879972752402,0,0,0.0,0,0.0
1945,54,26072.495801157762,Mortgage,1,1351.8385468313504,0,0.0,1,0,0.0,1,0.0
1946,75,99688.92851059705,Own,1,2599.7494643736713,1,79861.08410324944,1,1,10222.339871589551,1,11.5278907413775
1947,54,18641.396653147505,Rent,1,1795.949634296544,1,4458.9821473218335,0,0,0.0,0,0.0
1948,58,13909.569031200026,Mortgage,1,1655.7948848240349,1,2902.447129567844,0,0,0.0,1,0.0
1949,79,197870.889964548,Own,1,9076.140152444925,1,94117.75379407337,1,1,5050.001710395312,1,38.29295836688891
1950,42,10973.701533427538,Rent,0,0.0,0,0.0,0,0,0.0,0,0.0
1951,70,44188.01498358662,Mortgage,1,1189.5331163486585,1,3647.6002035337583,0,0,0.0,1,0.0
1952,39,23334.109909585466,Rent,1,173.65032064404534,1,2946.92518713893,0,0,0.0,1,2943.070299800161
1953,31,22222.818139938052,Mortgage,1,2150.6873460019974,1,2985.7968248284697,0,0,0.0,1,0.0
1954,57,59058.61090056538,Mortgage,1,2051.1354633626606,1,9087.11116905899,1,0,0.0,1,1.658988299436273
1955,28,525.5206015037594,Rent,0,0.0,0,0.0,0,0,0.0,0,0.0
1956,45,47151.73604411075,Mortgage,1,1929.533397728545,1,8973.823772529193,0,0,0.0,1,17.099174200254556
1957,79,110775.82885658064,Own,1,7218.991287175517,1,45487.38638951406,1,1,4543.533548799416,1,11547.8704049519
1958,54,25250.55731447063,Mortgage,1,1565.4450483994337,1,4714.773950791433,1,0,0.0,1,3.953596720399551
1959,30,525.5206015037594,Rent,0,0.0,0,0.0,0,0,0.0,0,0.0
1960,44,17361.97674099704,Mortgage,1,977.2832968038648,1,3610.408284556761,0,0,0.0,1,1.1337508144818018
1961,88,644126.501678961,Own,1,4648.607717367253,1,96758.46639356414,1,1,8266.259454156012,1,16.607198464192322
1962,33,10720.597102294258,Rent,1,1050.2972615229319,1,1271.8077671344663,0,0,0.0,0,0.0
1963,67,40611.306663197545,Own,1,2404.4023187754387,1,36634.435884130275,0,0,0.0,1,0.0
1964,63,46401.356552118385,Mortgage,1,1604.950681623424,1,1973.7931209319324,0,0,0.0,1,0.0
1965,51,36989.56081116833,Mortgage,1,1239.797271419952,1,4287.316439976377,0,0,0.0,1,10.267484832477606
1966,34,39220.147851500995,Rent,1,2025.4216865597382,1,3232.8043034887664,0,0,0.0,0,0.0
1967,73,101369.2223110547,Own,1,2075.565755276594,1,38437.442704791545,0,0,0.0,1,12.195353753206748
1968,69,24058.05012947164,Mortgage,1,1602.163506725588,0,0.0,0,0,0.0,1,15.596094063800706
1969,61,65573.93445515653,Mortgage,1,1241.1819778394656,1,8498.606268322901,1,0,0.0,1,2.3154317920990297
1970,51,56865.58316779048,Mortgage,1,3660.0708103249844,1,9632.483350980488,1,0,0.0,1,0.0
1971,30,15525.900375613483,Rent,1,41.90873438399046,0,0.0,0,0,0.0,0,0.0
1972,39,2088.4934257972873,Rent,1,890.9490139357797,0,0.0,0,0,0.0,0,0.0
1973,28,9150.969022847352,Rent,1,355.8089337988357,1,796.8304216623292,0,0,0.0,0,0.0
1974,75,69614.10694860535,Own,1,3157.106615552001,1,95916.60643629497,1,1,4427.692548282732,1,21.746491139715005
1975,60,40620.08391963575,Mortgage,1,1168.9459834335678,1,9889.984290011416,1,0,0.0,1,0.0
1976,88,117612.84890624796,Own,1,4639.546356745647,1,82634.96197914683,1,1,8023.426903918254,1,22.549646702801603
1977,41,11010.585628936697,Rent,1,1089.0780198490506,1,3008.3518125297455,0,0,0.0,0,0.0
1978,30,19653.778227620074,Rent,1,398.38002786768334,1,2120.9685713805634,0,0,0.0,0,0.0
1979,87,225638.45524913663,Own,1,3735.486913469896,1,94502.34635867647,1,1,7121.939728262988,1,5.243723516295638
1980,51,46333.191970374784,Mortgage,1,825.5855285228565,1,3194.084796217421,0,0,0.0,1,0.0
1981,65,40176.59936190509,Own,1,1630.8592252210738,1,40991.94181029082,0,0,0.0,0,0.0
1982,36,525.5206015037594,Rent,0,0.0,0,0.0,0,0,0.0,0,0.0
1983,33,1275.24656496,Rent,0,0.0,0,0.0,0,0,0.0,0,0.0
1984,68,36817.60170196481,Own,1,724.7909227858341,1,38501.07896570485,0,0,0.0,1,17.69580971133933
1985,59,62097.55876452132,Mortgage,1,7561.585608140918,1,9438.619126503962,0,0,0.0,1,0.0
1986,36,8885.621190485688,Rent,1,18.173086136765278,1,789.6892259444435,0,0,0.0,0,0.0
1987,39,11221.746117532266,Rent,0,0.0,0,0.0,0,0,0.0,0,0.0
1988,44,16472.968590396726,Mortgage,0,0.0,0,0.0,0,0,0.0,0,0.0
1989,77,77508.96612929489,Own,1,2992.9348802751792,1,37883.99805946714,0,0,0.0,1,3934.1593256499355
1990,78,988739.1894889474,Own,1,39942.055173881345,1,95727.54355131021,1,1,20606.582250260977,1,12.451469776622883
1991,35,24937.89701163896,Rent,1,535.5506472667548,0,0.0,0,0,0.0,0,0.0
1992,36,18509.743029127407,Rent,0,0.0,0,0.0,0,0,0.0,0,0.0
1993,37,20828.044254880704,Mortgage,1,1107.6131459068447,1,38099.148925211,0,0,0.0,1,7.3129866126051954
1994,87,204672.73972056556,Own,1,34722.52823833622,1,87660.19632891909,1,1,26004.39287158169,1,14418.791079827566
1995,41,21325.716785647535,Mortgage,1,1100.3458830231036,1,3422.771730024133,0,0,0.0,0,0.0
1996,29,9479.537939406204,Rent,0,0.0,0,0.0,0,0,0.0,0,0.0
1997,31,7525.439302787308,Rent,1,1498.1409009194358,1,1491.967994798169,0,0,0.0,0,0.0
1998,32,55344.08170280028,Rent,1,1401.3405591756846,1,3020.896177014706,0,0,0.0,0,0.0
1999,69,69123.81590649599,Rent,1,4158.436205809252,1,2856.022505723745,0,0,0.0,0,0.0
2000,75,51707.24399452906,Own,1,9314.168605955727,1,36015.548921869195,0,0,0.0,1,17.181761395032648
2001,42,49822.96381108809,Mortgage,1,1428.9268160821907,1,5311.4114354125995,0,0,0.0,1,2.9952116941926055
2002,52,32387.217624517998,Mortgage,1,2324.9575216378767,1,2423.362019292487,0,0,0.0,1,6746.794591841679
2003,46,28938.82197477664,Mortgage,1,2257.5976388990034,1,2305.8917731119363,0,0,0.0,1,2260.1743583592447
2004,91,154218.51718445122,Own,1,7038.649655529271,1,95483.78961788533,1,1,13004.016357525234,1,6.485038070066884
2005,28,6531.325638697108,Rent,0,0.0,0,0.0,0,0,0.0,0,0.0
2006,35,38475.17474123007,Mortgage,1,2570.0392124071095,1,4367.121840463462,0,0,0.0,0,0.0
2007,40,42450.942862682394,Own,1,1294.1473862431021,1,45570.806391743645,0,0,0.0,1,14.934806768684894
2008,74,103735.5845154424,Own,1,4363.150048545122,1,36378.7764654839,0,0,0.0,1,0.0
2009,77,77012.15429751232,Own,1,6037.211145349492,1,35973.29984315586,0,0,0.0,1,26.74424996513044
2010,52,32451.09737420293,Mortgage,1,1854.1325019777676,1,5197.647280169905,0,0,0.0,1,2497.827658106073
2011,43,18016.653194164064,Rent,1,763.3587358470812,1,2542.57751197701,0,0,0.0,0,0.0
2012,30,21399.095310952995,Mortgage,1,945.9028679217845,0,0.0,0,0,0.0,0,0.0
2013,91,252555.25828329215,Own,1,6043.639626063092,1,93641.20636774202,0,1,4177.706474507973,1,10565.994747009649
2014,78,45056.9543895904,Own,1,4261.507524935327,1,8477.935304996994,1,0,0.0,1,0.0
2015,40,14904.894165057935,Rent,1,33.413044592702704,0,0.0,0,0,0.0,0,0.0
2016,59,26589.85172622239,Mortgage,1,1556.4141742426846,1,4108.7447931803745,0,0,0.0,1,4270.131629651311
2017,45,16786.128652534062,Rent,1,815.6275531008814,0,0.0,0,0,0.0,0,0.0
2018,35,15674.645098830506,Rent,1,1988.4941339507182,1,3609.760180211202,0,0,0.0,0,0.0
2019,60,71455.59952888689,Mortgage,1,1974.5834777105274,1,9717.75769911196,1,0,0.0,1,2601.561524788942
2020,86,219316.09920337898,Own,1,21554.10138732737,1,96758.46639356414,1,1,12823.948771178631,1,3.301076630126808
2021,57,36145.42348239201,Mortgage,1,889.2381352042756,1,2772.944164496264,0,0,0.0,1,3.5263666356578933
2022,51,25488.99033789941,Mortgage,1,1321.59536994994,1,5090.088997643204,0,0,0.0,1,0.0
2023,91,877329.9240249217,Own,1,9153.706030610965,1,96758.46639356414,1,1,13956.096666086098,1,5.353942237361141
2024,88,646771.4810268697,Own,1,32868.13205590682,1,85993.41013015696,1,1,18480.42632527917,1,6957.531731388672
2025,65,13715.05905723806,Mortgage,1,152.60755699749814,0,0.0,1,0,0.0,1,0.0
2026,48,6543.644309059828,Mortgage,1,588.5913482826593,0,0.0,1,0,0.0,1,2.451885043870814
2027,69,26116.431072687054,Rent,1,2122.059033790444,1,3369.69844953163,0,0,0.0,0,0.0
2028,77,49274.36323849796,Own,1,2515.2524065816947,1,8918.29644477026,0,0,0.0,1,0.0
2029,37,12375.735730328917,Rent,1,0.0,1,956.7931873492075,0,0,0.0,0,0.0
2030,58,37386.70917845509,Mortgage,1,1645.346129720656,0,0.0,0,0,0.0,1,7.510237082030332
2031,38,29380.093847395903,Rent,1,916.3924407386482,0,0.0,0,0,0.0,0,0.0
2032,46,27346.655825755446,Own,1,1076.9246371206682,1,4019.439380421566,0,0,0.0,1,0.0
2033,34,525.5206015037594,Rent,0,0.0,0,0.0,0,0,0.0,0,0.0
2034,76,120881.36407598849,Own,1,7345.462764577493,1,96058.91979925023,1,1,10438.358357568297,1,0.0
2035,28,27936.106566297967,Mortgage,1,328.04772982200734,0,0.0,1,0,0.0,1,9.115875868097648
2036,91,123390.58377932399,Own,1,11465.363185163242,1,81743.77619234868,1,1,19847.451680543993,1,11.216723930617285
2037,65,44314.8042899367,Own,1,2331.7685329157853,1,41184.506926742644,0,0,0.0,1,0.0
2038,36,19011.532477275254,Rent,1,0.0,1,4472.24331686842,0,0,0.0,0,0.0
2039,29,17219.102931886086,Rent,1,580.4618948161179,0,0.0,0,0,0.0,0,0.0
2040,27,2012.0864255401593,Rent,0,0.0,0,0.0,0,0,0.0,0,0.0
2041,46,21944.19408895557,Rent,1,800.2208666884621,1,3550.9603685450707,0,0,0.0,0,0.0
2042,48,32684.506463974823,Mortgage,1,1149.6683234294628,1,937.546686341153,1,0,0.0,1,2468.2876152195417
2043,56,13737.218899171085,Rent,1,1981.2698528219084,1,38116.87645383749,0,0,0.0,0,0.0
2044,63,65352.71096697124,Mortgage,1,681.4406493369793,1,3538.4608848491885,1,0,0.0,1,3.840325184765423
2045,46,54191.77844387715,Rent,1,533.5857434313319,1,2995.146100187695,0,0,0.0,0,0.0
2046,63,40230.47375367832,Mortgage,1,4536.067324544097,1,9471.85794107932,1,0,0.0,1,3.548403921801474
2047,74,38908.2021164647,Own,1,3497.242730568889,1,39606.74285744037,0,0,0.0,1,0.0
2048,30,16936.005750990986,Rent,1,656.5580097182351,1,2060.0755872227037,0,0,0.0,0,0.0
2049,78,103611.34288098916,Own,1,3867.9084516587795,1,50062.47482738893,0,1,4208.283579682527,1,8.838274998825973
2050,59,29330.51418761011,Mortgage,1,1071.8453799148153,0,0.0,1,0,0.0,1,20.671608046241467
2051,47,49666.474400555235,Mortgage,1,1197.9634965072753,1,2943.160075204373,1,0,0.0,1,30.117508937100247
2052,65,35077.614613373014,Mortgage,1,4521.555300242882,1,8549.819560802569,1,0,0.0,1,3209.1086230281967
2053,53,36279.30195423276,Mortgage,1,2591.2439246946024,1,3432.3916696502774,0,0,0.0,1,0.0
2054,78,29999.838778229285,Own,1,4222.7252203607595,1,96758.46639356414,0,1,2.386425369537561,1,5642.608506078482
2055,40,42391.977662175006,Mortgage,1,719.4333608443806,1,2439.008814306879,0,0,0.0,1,2655.056657697366
2056,56,48457.38764007527,Mortgage,1,3044.859547308538,1,9044.947522906874,0,0,0.0,1,2946.4505881971304
2057,35,11602.084243686793,Rent,1,30.74977096575151,1,1416.3967932634537,0,0,0.0,0,0.0
2058,29,6808.0478844183435,Rent,1,264.18235614115486,1,1267.2357206848055,0,0,0.0,0,0.0
2059,68,88527.11519974883,Own,1,3082.036994500261,1,35739.9238688873,0,0,0.0,1,4.009808708693437
2060,74,46001.998732580716,Mortgage,1,2708.421843375807,1,10119.284713535091,1,0,0.0,1,7.938889193630333
2061,67,117352.17568070232,Own,1,3379.0261404313223,1,46441.99596794617,0,1,7834.561554331353,1,0.0
2062,79,108482.12852612275,Own,1,10243.691952124445,1,44651.38868967737,0,1,11376.314299050795,1,18.130574961459743
2063,68,36793.798394871126,Own,1,1018.7514707569998,1,2852.647249659887,0,0,0.0,1,0.0
2064,28,525.5206015037594,Rent,0,0.0,0,0.0,0,0,0.0,0,0.0
2065,27,31689.42369645814,Rent,1,476.5122169258077,1,37780.13158844136,0,0,0.0,0,0.0
2066,72,55747.50014734131,Mortgage,1,1910.886683195645,1,2673.475138372306,0,0,0.0,0,0.0
2067,31,7368.902862303694,Rent,0,0.0,0,0.0,0,0,0.0,0,0.0
2068,91,223604.85803420233,Own,1,6435.937445450284,1,94793.9695209677,1,1,4923.365397849454,1,0.0
2069,46,16761.84118354367,Rent,1,990.6518411509702,1,2353.3601052241743,0,0,0.0,0,0.0
2070,40,20564.191805410992,Rent,1,763.2150177153679,1,3556.6876354693395,0,0,0.0,0,0.0
2071,58,54191.589471649204,Mortgage,1,1674.609386749574,1,9520.406374617873,1,0,0.0,1,0.0
2072,65,33704.589721917735,Mortgage,1,1544.2757796221904,1,2585.582688734399,0,0,0.0,1,3.7112796891713913
2073,29,6592.048804586477,Rent,0,0.0,0,0.0,0,0,0.0,0,0.0
2074,67,34724.58325537732,Mortgage,1,885.8272177365769,0,0.0,1,0,0.0,1,1.2619578248674663
2075,27,525.5206015037594,Rent,0,0.0,0,0.0,0,0,0.0,0,0.0
2076,31,25364.604512708072,Rent,1,1554.4219558757075,1,2997.287410458398,0,0,0.0,0,0.0
2077,61,43169.08328765499,Mortgage,1,2377.121330038097,1,4233.547967097315,1,0,0.0,1,4573.194412041272
2078,45,28095.031653812992,Mortgage,1,46.63484674350093,0,0.0,0,0,0.0,1,8.3553851157657
2079,40,9760.782506825773,Rent,1,281.750351810913,1,919.4979873760326,0,0,0.0,0,0.0
2080,72,105622.7207349375,Own,1,2229.398506064949,1,8540.486777657774,1,1,13.175564451850862,1,6.665632227010437
2081,56,30698.780893904608,Mortgage,1,1851.4860493084948,1,3595.4832149364047,1,0,0.0,1,0.0
2082,28,16674.093226943085,Rent,1,1264.233092122775,1,1562.421728736447,0,0,0.0,0,0.0
2083,86,23636.80123926954,Own,0,0.0,0,0.0,1,0,0.0,1,9.874334581345625
2084,76,44559.23740967273,Mortgage,1,456.82895750613363,1,9567.431363278652,0,0,0.0,1,0.3587343806953538
2085,49,11110.02065330379,Rent,1,831.1973990814815,1,1484.7038367544692,0,0,0.0,0,0.0
2086,37,16262.623365515976,Rent,1,15.471808805011051,1,1792.9286797059845,0,0,0.0,0,0.0
2087,89,87620.67560910662,Own,1,9014.93947421437,1,92002.58359242069,1,1,17821.683772533874,1,0.0
2088,76,716493.4414861425,Own,1,5018.773509501075,1,83494.88092279332,1,1,8440.421087027944,1,17.504424570790217
2089,33,1142.4512774915565,Rent,0,0.0,0,0.0,0,0,0.0,0,0.0
2090,51,43788.60735822172,Mortgage,1,1007.9941615796865,1,4013.7713414238674,1,0,0.0,1,2373.004035930149
2091,31,23762.820010730247,Rent,1,638.8436087262833,1,3703.820381485036,0,0,0.0,0,0.0
2092,37,3141.6721583567887,Rent,0,0.0,0,0.0,0,0,0.0,0,0.0
2093,35,17968.546319617806,Rent,1,0.0,1,1872.1472960649655,0,0,0.0,0,0.0
2094,37,41672.24857114497,Own,1,301.8961570996206,0,0.0,0,1,0.0,1,19.171818020864198
2095,69,75144.15524803496,Own,1,4002.535343791314,0,0.0,1,0,0.0,1,5337.84901792419
2096,49,33611.43267430358,Mortgage,1,1129.6118829955954,1,5172.73090078755,0,0,0.0,1,0.0
2097,76,177302.95317767747,Own,1,5744.5785674144045,1,96758.46639356414,1,1,19869.287393885184,1,7777.684173648144
2098,38,525.5206015037594,Rent,0,0.0,0,0.0,0,0,0.0,0,0.0
2099,39,1821.0898309564473,Rent,0,0.0,0,0.0,0,0,0.0,0,0.0
2100,89,134044.65139296575,Own,1,7503.458422209408,1,95506.22125459451,1,1,4938.042861549856,1,0.0
2101,41,45318.76314487022,Mortgage,1,1717.1501049103774,1,2483.4549816861354,1,0,0.0,1,4738.604837045188
2102,40,31564.06161282936,Mortgage,1,2115.5264507865063,1,2946.5317444838574,0,0,0.0,1,13.331639570929369
2103,40,15866.624858916264,Mortgage,0,0.0,0,0.0,0,0,0.0,0,0.0
2104,50,35528.877963591476,Mortgage,1,965.4395426783565,1,2494.2279115427586,1,0,0.0,1,0.0
2105,69,35628.78212522684,Own,1,2007.040322257309,1,42707.47792050541,0,0,0.0,1,0.0
2106,90,114142.17474496986,Own,1,6760.866117616742,1,94231.50162866653,1,1,5086.385744255983,1,0.0
2107,48,37502.0288890805,Mortgage,1,2439.4066785711484,1,4251.198257090538,0,0,0.0,1,3602.5173407700913
2108,56,39716.18898780569,Mortgage,1,2432.653721562208,1,9435.721375913738,1,0,0.0,1,0.0
2109,61,40116.21061287678,Own,1,2482.2266207149905,1,38400.900376034064,0,0,0.0,1,17.2903230455468
2110,70,52794.01090717136,Own,1,2481.42378295177,1,50106.48467771917,0,0,0.0,1,3.9855406351248335
2111,36,31839.955277351324,Rent,1,844.7338104401593,1,3009.4855122981153,0,0,0.0,0,0.0
2112,57,17482.92346502188,Mortgage,1,1250.1223697227733,1,4247.473887347705,0,0,0.0,0,0.0
2113,33,525.5206015037594,Rent,0,0.0,0,0.0,0,0,0.0,0,0.0
2114,59,96764.93924315716,Mortgage,1,2721.7460369764963,1,2406.5373334868727,1,0,0.0,1,9.657448576825281
2115,90,221691.45696247712,Own,1,5500.747417450734,1,94490.70328257197,1,1,10245.50504885199,1,14.698706755777572
2116,83,689311.1661667037,Own,1,31288.182012660618,1,96758.46639356414,1,1,8768.169133836756,1,15.893990292634863
2117,72,85102.56935679796,Own,1,2080.7657500353166,1,9367.52166040266,0,0,0.0,1,4205.998956688554
2118,70,39973.23277969876,Own,1,1866.3602041495212,1,2477.6156507424166,0,0,0.0,1,2.013077492793636
2119,61,29282.95166382717,Mortgage,1,1636.8304273320896,1,5095.921476909081,1,0,0.0,1,19.321567136152023
2120,86,86161.11209614915,Own,1,35911.323415827545,1,81823.44772452759,1,1,13346.065316724862,1,15.195493503319714
2121,63,32626.253548033506,Mortgage,1,2115.5983114161672,1,8467.759449340838,1,0,0.0,1,11.85253739554125
2122,38,525.5206015037594,Rent,0,0.0,0,0.0,0,0,0.0,0,0.0
2123,31,5507.311214352292,Rent,1,621.1568293151131,1,962.3247446030707,0,0,0.0,0,0.0
2124,29,13265.727451676454,Rent,1,394.51035825226063,1,917.3453857565335,0,0,0.0,0,0.0
2125,43,18705.440738673664,Mortgage,1,1168.1336616313704,0,0.0,1,0,0.0,1,0.0
2126,70,101471.1652870321,Own,1,3833.095742650043,1,49338.10639351656,0,1,4536.900761749714,1,22.499870506191378
2127,45,20079.994990854026,Rent,1,1044.5912860269607,1,1943.0872577117611,0,0,0.0,0,0.0
2128,77,112745.03198116894,Own,1,9490.236451881465,1,95318.91191670569,1,1,7807.676789206154,1,10.4213991522933
2129,27,525.5206015037594,Rent,0,0.0,0,0.0,0,0,0.0,0,0.0
2130,43,43446.13595827129,Mortgage,1,1160.5423772691588,1,5391.916902634238,0,0,0.0,1,2497.879484203948
2131,49,15358.607767717634,Mortgage,1,1138.2771118649976,1,4148.589369123308,0,0,0.0,1,12.974736611700743
2132,29,14347.403465698711,Rent,1,542.9089742378603,1,1524.9249330877412,0,0,0.0,0,0.0
2133,78,684675.4193332142,Own,1,6716.383005104812,1,94660.00740186335,1,1,5317.590315357335,1,13965.298721196734
2134,86,119332.57802162852,Own,1,11006.734947638284,1,92402.9420073104,1,1,13038.215129118136,1,0.0
2135,65,31986.864096680205,Own,1,1922.2489116659149,1,35453.82490360005,0,0,0.0,1,0.0
2136,46,27001.596155766954,Rent,1,922.8465986956373,1,1487.3987993822407,0,0,0.0,0,0.0
2137,46,10955.605597096004,Rent,1,138.69252708054933,0,0.0,0,0,0.0,0,0.0
2138,26,22035.226039008063,Rent,1,1206.3932560766225,1,4640.942109755565,0,0,0.0,0,0.0
2139,53,31681.765642276925,Mortgage,1,2073.9954955162334,1,4176.715092800059,1,0,0.0,1,8.61513718250947
2140,37,2777.064680235013,Rent,0,0.0,0,0.0,0,0,0.0,0,0.0
2141,41,525.5206015037594,Rent,1,0.0,1,0.0,0,0,0.0,0,0.0
2142,60,46746.057074663426,Mortgage,1,1792.9381257598543,1,9534.51611557404,1,0,0.0,1,4013.75958994733
2143,28,4358.534880720161,Rent,0,0.0,0,0.0,0,0,0.0,0,0.0
2144,71,95900.18268612862,Own,1,3936.369810774092,1,48134.471605203806,0,1,8571.244900689424,1,7291.085799914499
2145,67,32970.6595165396,Own,1,2345.8499652902515,1,37455.73589561497,0,0,0.0,1,11.83308809314849
2146,78,119720.55612460824,Own,1,7317.01695755794,1,83436.498839709,0,0,0.0,1,7092.2297815935935
2147,54,30132.813396779147,Mortgage,1,2113.6067966628425,0,0.0,1,0,0.0,1,5875.231367396362
2148,75,92639.42179789707,Own,1,2743.4153523008804,1,35322.05280112517,0,0,0.0,1,13.639851689727625
2149,59,41430.47453450735,Mortgage,1,2422.4183528409126,1,8413.208275035613,1,0,0.0,1,0.0
2150,75,198467.87836068304,Own,1,31444.280776281732,1,96758.46639356414,1,1,12457.346918780173,1,0.0
2151,27,525.5206015037594,Rent,0,0.0,0,0.0,0,0,0.0,0,0.0
2152,64,68254.41590205953,Mortgage,1,1102.7636840420096,1,9498.030442112195,1,0,0.0,1,0.0
2153,78,51929.98359905924,Own,1,4246.260162059563,1,42751.9492132248,0,1,12243.671872155124,1,7.361621382974612
2154,31,4619.955858312278,Rent,1,0.0,1,0.0,0,0,0.0,0,0.0
2155,67,37595.77456611545,Own,1,3304.0708603546127,1,3570.1073592789808,1,1,10558.034732506707,1,0.6370579655182954
2156,71,92428.826468602,Own,1,1484.9673906698927,1,45019.89036349441,0,0,0.0,1,0.0
2157,51,41068.58212789281,Mortgage,1,2024.280698512761,1,3585.8090137005147,0,0,0.0,1,15.237518014003314
2158,76,75062.73690371413,Own,1,2493.627972484884,1,36929.6587871451,0,0,0.0,1,6691.298141354061
2159,70,42122.355857683746,Own,1,7607.191957396417,1,38704.60239466662,0,0,0.0,1,2668.0460719934654
2160,54,17702.698484009088,Mortgage,1,2123.4165537053505,0,0.0,1,0,0.0,1,0.0
2161,70,43815.41350762849,Own,1,4400.281080553396,1,49721.6725147652,0,0,0.0,1,14.301580536573432
2162,48,46435.50212088544,Mortgage,1,2193.3046259705325,1,37625.16411961738,0,0,0.0,1,2350.3154737343193
2163,29,21616.27122769561,Rent,1,394.3040566478827,1,3117.1542493897405,0,0,0.0,0,0.0
2164,65,48573.038504353215,Rent,1,1017.170693445299,1,1698.9329945664506,0,0,0.0,1,9.13040502264186
2165,28,11986.852712201104,Rent,0,0.0,1,1425.2649796725418,0,0,0.0,0,0.0
2166,64,41205.55958362298,Mortgage,1,1295.532679996392,1,8744.562190622597,1,0,0.0,1,8.25588328572521
2167,30,12179.33305625778,Rent,1,427.60916188236644,1,1555.0635325639923,0,0,0.0,0,0.0
2168,71,10760.63399786796,Own,0,0.0,0,0.0,0,0,0.0,0,0.0
2169,72,99796.59537488718,Own,1,1205.9678273562924,1,4230.695647697094,0,0,0.0,1,9.51507167330157
2170,78,220515.9204227345,Own,1,10544.608673602308,1,94842.82617854247,1,1,11647.667175564338,1,17.76378464773287
2171,47,36210.0483803241,Rent,1,143.6850790998609,0,0.0,0,0,0.0,0,0.0
2172,53,15331.053581810296,Rent,1,1660.2998538746717,1,4262.282892304504,0,0,0.0,1,1.2926195124176276
2173,29,7509.470557970246,Rent,1,130.8375218305756,1,1390.4179899560395,0,0,0.0,0,0.0
2174,89,116126.47939157143,Own,1,6066.338942313323,1,93575.09709182213,1,1,10996.83998093174,1,15.447308152059952
2175,34,1187.1437860784026,Rent,0,0.0,0,0.0,0,0,0.0,0,0.0
2176,33,525.5206015037594,Rent,0,0.0,0,0.0,0,0,0.0,0,0.0
2177,34,15315.363439267072,Rent,1,856.500009376871,1,775.9472433542091,0,0,0.0,0,0.0
2178,65,45359.05612534788,Own,1,1235.5135210022743,1,6169.654785491428,1,0,0.0,1,18.5716020358872
2179,36,35139.27402336244,Rent,1,168.1277853883904,1,2162.89541144977,0,0,0.0,0,0.0
2180,72,42776.92935030842,Own,1,5229.642296809446,1,45858.34510683882,0,1,10343.139148234335,1,4741.096568254723
2181,39,10855.57881511132,Rent,1,80.73924140551787,0,0.0,0,0,0.0,0,0.0
2182,51,42293.36294074709,Mortgage,1,1622.865454754863,1,4801.896023524192,0,0,0.0,1,0.0
2183,45,18493.123768070127,Rent,1,785.9561051661545,1,1179.029427414258,0,0,0.0,0,0.0
2184,32,6416.8223472582795,Rent,0,0.0,1,1136.8733988649778,0,0,0.0,0,0.0
2185,74,52371.39832572456,Own,1,4422.321467955211,1,96062.32165158412,1,1,5126.090170878675,1,3.8875627092409353
2186,61,51299.68372678877,Mortgage,1,2194.882709886231,1,4318.531396655444,1,0,0.0,1,2667.7066203612912
2187,30,525.5206015037594,Rent,0,0.0,0,0.0,0,0,0.0,0,0.0
2188,75,208460.9312289455,Own,1,16933.27523885621,1,86811.64023905274,1,1,4517.342490100639,1,11262.74992318865
2189,26,525.5206015037594,Rent,0,0.0,0,0.0,0,0,0.0,0,0.0
2190,29,525.5206015037594,Rent,0,0.0,1,2403.5996191321105,0,0,0.0,0,0.0
2191,62,70058.66003950231,Mortgage,1,1741.6266331929978,1,8664.58244091328,1,0,0.0,1,4259.55355990976
2192,76,119615.41162210974,Own,1,2444.8031078654158,1,93458.30554475234,0,0,0.0,1,4607.78452808251
2193,62,50941.58243734229,Mortgage,1,2102.3627014077065,1,8578.553743532899,1,0,0.0,1,0.0
2194,70,99893.66516888821,Own,1,4478.736705442347,1,50107.120817618576,0,1,4478.9727578148195,1,11.630981555944466
2195,35,525.5206015037594,Rent,0,0.0,0,0.0,0,0,0.0,0,0.0
2196,60,26938.06266533894,Mortgage,1,904.2316966327345,0,0.0,1,0,0.0,1,7.0831018658293035
2197,58,33131.1828239432,Mortgage,1,2020.0318896006406,1,3712.43602148673,1,0,0.0,1,6.372762779265744
2198,59,21574.094722348855,Mortgage,1,6167.612607391083,1,9076.667349709658,1,0,0.0,1,0.0
2199,44,36982.59371077883,Mortgage,1,722.0173320282222,1,38991.932139411576,0,0,0.0,1,6.371528737299254
2200,91,152827.85682721602,Own,1,7382.108922717271,1,94622.13134104217,1,1,10908.433971095765,1,21.617517984512112
2201,71,74675.85190259709,Own,1,3831.983841948624,1,36198.75750310174,0,0,0.0,1,4.596915313169618
2202,47,20469.346769609667,Rent,1,723.7359062513701,1,1887.9057412390719,0,0,0.0,0,0.0
2203,49,42964.5528004205,Mortgage,1,1032.8668771283942,1,4868.714873391303,0,0,0.0,1,13.301518934436118
2204,43,68058.90919782169,Mortgage,1,1433.9392860618734,1,5079.469724709433,0,0,0.0,1,0.46511884200680986
2205,29,18012.472345294427,Rent,1,418.24639067379564,1,597.4334449523251,0,0,0.0,0,0.0
2206,27,525.5206015037594,Rent,0,0.0,0,0.0,0,0,0.0,0,0.0
2207,28,2725.0957016300636,Rent,0,0.0,0,0.0,0,0,0.0,0,0.0
2208,50,5148.986006993153,Rent,1,915.9539463978002,1,3275.827336172437,0,0,0.0,0,0.0
2209,49,21251.125708913678,Mortgage,1,1165.282467663173,0,0.0,1,0,0.0,1,0.0
2210,81,206135.8834356545,Own,1,9995.748364774001,1,93977.7320801364,1,1,21916.37959705361,1,18653.16019995492
2211,55,30832.994738590198,Mortgage,1,1554.2805356765011,0,0.0,0,0,0.0,1,6466.068811799284
2212,63,47902.204543275286,Mortgage,1,2003.9622954719428,1,10088.696327627647,0,0,0.0,1,6740.356844416132
2213,29,7018.722887863463,Rent,0,0.0,0,0.0,0,0,0.0,0,0.0
2214,43,26206.299874203523,Mortgage,1,1604.8412651594017,1,2702.9705998198224,0,0,0.0,0,0.0
2215,72,41241.00173687597,Own,1,8205.056945963814,1,80656.14146479573,0,1,4020.572387853148,1,2.666328746673705
2216,46,33542.89138496098,Mortgage,1,1176.3151263890886,0,0.0,0,0,0.0,1,0.2816462133404053
2217,46,12293.110798622247,Rent,0,0.0,0,0.0,0,0,0.0,0,0.0
2218,34,7427.658179985383,Rent,0,0.0,0,0.0,0,0,0.0,0,0.0
2219,29,17679.021065438013,Rent,0,0.0,1,0.0,0,0,0.0,0,0.0
2220,79,119660.28116667036,Own,1,1633.9546999530953,1,45216.62104502407,0,0,0.0,1,0.0
2221,55,67747.84257528457,Own,1,1901.1216068295994,1,3930.05340296761,0,0,0.0,1,0.0
2222,40,14862.046906549502,Mortgage,1,1020.4695425983579,0,0.0,0,0,0.0,0,0.0
2223,35,18328.376981004334,Mortgage,1,966.9130801835412,1,3267.529632416322,0,0,0.0,0,0.0
2224,62,37660.29506999593,Mortgage,1,2280.5132843802376,1,9823.193082963293,1,0,0.0,1,4949.944442531267
2225,77,667440.1748083925,Own,1,2544.7261274844404,1,96758.46639356414,1,1,20229.60035428758,1,10369.318928633009
2226,37,16040.022907158107,Rent,1,539.3287651889584,1,1664.325215776981,0,0,0.0,0,0.0
2227,64,65506.4935496178,Mortgage,1,1737.465778182839,1,10450.768414651538,1,0,0.0,1,12.56946821864549
2228,60,67476.95280877281,Mortgage,1,1222.7413505533254,1,9140.805409571803,1,0,0.0,1,0.0
2229,88,885234.5697343897,Own,1,8896.749620247672,1,96657.77210024507,1,1,13673.819067039212,1,0.0
2230,61,39823.55307911225,Mortgage,1,1807.200254685314,1,8925.039491743411,1,0,0.0,1,32.10595354867942
2231,28,35776.556626987214,Own,1,1745.5070649733975,1,1286.4107619118895,0,0,0.0,0,0.0
2232,35,11642.481718574207,Rent,0,0.0,1,0.0,0,0,0.0,0,0.0
2233,38,18272.43933551162,Mortgage,1,61.38808590075553,0,0.0,0,0,0.0,1,19.43622039828818
2234,32,13082.871153858803,Rent,1,164.92377164442064,0,0.0,0,0,0.0,0,0.0
2235,36,6249.7839117182775,Rent,0,0.0,0,0.0,0,0,0.0,0,0.0
2236,63,22560.729742023737,Mortgage,1,2432.277909890873,1,3832.6683445488015,1,0,0.0,1,9.969746801315422
2237,27,525.5206015037594,Rent,0,0.0,0,0.0,0,0,0.0,0,0.0
2238,75,40263.669337527615,Own,1,6000.692716791829,1,45004.53739743523,0,0,0.0,1,10.644264628313751
2239,30,16917.28568168643,Rent,1,864.7354016798354,1,1713.7709237203078,0,0,0.0,0,0.0
2240,31,8978.2251600385,Rent,0,0.0,0,0.0,0,0,0.0,0,0.0
2241,30,2561.8449318288676,Rent,0,0.0,0,0.0,0,0,0.0,0,0.0
2242,73,42130.76321432135,Own,1,3984.6983120666846,1,35254.86971745778,0,0,0.0,1,0.0
2243,91,974444.4424881802,Own,1,11618.809036000337,1,96758.46639356414,1,1,5327.463755554842,1,23.534397173294643
2244,43,18869.302024004606,Rent,1,473.6868217401088,1,2048.1550875485245,0,0,0.0,0,0.0
2245,63,50277.13608505317,Mortgage,1,2219.963315165823,1,9494.049267242171,1,0,0.0,1,1.3031467915177706
2246,48,54322.2262857614,Own,1,1830.1162841163723,0,0.0,0,0,0.0,1,9.044638855658004
2247,44,22222.45228390362,Mortgage,1,830.8438146510731,1,4299.292988904437,0,0,0.0,1,0.0
2248,30,20905.396982892344,Rent,1,1514.5155920791267,1,3942.7916377463744,0,0,0.0,0,0.0
2249,66,49705.358372683775,Own,1,2460.6042132399325,1,36303.640053801835,0,0,0.0,1,0.0
2250,43,14028.842163491174,Rent,1,1171.4429391362332,1,2936.829216848303,0,0,0.0,0,0.0
2251,57,45374.81926142193,Mortgage,1,1647.548919791738,1,1689.4408916141144,1,0,0.0,1,2856.1196299745952
2252,81,85302.23023774728,Own,1,8510.55278515206,1,96758.46639356414,1,1,8382.900652335491,1,10690.376766655734
2253,35,9203.224879041205,Rent,1,244.18176874156245,1,726.7576226182341,0,0,0.0,0,0.0
2254,36,7538.859831288373,Rent,1,253.61768082835056,1,1400.4259000918673,0,0,0.0,0,0.0
2255,76,185624.60410391836,Own,1,5816.31301251341,1,96758.46639356414,1,1,10992.099790232733,1,27.89710248336223
2256,87,127868.75444681715,Own,1,10638.739191057297,1,79568.99703194422,1,1,4491.294386965969,1,7070.128757279851
2257,52,41755.8355915816,Mortgage,1,2339.78234420414,1,38164.81589995355,0,0,0.0,1,7.173110834300384
2258,67,52774.0823218648,Mortgage,1,4622.757853681588,1,9322.68590065948,1,1,42.10770044814139,1,11.993616677654355
2259,91,746837.8010524446,Own,1,10524.816762761282,1,96758.46639356414,1,1,5447.96599182734,1,15.681418679054564
2260,41,12257.777235830432,Rent,1,170.8496899253954,1,1226.5800716294154,0,0,0.0,0,0.0
2261,30,525.5206015037594,Rent,0,0.0,0,0.0,0,0,0.0,0,0.0
2262,31,39595.0699817694,Rent,1,610.5486536496882,1,2144.415214852106,0,0,0.0,0,0.0
2263,61,23446.17625872221,Mortgage,1,2301.1389739443644,1,3111.1007690251854,1,0,0.0,1,19.20540198487233
2264,76,124574.42391636485,Own,1,5305.386941242044,1,45803.62623219612,0,1,13953.705184208182,1,18.638499626109585
2265,46,28757.008076301114,Mortgage,1,1002.8080448119614,1,4752.954994535918,0,0,0.0,1,0.707716098383344
2266,29,2847.8479505914784,Rent,0,0.0,0,0.0,0,0,0.0,0,0.0
2267,47,28780.305556284053,Rent,1,1315.6412591849978,1,4834.275673467366,0,0,0.0,1,21.377135620699573
2268,30,2163.109473657303,Rent,0,0.0,0,0.0,0,0,0.0,0,0.0
2269,73,233146.0940341709,Own,1,3137.7409193739713,1,8802.86562319114,1,1,6932.759454274733,1,0.0
2270,77,39104.24642557914,Own,1,1799.311603123194,1,37756.00791756783,0,0,0.0,1,16.077304348160137
2271,57,74511.77787467257,Mortgage,1,1787.0807043873226,1,3899.8070620069225,1,0,0.0,1,2642.0138445885673
2272,29,2191.580041822308,Rent,0,0.0,1,1567.0717187695986,0,0,0.0,0,0.0
2273,74,74855.15963538247,Own,1,2664.8846037952385,1,9616.107567166124,0,0,0.0,1,1.4811577206531736
2274,41,25526.2859082747,Rent,1,673.2432117935334,1,2807.5873053008986,0,0,0.0,1,0.0
2275,57,23481.674747091452,Mortgage,1,858.3323518349965,0,0.0,1,0,0.0,1,2.522163608706058
2276,75,106888.697794054,Own,1,31427.218029617987,1,96758.46639356414,1,1,7599.430838782197,1,11.358068544268823
2277,28,8927.341554335691,Rent,0,0.0,0,0.0,0,0,0.0,0,0.0
2278,29,15983.207062001795,Rent,1,616.9078614484097,0,0.0,0,0,0.0,0,0.0
2279,62,58750.07100528272,Own,1,1102.2699763803525,1,47596.2493256249,0,0,0.0,1,5.729614148867938
2280,74,30141.824169063057,Mortgage,1,7367.880109850839,1,2180.108826507916,0,0,0.0,1,0.0
2281,45,43162.372564802376,Mortgage,1,1146.658731438136,1,3685.6210375762475,0,0,0.0,1,0.0
2282,43,33114.44638822675,Rent,1,650.621432629851,1,1936.643875492091,0,0,0.0,0,0.0
2283,79,46739.96106030218,Own,1,6620.66531141665,1,41170.6208173644,0,1,3987.6026947822716,1,13.929394480731007
2284,54,47012.46588735003,Mortgage,1,1566.201251491905,1,3239.2824179150366,1,0,0.0,1,2905.3179320518916
2285,88,225015.8000150242,Own,1,11026.280148250136,1,94196.56908130302,1,1,11006.55745629955,1,2.6032319055829998
2286,70,26925.467948844744,Mortgage,1,1972.2625641063642,1,9092.822743896937,1,0,0.0,1,0.0
2287,32,9147.911511702474,Rent,1,258.7428025364228,1,1430.698728075617,0,0,0.0,0,0.0
2288,79,659173.0302718788,Own,1,32102.315242738547,1,81617.43494358168,1,1,7797.196158966902,1,15.397489902904011
2289,70,76545.10721815319,Own,1,4152.348336613684,1,36836.11029302001,0,1,0.0,1,18.51112046263947
2290,76,42282.45056564973,Own,1,5601.973133549618,1,8361.152352594034,1,0,0.0,1,4.269938247097545
2291,42,51091.30757650088,Mortgage,1,1826.6420882573639,0,0.0,1,0,0.0,1,2366.17359336237
2292,37,32533.940692605975,Rent,1,754.143731376412,1,2912.5109107679446,0,0,0.0,0,0.0
2293,64,54731.82321776273,Mortgage,1,1646.1786701589451,1,8940.414750273532,1,0,0.0,1,4020.139017484992
2294,63,35972.377218123605,Own,1,7676.117201735684,1,9877.711761494473,1,1,4997.5263440420895,1,24.550324600179223
2295,55,17792.223891176945,Mortgage,1,1090.0708956229078,0,0.0,0,0,0.0,1,2399.221103871492
2296,44,20578.922446949633,Mortgage,1,200.66102533068863,0,0.0,0,0,0.0,1,0.0
2297,47,16351.117915234441,Rent,1,1113.1789598760954,1,4078.6422914699288,0,0,0.0,0,0.0
2298,51,23638.7001570687,Mortgage,1,1009.5653162994051,0,0.0,0,0,0.0,0,0.0
2299,46,6873.944944181649,Rent,0,0.0,0,0.0,0,0,0.0,0,0.0
2300,29,10418.492933673553,Rent,0,0.0,0,0.0,0,0,0.0,0,0.0
2301,65,31058.557981717546,Mortgage,1,5153.84904812063,0,0.0,1,0,0.0,1,31.823116136215262
2302,67,36530.564595966694,Own,1,4008.0601328489442,1,43756.621408713094,0,0,0.0,1,0.0
2303,27,525.5206015037594,Rent,0,0.0,0,0.0,0,0,0.0,0,0.0
2304,26,525.5206015037594,Rent,1,354.69606947887246,1,2257.5969401159964,0,0,0.0,0,0.0
2305,56,78332.36455626364,Mortgage,1,2636.4063460359853,1,2687.1326935765287,0,0,0.0,1,0.5100786767016255
2306,34,7784.320194197528,Mortgage,0,0.0,0,0.0,0,0,0.0,0,0.0
2307,90,104051.7969618673,Own,1,11281.098334950917,1,96016.76233029117,1,1,10437.483188887716,1,0.0
2308,55,36137.03509675892,Mortgage,1,1337.5193950923322,1,2566.3206449940617,1,0,0.0,1,6020.820888607415
2309,26,20072.34125479744,Rent,1,542.665496381039,0,0.0,0,0,0.0,0,0.0
2310,75,60550.315674164034,Mortgage,1,2431.4184413145285,1,8289.059023783073,1,0,0.0,1,6874.126697231201
2311,51,14570.669433604924,Mortgage,1,267.43507136686287,0,0.0,0,0,0.0,1,0.0
2312,30,6113.948138793679,Rent,1,499.58120453800046,1,1791.58860188292,0,0,0.0,0,0.0
2313,38,21105.68080387386,Rent,1,247.0354155149687,1,3482.222129194235,0,0,0.0,0,0.0
2314,72,28758.942922554463,Rent,1,1473.33973280424,1,2244.4479495498963,0,0,0.0,0,0.0
2315,58,61623.99140397,Mortgage,1,2163.611028478737,1,9353.748320251347,1,0,0.0,1,3536.309292877194
2316,79,146810.3261708885,Own,1,5015.689703471801,1,38887.67402110485,0,1,4225.69806501308,1,0.5485554105988546
2317,32,6078.180791706112,Rent,0,0.0,0,0.0,0,0,0.0,0,0.0
2318,53,28133.564217821204,Mortgage,1,920.3559190713603,1,8951.550906629815,0,0,0.0,1,17.48550493022324
2319,72,64514.665565814954,Own,1,2621.290703248157,1,41407.010860535716,0,0,0.0,1,11.948060754381862
2320,78,186044.5894235652,Own,1,9435.11437227917,1,96758.46639356414,1,1,20631.160024276785,1,0.0
2321,28,5782.038898568097,Rent,0,0.0,0,0.0,0,0,0.0,0,0.0
2322,30,33433.187276178316,Rent,1,571.993244985868,1,3030.1626804268612,0,0,0.0,0,0.0
2323,32,1289.4069356640248,Rent,0,0.0,0,0.0,0,0,0.0,0,0.0
2324,58,62957.902297113185,Mortgage,1,1530.6364885601856,1,9163.123304877921,0,0,0.0,1,5624.7276494931275
2325,60,15623.609649561131,Mortgage,1,2126.2888256061724,1,3456.4806054684223,0,0,0.0,1,0.0
2326,35,525.5206015037594,Rent,0,0.0,0,0.0,0,0,0.0,0,0.0
2327,78,115328.50634549034,Own,1,5251.108395426956,1,45774.90154387222,1,1,11010.612513208836,1,14.385348206384784
2328,60,23959.709748337973,Mortgage,1,1007.8141185816777,0,0.0,0,0,0.0,1,12.375244531260678
2329,76,122404.34206921668,Own,1,3982.8945797298093,1,82060.44100870435,1,1,9935.27535522123,1,0.0
2330,46,19921.50798122947,Mortgage,1,569.2690945067441,1,2677.4797831248015,0,0,0.0,1,0.0
2331,50,29442.071075717293,Mortgage,1,1485.4326511652685,1,4294.912329590168,0,0,0.0,1,0.0
2332,63,58078.5707618424,Mortgage,1,1920.40712414992,1,9352.530677044895,1,0,0.0,1,3933.477853756877
2333,29,17628.239558249574,Rent,1,704.7350881653015,1,874.2371830921536,0,0,0.0,0,0.0
2334,90,175727.94218922075,Own,1,6074.850968967793,1,96758.46639356414,1,1,23886.63770434018,1,10.460848445177456
2335,28,525.5206015037594,Rent,0,0.0,0,0.0,0,0,0.0,0,0.0
2336,55,31124.21308460879,Mortgage,1,2109.3328413814124,1,1645.346344064453,0,0,0.0,1,1.4457394646510378
2337,48,20880.582361814246,Mortgage,1,1378.2730196051211,0,0.0,1,0,0.0,1,0.0
2338,62,42148.339802696726,Mortgage,1,958.8803647634018,1,9722.116495107224,1,0,0.0,1,4339.566230499343
2339,75,73328.00379011311,Own,1,1234.3813952193282,1,42504.28517137807,0,0,0.0,1,1.2935465457691282
2340,72,25494.676205253538,Mortgage,1,2219.582521382679,1,1806.182905605901,0,0,0.0,1,0.0
2341,68,66213.99019303608,Mortgage,1,1818.2700849134346,1,38464.329526140806,0,0,0.0,1,3876.1034087013963
2342,35,23572.741540575793,Rent,1,960.8198000606678,1,1639.0500200040774,0,0,0.0,0,0.0
2343,34,20111.25361429093,Rent,1,1680.0475201196039,1,1644.4766868072365,0,0,0.0,0,0.0
2344,78,127341.28501061333,Own,1,4471.238730464011,1,43637.19236745333,1,0,0.0,1,5.166341825926297
2345,50,35989.63105893645,Mortgage,1,1590.411486060484,0,0.0,1,0,0.0,1,9.27715238716657
2346,57,35579.11265165424,Own,1,3714.356906448452,1,1441.5194127472582,0,0,0.0,1,8.74222998816829
2347,75,60601.557190551575,Own,1,2859.0726291266997,1,37885.855230662426,0,0,0.0,1,9.122656340468497
2348,28,12480.336753155876,Rent,1,339.2642011792407,1,1464.5772400269846,0,0,0.0,0,0.0
2349,66,52164.031691930235,Mortgage,1,3779.46700598689,1,8881.886407751359,1,1,17244.70210788376,1,0.0
2350,61,35842.7524496995,Mortgage,1,2461.647374566038,1,9860.497093583203,1,0,0.0,1,1.9802604871192424
2351,88,96648.10934360122,Own,1,7080.015381602414,1,81238.54492388513,1,1,19769.718061469845,1,0.0
2352,45,51292.146288672586,Mortgage,1,939.1962040116931,1,3316.1775567431378,0,0,0.0,0,0.0
2353,29,20814.158875868066,Rent,0,0.0,0,0.0,0,0,0.0,0,0.0
2354,82,98758.21289318478,Own,1,2425.40713080512,1,84707.59496282836,1,1,15578.685698601881,1,0.0
2355,73,91386.7243347086,Own,1,4211.6875482979585,1,9149.761756991677,1,1,3889.8622825513835,1,10.922957862522903
2356,38,29115.031725563167,Rent,1,844.7296436264912,1,3434.999813702456,0,0,0.0,0,0.0
2357,31,18635.568508446653,Rent,1,254.31055397206126,1,2925.611226830725,0,0,0.0,0,0.0
2358,61,59856.079617132644,Mortgage,1,2215.7653370894895,1,3618.5509288653648,1,0,0.0,1,0.0
2359,28,525.5206015037594,Rent,0,0.0,0,0.0,0,0,0.0,0,0.0
2360,78,113656.88764915438,Own,1,5044.204145340504,1,42034.05596599685,0,1,12872.735717798107,1,0.0
2361,86,672439.2094062304,Own,1,25963.67040252512,1,96758.46639356414,1,1,4643.91317611782,1,12.146855152985358
2362,59,31266.924492007514,Mortgage,1,1215.0734086403681,1,5878.860220618975,1,0,0.0,1,0.0
2363,67,23587.98681451264,Mortgage,1,1289.3279195263033,1,764.6730603814542,0,0,0.0,1,0.0
2364,31,1754.673604058571,Rent,0,0.0,0,0.0,0,0,0.0,0,0.0
2365,41,21666.067427962753,Mortgage,1,1342.083238133745,1,3293.2812727134433,0,0,0.0,1,0.0
2366,28,525.5206015037594,Rent,0,0.0,0,0.0,0,0,0.0,0,0.0
2367,31,7482.319394424645,Rent,1,367.4587537775556,1,2813.6987260284027,0,0,0.0,0,0.0
2368,69,55950.24324076557,Own,1,2289.1126626913688,1,3397.499891113527,0,0,0.0,1,4.803776291167054
2369,78,18529.668575661643,Rent,1,960.9124843271097,1,1919.8726467841805,0,0,0.0,0,0.0
2370,26,525.5206015037594,Rent,0,0.0,0,0.0,0,0,0.0,0,0.0
2371,57,62305.85406817295,Mortgage,1,1494.3341472352151,1,1484.97050037728,1,0,0.0,1,0.0
2372,87,112649.33967846927,Own,1,6014.638525978271,1,95575.18926832883,1,1,11099.52949558863,1,0.0
2373,36,14526.227217003536,Rent,1,837.9801516688215,1,34678.860273466766,0,0,0.0,0,0.0
2374,29,20130.054839755503,Rent,1,1155.9570500182656,0,0.0,0,0,0.0,0,0.0
2375,27,525.5206015037594,Rent,0,0.0,0,0.0,0,0,0.0,0,0.0
2376,40,40054.74491489571,Mortgage,1,1177.3485552825273,1,5012.5765640276195,0,0,0.0,0,0.0
2377,29,12715.86673798765,Rent,1,369.65433951009555,1,2188.6410220404705,0,0,0.0,0,0.0
2378,30,14844.050273998742,Rent,1,523.6896200732392,1,1777.5322238470646,0,0,0.0,0,0.0
2379,26,9688.902829813745,Rent,1,634.5955274156795,0,0.0,0,0,0.0,0,0.0
2380,31,28508.76376168504,Own,1,5519.589229027364,1,46150.34429782798,0,0,0.0,1,31.992365617701353
2381,90,148191.03081946986,Own,1,7783.464165086113,1,47956.260867778394,1,1,6266.076109209148,1,22.70693523878531
2382,63,76906.35587420543,Mortgage,1,2252.9691303640025,1,9347.690513688576,1,0,0.0,1,2.6988075797929816
2383,58,40218.940030474034,Mortgage,1,1663.1663446194539,1,5348.637474825557,0,0,0.0,1,6227.10509225335
2384,34,33503.41168098878,Rent,1,1786.7216060291612,1,4852.31321853808,0,0,0.0,0,0.0
2385,75,134741.83314828607,Own,1,13088.29987412736,1,94139.42356138384,1,1,10214.043211152342,1,0.0
2386,53,25566.62905347245,Mortgage,1,1494.2378081390582,1,4478.836746234363,0,0,0.0,1,9.98400461681467
2387,28,33340.36954989863,Rent,1,108.88160540143599,1,2027.5867530340722,0,0,0.0,0,0.0
2388,46,11204.657737105077,Rent,1,1475.0491288154835,1,2757.7707330502826,0,0,0.0,0,0.0
2389,35,12420.153145130249,Mortgage,1,811.6602699649085,0,0.0,1,0,0.0,1,7.815370854357209
2390,71,175575.01575768093,Own,1,5903.028542696904,1,82058.73338943427,1,1,18988.652951079814,1,10224.703478589825
2391,34,13317.94759335266,Rent,1,438.8514615739682,1,1020.4333185423368,0,0,0.0,0,0.0
2392,58,57099.33737779524,Mortgage,1,2724.4231198697257,1,4071.5373314710932,0,0,0.0,1,4010.256846198996
2393,57,58747.98255164614,Mortgage,1,1573.426121926771,0,0.0,1,0,0.0,1,2.6099110012811466
2394,29,8591.407317007519,Rent,0,0.0,0,0.0,0,0,0.0,0,0.0
2395,42,10802.534916633784,Mortgage,1,375.7724631534646,0,0.0,0,0,0.0,1,0.0
2396,47,44276.71916188459,Rent,1,1154.7943907973747,1,2590.0006414092645,0,0,0.0,1,12.009138072027202
2397,40,59326.83376324046,Mortgage,1,2933.574284702097,1,3280.441504346273,0,0,0.0,1,5306.362420944735
2398,53,54886.16887258771,Mortgage,1,1335.9389315335675,1,4307.343204538813,1,0,0.0,1,2542.551880471938
2399,28,19274.98264922976,Rent,1,782.7607870599284,1,2366.9873566988863,0,0,0.0,0,0.0
2400,62,37886.309015035265,Mortgage,1,1164.1541772670766,1,4066.246548614374,0,0,0.0,1,0.0
2401,71,63019.69052278855,Own,1,2850.0377804663776,1,37670.43798781683,0,0,0.0,1,0.0
2402,57,17111.991395885863,Mortgage,1,385.0568923547004,0,0.0,0,0,0.0,0,0.0
2403,30,525.5206015037594,Rent,0,0.0,0,0.0,0,0,0.0,0,0.0
2404,66,70644.33909272241,Own,1,2676.2398499202495,1,35584.86187915624,0,0,0.0,1,2864.7207828548167
2405,43,46816.146829696845,Rent,1,1789.2656865921847,1,2566.2375511560863,0,0,0.0,0,0.0
2406,73,92185.42293177,Own,1,4590.510379818437,1,80353.70604921381,0,1,11421.567289235127,1,7.270830938029011
2407,70,41981.28615923095,Own,1,2313.6929246150285,1,37301.128270775225,0,0,0.0,1,0.0
2408,59,36075.4787505694,Mortgage,1,2231.7373120105617,1,4940.3459003234075,0,0,0.0,1,3633.835514038693
2409,52,35146.852163685624,Mortgage,1,1084.232681584991,1,3839.341970734571,0,0,0.0,1,2.9513015773967197
2410,28,6607.802681573794,Rent,0,0.0,0,0.0,0,0,0.0,0,0.0
2411,49,44919.78424246308,Mortgage,1,367.6559829578475,1,5392.818932919641,0,0,0.0,1,2447.7957681773523
2412,29,6223.544669336092,Rent,0,0.0,1,487.27547950581265,0,0,0.0,0,0.0
2413,27,8137.994384128495,Rent,0,0.0,0,0.0,0,0,0.0,0,0.0
2414,61,22350.385170457335,Mortgage,1,685.9071780705256,0,0.0,1,0,0.0,1,23.37856846139787
2415,28,5936.303547295061,Rent,1,10.596636813287205,1,694.4543987728553,0,0,0.0,0,0.0
2416,42,5631.077407180555,Mortgage,1,155.43543454027588,0,0.0,0,0,0.0,1,0.0
2417,36,36031.1438076888,Rent,1,668.974015671824,1,1518.676248881346,0,0,0.0,0,0.0
2418,30,15203.315818474945,Rent,1,269.5186555121528,0,0.0,0,0,0.0,0,0.0
2419,80,85631.94947264866,Own,1,3986.7475375142853,1,43355.42228462778,0,1,4002.4791670610252,1,6.758724548208339
2420,44,14431.686533363703,Mortgage,1,203.59806748119763,1,2924.4540750106858,0,0,0.0,0,0.0
2421,89,831550.7732129216,Own,1,26615.753076710884,1,96758.46639356414,1,1,13711.940792548628,1,10.813607226151067
2422,89,258490.4842681976,Own,1,10636.631396115366,1,93644.97553835384,1,1,45349.77792167592,1,0.0
2423,43,32808.76841889687,Mortgage,1,1628.8958684481113,1,3648.7105432192884,0,0,0.0,1,0.0
2424,78,125690.76068065563,Own,1,7199.004810265895,1,44309.676201351875,0,1,4510.277027351904,1,0.0
2425,59,40981.1345261212,Mortgage,1,1539.8072053848973,1,4672.266693280086,1,0,0.0,1,0.0
2426,71,43085.87816257667,Own,1,4410.2537839122615,1,9520.35017083747,1,0,0.0,1,2.015026553193652
2427,30,4260.60973839992,Rent,1,303.3614570210466,1,2161.8779775267744,0,0,0.0,0,0.0
2428,71,207707.8262869729,Own,1,6850.172962547976,1,39390.18365427319,0,1,11629.113531374582,1,0.5679294314254032
2429,58,28726.469931444495,Mortgage,1,1822.9328401894659,1,3052.5684027169204,1,0,0.0,1,0.0
2430,45,18701.195676794083,Rent,1,772.4578600475647,1,894.4929500414826,0,0,0.0,0,0.0
2431,70,84133.34271960889,Own,1,314.6869328655298,1,42619.353401338776,0,0,0.0,0,0.0
2432,30,1425.1534618102014,Rent,0,0.0,0,0.0,0,0,0.0,0,0.0
2433,58,43427.92580475116,Mortgage,1,2245.7762275494997,1,9274.557256886808,1,0,0.0,1,5574.9077034645425
2434,28,20853.22184731561,Rent,1,258.9854824927545,1,2300.766545645461,0,0,0.0,0,0.0
2435,28,27996.194439140472,Rent,1,709.95814477051,0,0.0,0,0,0.0,0,0.0
2436,43,45047.20714425465,Mortgage,1,1293.0904931648938,1,2717.9770158703823,0,0,0.0,0,0.0
2437,72,64216.58863989822,Own,1,2465.9053490905194,1,42462.54210491076,0,0,0.0,1,2588.1285344830153
2438,35,30100.007278169014,Rent,1,2082.118815604495,1,36704.526991439365,0,0,0.0,0,0.0
2439,45,25140.889935616786,Rent,1,461.3902590867276,1,2983.0713285491124,0,0,0.0,0,0.0
2440,28,525.5206015037594,Rent,0,0.0,0,0.0,0,0,0.0,0,0.0
2441,30,4319.674001177351,Rent,0,0.0,1,0.0,0,0,0.0,0,0.0
2442,59,67335.75181370975,Mortgage,1,1721.8515710103188,1,5840.3050476737335,1,0,0.0,1,3.472144884215035
2443,44,21445.618549784696,Mortgage,0,0.0,0,0.0,0,0,0.0,1,2.7579029209087746
2444,36,21077.679170229174,Rent,1,464.95787903901515,1,3412.384402479819,0,0,0.0,0,0.0
2445,65,165161.25054049856,Own,1,3543.3865123007977,1,7948.639775070997,1,1,10641.544951458036,1,0.0
2446,30,12535.70122419465,Rent,0,0.0,1,1205.3117278609293,0,0,0.0,0,0.0
2447,79,215181.5853547388,Own,1,10003.36106864259,1,83795.32465861509,1,1,22428.57354797151,1,0.0
2448,77,189199.13521902385,Own,1,7048.024347043556,1,87967.0094455423,1,1,18254.666865597363,1,0.0
2449,34,18936.392809009583,Rent,1,779.3746599171648,1,2647.632494917822,0,0,0.0,0,0.0
2450,65,67629.13016254095,Mortgage,1,1683.870975769612,1,8228.624755116585,1,0,0.0,1,6148.499261147423
2451,44,43278.56221133099,Mortgage,1,1371.2132551764923,1,4087.652661690317,0,0,0.0,1,2851.4740557553264
2452,78,57236.21123414258,Mortgage,1,2220.017485076431,1,7844.808063990943,1,0,0.0,1,0.0
2453,89,229815.79430561874,Own,1,6639.267679303972,1,76678.7725056119,1,1,4783.276704611664,1,9616.026384297995
2454,52,27099.547835293313,Mortgage,1,1896.7490532943903,1,4425.4297108575065,0,0,0.0,1,2694.262042464027
2455,87,145871.46528906727,Own,1,5812.2648315824445,1,78254.94753272555,1,1,4272.9298458502,1,18.261772896581128
2456,73,75173.85848837168,Own,1,4761.354687486129,1,36534.75447282453,0,0,0.0,1,4222.518848238701
2457,88,189757.2989588149,Own,1,5401.6422280895085,1,47928.299895390126,1,1,17244.15219853244,1,0.0
2458,79,88687.66943665915,Own,1,3263.9231496099237,1,94142.67991987325,1,1,5398.445394446569,1,18720.426761954343
2459,69,31931.29630678113,Mortgage,1,4644.719398096481,1,9530.910222639297,1,0,0.0,1,1.1877035422728375
2460,72,124405.8055184545,Own,1,2546.3389687584327,1,37748.27543279398,0,0,0.0,1,28.784555378085955
2461,65,55336.174442345044,Mortgage,1,900.403434728139,1,8774.963058053767,1,0,0.0,1,0.0
2462,44,29694.147756955306,Mortgage,1,1283.9377175444492,0,0.0,0,0,0.0,0,0.0
2463,70,34033.33657376892,Own,1,2320.339146211641,1,8710.303378587108,0,0,0.0,1,3.320725181486166
2464,27,15875.88841181947,Rent,1,797.4125229317458,1,2333.1795227934335,0,0,0.0,0,0.0
2465,56,36177.277166617474,Mortgage,1,1613.8856347198343,1,3978.3649972828316,0,0,0.0,1,2505.080303562701
2466,91,245107.09047256436,Own,1,4304.432028225757,1,94713.96847100227,1,1,4968.906876810773,1,2.390027751627586
2467,57,55117.316212186575,Mortgage,1,1956.4777033718367,1,1841.0045809019243,1,0,0.0,1,0.0
2468,76,111840.98320672319,Own,1,2396.1236533567303,1,37908.88620933374,0,0,0.0,1,0.0
2469,41,40905.91303020128,Mortgage,1,1667.0944973855806,1,4644.831103704238,0,0,0.0,1,12.165367284359347
2470,39,7262.448047866463,Rent,1,749.2617772305261,0,0.0,0,0,0.0,0,0.0
2471,89,215803.02830051855,Own,1,4947.982613546118,1,82016.79924451635,1,1,4769.7017774876795,1,5.612261013171824
2472,34,10014.874168528147,Rent,1,1052.7449276990862,1,1803.7206241182262,0,0,0.0,0,0.0
2473,47,33852.31856408394,Mortgage,1,1008.4218066902656,1,3351.3289632871983,0,0,0.0,0,0.0
2474,55,82940.75545925864,Mortgage,1,1992.0811198913673,1,3430.91777717945,1,0,0.0,1,0.0
2475,35,20214.973713140724,Rent,0,0.0,1,870.444756415063,0,0,0.0,0,0.0
2476,27,929.7298031490882,Rent,1,19.331401232768258,0,0.0,0,0,0.0,0,0.0
2477,56,27657.685051921795,Mortgage,1,1996.6467820413798,1,1872.2687179128757,0,0,0.0,1,0.0
2478,56,21422.383208992178,Rent,1,496.8167453082144,1,1542.8033517639726,0,0,0.0,0,0.0
2479,38,10331.76173500673,Rent,1,0.0,1,563.4232796207014,0,0,0.0,0,0.0
2480,57,34749.36624717509,Mortgage,1,1593.3750403827667,1,2957.16573243044,1,0,0.0,1,2619.4342602614292
2481,30,57047.86299899665,Rent,1,1654.4220174714776,1,2070.4803514823952,0,0,0.0,0,0.0
2482,37,9833.190642554197,Rent,1,48.87440565858128,0,0.0,0,0,0.0,0,0.0
2483,30,19614.76635987258,Rent,1,594.5093466624776,1,956.4590645895346,0,0,0.0,0,0.0
2484,57,53672.09298777076,Mortgage,1,2537.356136723106,1,9885.770713457752,1,0,0.0,1,0.7392038180814605
2485,40,21895.665028160056,Rent,1,347.9881496143066,1,2211.906917302144,0,0,0.0,0,0.0
2486,37,9661.741793962454,Rent,0,0.0,0,0.0,0,0,0.0,0,0.0
2487,73,45441.7966682017,Own,1,2197.5382810339775,1,39233.02309160799,0,0,0.0,1,8514.740479108146
2488,67,90878.56908310505,Own,1,2316.9206997483675,1,37321.4452767452,0,0,0.0,1,0.0
2489,78,43905.04929984237,Own,1,2241.0454168372557,1,42958.47205834069,0,0,0.0,1,9063.613030330467
2490,76,37522.94243758359,Mortgage,1,3804.6730535286315,1,83636.90552352415,1,1,19809.716611910113,1,3968.5196632476445
2491,78,144794.06113156735,Own,1,9236.199292059679,1,44975.563581090966,0,1,4382.039639951596,1,6310.647976321981
2492,55,72696.06409890621,Mortgage,1,2171.4923493699844,1,3730.748670994174,1,0,0.0,1,0.0
2493,36,15119.01605499886,Mortgage,1,1011.1712978979033,0,0.0,0,0,0.0,0,0.0
2494,71,49717.90780816798,Mortgage,1,4617.601563869678,1,9460.4837879499,0,0,0.0,1,7003.73593552297
2495,55,51791.566076519695,Own,1,2398.3219046395106,1,38587.155389390326,0,0,0.0,1,0.0
2496,86,110255.4916397131,Own,1,32837.15440170678,1,96046.24384084172,1,1,5347.960985447283,1,0.0
2497,53,22241.843815176126,Mortgage,1,1391.6914007950716,1,4777.486392395567,0,0,0.0,0,0.0
2498,41,28111.71120277392,Mortgage,1,1100.226360484942,1,4737.438565338161,0,0,0.0,1,0.0
2499,37,16702.722296427768,Rent,1,448.1140519432837,1,2966.5066386261283,0,0,0.0,0,0.0
2500,31,30780.109727327577,Rent,1,0.0,1,762.6274409537491,0,0,0.0,0,0.0
2501,39,33071.34801789273,Mortgage,1,1883.02584841985,1,3929.9211517899575,0,0,0.0,1,6395.408001333626
2502,35,16498.50370963039,Rent,1,784.6192007318538,1,932.5077141411869,0,0,0.0,0,0.0
2503,74,99832.49118104497,Own,1,5368.049629599405,1,79612.67374740382,1,1,10505.375109501718,1,2.454827720819711
2504,58,53107.19762658197,Mortgage,1,10213.176781654833,0,0.0,1,0,0.0,1,3.304302911446503
2505,54,40011.31015110564,Mortgage,1,1747.2564617591602,1,2194.8488318499476,1,0,0.0,1,2.2012834108242094
2506,28,525.5206015037594,Rent,0,0.0,0,0.0,0,0,0.0,0,0.0
2507,46,24229.852660395747,Mortgage,1,805.5286115650855,1,4125.764544874583,0,0,0.0,0,0.0
2508,59,32707.6168781155,Mortgage,1,2434.5340043361894,1,10032.92498126196,1,0,0.0,1,25.723272227755814
2509,35,8930.411107649576,Rent,0,0.0,0,0.0,0,0,0.0,0,0.0
2510,27,525.5206015037594,Rent,0,0.0,0,0.0,0,0,0.0,0,0.0
2511,46,41209.321964801326,Mortgage,1,1148.818411648642,1,4267.363434415664,0,0,0.0,1,11.225916416860164
2512,79,721807.6088302729,Own,1,11408.487649029903,1,89064.1129284605,1,1,12282.972825280242,1,42.636886214044075
2513,72,35781.160195927936,Own,1,7645.894801141641,1,94454.8353452722,1,1,10941.894719453767,1,17.474587288354993
2514,38,15511.48230869473,Mortgage,1,299.0291528809803,1,3447.0770684994504,0,0,0.0,0,0.0
2515,30,6937.881625003076,Rent,0,0.0,0,0.0,0,0,0.0,0,0.0
2516,90,88065.98952497385,Own,1,5609.448010738776,1,94361.30645244486,1,1,13970.300043478557,1,0.0
2517,71,84667.96129997342,Own,1,4640.749649953848,1,43748.05266316993,0,1,38.29751268050196,1,2.998685534843915
2518,26,1193.37727603645,Rent,0,0.0,0,0.0,0,0,0.0,0,0.0
2519,76,25077.95099781184,Own,1,1759.4786217273502,0,0.0,0,0,0.0,1,10.882678532486437
2520,91,160667.35119796102,Own,1,9165.445993031852,1,75529.29725579442,1,1,4728.482307273697,1,4.774876680376145
2521,40,39010.98052340021,Mortgage,1,2026.5145060084274,1,4208.201357527856,0,0,0.0,1,21.35809583000198
2522,77,91970.16709708267,Own,1,23948.433109987356,1,96254.55691326527,1,1,20635.239701396542,1,0.0
2523,69,60395.892537768275,Mortgage,1,2012.8622154558611,1,9484.734043827417,1,0,0.0,1,9.166067583909573
2524,68,36297.921372849596,Mortgage,1,1601.3909973915484,1,3206.8313081908927,0,0,0.0,1,0.0
2525,29,36019.83053650668,Rent,1,1671.1611003920511,1,2041.4127942981986,0,0,0.0,0,0.0
2526,27,3967.6391947149477,Rent,0,0.0,1,802.6043167834475,0,0,0.0,0,0.0
2527,70,74413.129048522,Own,1,9282.68538961561,1,45355.50683742008,0,1,4422.215327421953,1,0.0
2528,74,94838.63946185433,Own,1,3572.439720348565,1,94489.07442288421,1,1,8141.647140487056,1,10.523543784581701
2529,51,32287.60739891219,Mortgage,1,1393.849869378908,1,4804.596596250599,1,0,0.0,1,2097.8144917881837
2530,61,41141.26924204676,Mortgage,1,2448.5727087686946,1,38957.57439199221,0,0,0.0,1,0.0
2531,60,18894.773008230186,Mortgage,1,1044.807901233964,1,5223.525285639554,0,0,0.0,1,6.205832195300456
2532,76,525291.6372706946,Own,1,7553.246758941712,1,96758.46639356414,1,1,4558.122475471712,1,9999.229128335552
2533,29,7018.537056226927,Rent,0,0.0,0,0.0,0,0,0.0,0,0.0
2534,29,525.5206015037594,Rent,0,0.0,0,0.0,0,0,0.0,0,0.0
2535,74,33255.22648824765,Rent,1,1551.0016516758271,1,43616.65818113603,0,0,0.0,0,0.0
2536,76,113067.71749761846,Own,1,2384.9915467309893,1,45659.00386887432,0,1,10.470453472060152,1,9.010230862004093
2537,80,848725.9979769174,Own,1,34202.208680430114,1,94379.06513896573,1,1,5554.101479252791,1,0.0
2538,38,10655.044011160819,Rent,0,0.0,0,0.0,0,0,0.0,0,0.0
2539,50,18782.0860104636,Mortgage,1,1808.2448832011255,1,2846.4922816913413,0,0,0.0,1,5.9628010217334735
2540,40,36954.97882904628,Mortgage,1,1593.6225791206361,1,8808.407618610954,1,0,0.0,1,6011.464679888877
2541,39,39844.16342789717,Mortgage,1,1422.8829732394006,0,0.0,0,0,0.0,1,19.16958322843482
2542,63,45255.79546925317,Mortgage,1,2614.4330374486412,1,9734.975844197495,1,0,0.0,1,8.385249932605856
2543,33,11338.980328336298,Rent,0,0.0,1,596.2103514811197,0,0,0.0,0,0.0
2544,73,117859.14764530299,Own,1,4676.723420875346,1,44742.62242292304,0,0,0.0,0,0.0
2545,73,75905.14256547898,Own,1,2611.786353881708,1,39401.20830946782,0,0,0.0,1,0.0
2546,91,228837.0795116256,Own,1,9779.527737744085,1,96758.46639356414,1,1,10945.31979529551,1,3.3038761281700597
2547,40,15841.420136582408,Rent,1,764.574566270046,1,720.2904664559887,0,0,0.0,0,0.0
2548,44,22265.183688001154,Rent,1,689.6628217956043,1,2237.507314858203,0,0,0.0,0,0.0
2549,75,79926.42899093665,Mortgage,1,1488.2423692015634,1,38316.83033326803,1,0,0.0,1,5.75351150922105
2550,29,29029.129471814504,Rent,1,400.3621308914386,1,1752.2238963031255,0,0,0.0,0,0.0
2551,33,525.5206015037594,Rent,0,0.0,0,0.0,0,0,0.0,0,0.0
2552,37,525.5206015037594,Rent,1,719.7451035208715,1,1835.4436396068513,0,0,0.0,0,0.0
2553,57,48836.72678302205,Own,1,2122.1725246086157,1,2443.879644493255,1,0,0.0,1,4220.679663724481
2554,50,23920.959829802847,Rent,1,1499.9394277268332,1,5373.181773467797,0,0,0.0,1,5.9456475880864845
2555,51,46776.965973445665,Mortgage,1,1912.2250129840422,1,4418.669817909124,0,0,0.0,1,0.0
2556,75,189710.84249842085,Own,1,11070.989599269142,1,96758.46639356414,1,1,11361.630959391876,1,11.047084962457792
2557,37,41823.936487185456,Mortgage,1,625.0196133448288,0,0.0,0,0,0.0,1,14.219872440250985
2558,59,33635.70758700365,Mortgage,1,2092.0430589321372,1,4454.647472422604,0,0,0.0,1,6423.157794478432
2559,69,207201.04187103067,Own,1,31289.94331606332,1,96644.65654538605,1,1,4579.421023573209,1,11.934143364252678
2560,75,202298.7948012033,Own,1,6474.613897893944,1,96758.46639356414,1,1,4386.79405657164,1,12.879005993884828
2561,67,33208.63033019244,Mortgage,1,1165.4577102521948,1,4649.909990376457,1,0,0.0,1,10.205275099851251
2562,33,16712.740037151463,Rent,1,654.6049212725279,1,1724.3144143380941,0,0,0.0,0,0.0
2563,66,72979.0007710169,Own,1,1848.7027488734047,1,36318.16093857173,0,0,0.0,1,15.853002076827789
2564,65,41736.24230574461,Mortgage,1,1310.4721755768496,1,997.4889348145116,0,0,0.0,1,1.3302565408317253
2565,62,35493.97448893709,Mortgage,1,703.510680312073,1,4408.729458878988,0,0,0.0,1,2612.8554716633253
2566,69,36939.416753381345,Mortgage,1,4445.870255293813,1,9236.344565799282,0,0,0.0,1,5.646986403420765
2567,32,525.5206015037594,Rent,0,0.0,0,0.0,0,0,0.0,0,0.0
2568,72,33508.80775453697,Own,1,1207.747405476653,1,2192.6568295097163,0,0,0.0,1,0.9072227619798725
2569,28,6592.048804586477,Rent,0,0.0,1,531.5318002275812,0,0,0.0,0,0.0
2570,41,35402.3966777057,Rent,1,1303.51816080149,1,3093.037906860233,0,0,0.0,1,3.7948035543427086
2571,70,55414.133316453735,Own,1,3589.622196072907,1,9970.323958867895,0,0,0.0,1,0.0
2572,37,5831.688466059535,Rent,0,0.0,0,0.0,0,0,0.0,0,0.0
2573,27,4739.368945054692,Rent,0,0.0,0,0.0,0,0,0.0,0,0.0
2574,91,197893.46247397247,Own,1,6863.902520835669,1,95087.1541034802,1,1,5545.8745082022415,1,8579.561806338239
2575,28,8933.140662843336,Rent,1,1036.8712737190867,1,2102.234168625525,0,0,0.0,0,0.0
2576,88,109146.06631233472,Own,1,4520.063582623784,1,45271.95484151608,0,1,16816.78182720971,1,0.0
2577,38,9583.688441550392,Rent,0,0.0,0,0.0,0,0,0.0,0,0.0
2578,27,3679.377160120699,Rent,0,0.0,0,0.0,0,0,0.0,0,0.0
2579,36,32081.766051778777,Mortgage,1,1593.2493981064426,1,4042.5329375917777,0,0,0.0,1,31.240684373070962
2580,27,525.5206015037594,Rent,0,0.0,0,0.0,0,0,0.0,0,0.0
2581,43,18948.585494741954,Rent,1,707.5422350712834,1,3340.364163458825,0,0,0.0,0,0.0
2582,42,14838.730698221942,Mortgage,1,740.9794519405432,0,0.0,1,0,0.0,1,0.0
2583,42,16532.89370371231,Rent,0,0.0,0,0.0,0,0,0.0,0,0.0
2584,65,76635.16327895905,Mortgage,1,1612.9615163110786,1,3795.0942950828303,1,0,0.0,1,16.71792481955966
2585,49,31484.09672423244,Mortgage,1,944.0600280853421,1,4524.016434010113,0,0,0.0,1,0.0
2586,59,30829.502615261248,Mortgage,1,1285.5981801628543,1,1308.8813222271538,0,0,0.0,1,2070.656950180401
2587,59,65503.13995796688,Own,1,1521.3055420174833,1,35054.80051770222,0,0,0.0,1,16.61354038858644
2588,76,99968.46956248002,Own,1,5065.582364705429,1,95447.37436244015,1,1,4877.420418100897,1,31.089215108413214
2589,30,8744.446057657211,Rent,1,1340.5811461341855,0,0.0,0,0,0.0,0,0.0
2590,40,15069.558271563565,Rent,1,1790.8525419801583,0,0.0,0,0,0.0,0,0.0
2591,68,47153.44168957116,Mortgage,1,2932.9332811301165,1,8853.295018343311,1,0,0.0,1,13.214142755702065
2592,66,50337.459639359724,Mortgage,1,2039.6207263278118,1,9506.304346666437,1,0,0.0,1,6.904231362634483
2593,61,37595.44910767495,Mortgage,1,1477.9695924204095,1,8637.387563716973,1,0,0.0,1,6117.374080902502
2594,89,125553.74444776005,Own,1,7374.798532183737,1,93331.94158537597,1,1,4401.162121853171,1,7.946138752136113
2595,38,31116.04003000912,Mortgage,1,147.55495557837344,0,0.0,0,0,0.0,1,4.654500767644059
2596,78,38157.47357543722,Own,1,842.7629297390315,1,35891.355677579195,0,0,0.0,1,0.11512276309895003
2597,65,46845.65229164173,Mortgage,1,1930.1764737187495,1,3736.2833551882595,1,0,0.0,1,4.66461390426275
2598,74,100432.28831039136,Own,1,4057.563076228982,1,48857.276730628095,0,1,10846.617718742358,1,5512.521085015596
2599,79,25006.060776893588,Own,1,1562.1410625841368,1,38167.41952130278,0,0,0.0,1,0.0
2600,87,210415.45581489004,Own,1,11723.151157102173,1,93105.35695382529,1,1,17245.581288822257,1,0.0
2601,59,44684.33168491903,Mortgage,1,1369.0419610810816,1,3889.682765316631,0,0,0.0,1,3693.412772663743
2602,49,18535.402011529924,Mortgage,1,995.6154600370982,0,0.0,0,0,0.0,0,0.0
2603,74,110302.49305033401,Own,1,2613.906875776001,1,35895.579164023125,0,1,9034.240115251136,1,9.99273052005034
2604,70,39309.01206163728,Rent,1,1320.209797551334,1,2201.1194678664724,0,0,0.0,1,0.0
2605,74,116557.23086911086,Own,1,7431.26811488738,1,42033.94244608214,0,1,3656.0708904549274,1,3.932518382485915
2606,45,16889.54595450449,Rent,1,572.835975662282,1,2472.8417557029425,0,0,0.0,0,0.0
2607,56,24976.746373367918,Mortgage,1,894.8014142584657,0,0.0,1,0,0.0,1,4.9607279061595015
2608,72,58350.046395603684,Own,1,2760.525022008581,1,39425.694283716235,0,0,0.0,1,7.4432458748311765
2609,56,15928.10159380644,Rent,1,1143.8311494140582,1,4389.01667590244,0,0,0.0,0,0.0
2610,89,125758.3101805874,Own,1,39970.472613506725,1,86405.07836414152,1,1,11718.835227608135,1,4.1148116625265345
2611,77,60351.43586001699,Mortgage,1,5774.508705858261,1,9429.400947861892,1,0,0.0,1,6495.959168262997
2612,73,222636.7185850967,Own,1,6249.03648528961,1,82894.56960440973,1,1,10985.196203782754,1,0.0
2613,28,525.5206015037594,Rent,0,0.0,0,0.0,0,0,0.0,0,0.0
2614,66,41851.92736208914,Mortgage,1,2618.7274489433917,1,10120.902800774234,1,0,0.0,1,4596.788916865201
2615,45,35670.76129330387,Rent,1,453.7487069936686,1,925.9597173773031,0,0,0.0,0,0.0
2616,49,53606.15729330822,Mortgage,1,1692.9690387554092,1,4346.321434102412,0,0,0.0,1,0.0
2617,40,12520.954032025878,Rent,1,832.2279134217428,0,0.0,0,0,0.0,0,0.0
2618,38,47087.29546856387,Mortgage,1,1678.2850347350193,1,3456.676774982978,1,0,0.0,1,3.73289519829397
2619,44,20645.84245179968,Mortgage,1,1287.4449630263537,1,2795.5922706379934,0,0,0.0,0,0.0
2620,29,525.5206015037594,Rent,0,0.0,0,0.0,0,0,0.0,0,0.0
2621,61,54554.51433206452,Own,1,2484.04707592597,1,35812.780776791005,1,0,0.0,1,6950.056303831285
2622,50,42477.44527819195,Mortgage,1,1020.8513823104574,1,3688.6574804700986,0,0,0.0,1,2547.4713324442023
2623,80,154408.77215223876,Own,1,7817.41049307578,1,79093.21668726523,0,1,8893.970283429555,1,6.774902763295197
2624,33,2764.2457816572314,Rent,0,0.0,0,0.0,0,0,0.0,0,0.0
2625,46,51323.303119741744,Mortgage,1,1297.2599369494626,1,4453.113248399244,1,0,0.0,1,5.166262727090311
2626,91,120798.0614704495,Own,1,4092.1752859298895,1,80323.43423185979,1,1,4209.346096650669,1,4.6068397139581405
2627,42,37383.93233256013,Own,1,2200.1658805794027,1,2350.036926510348,0,0,0.0,1,0.0
2628,27,525.5206015037594,Rent,0,0.0,0,0.0,0,0,0.0,0,0.0
2629,49,31331.261011463102,Mortgage,1,937.8763805582448,1,1608.2312190605703,0,0,0.0,1,0.0
2630,49,21872.321380629914,Mortgage,1,685.0015462388449,1,2847.457816453914,0,0,0.0,0,0.0
2631,48,24054.28241453996,Mortgage,1,967.1273016890756,1,2626.7264163710124,0,0,0.0,1,0.0
2632,78,150978.5310378857,Own,1,24960.603840102514,1,93558.95232548387,1,1,13084.563327779353,1,10025.991999758298
2633,72,572918.5204366995,Own,1,7091.120195452984,1,96758.46639356414,1,1,13209.357215894774,1,9657.757856116687
2634,74,29665.883358246338,Mortgage,1,2326.8347222579423,1,9477.813012947881,1,0,0.0,1,0.0
2635,57,33962.8583429496,Mortgage,1,2447.8651222278686,1,2943.237237052808,1,0,0.0,1,0.0
2636,67,10710.108067859544,Rent,1,415.6102752153623,1,1745.3368334549523,0,0,0.0,0,0.0
2637,60,39571.295560252576,Own,1,2415.2654758060335,1,9719.742154075995,1,0,0.0,1,0.0
2638,29,4417.254193522271,Rent,0,0.0,0,0.0,0,0,0.0,0,0.0
2639,31,14650.505030104596,Rent,1,627.4185666120436,1,1232.4695715699418,0,0,0.0,0,0.0
2640,58,49610.10271331403,Mortgage,1,2322.4025427052698,1,9313.40968481785,1,0,0.0,1,2535.782450420403
2641,27,1867.0436717762805,Rent,1,306.23466713238406,1,2542.7076478715703,0,0,0.0,0,0.0
2642,72,102920.85465504392,Own,1,3126.5957813434834,1,96758.46639356414,1,1,4446.935470321187,1,16.77833930898446
2643,26,25701.059454961243,Rent,1,1139.6596369985903,1,2762.674373116789,0,0,0.0,0,0.0
2644,43,24421.223241147985,Mortgage,1,886.4380862880661,1,2965.821102966728,0,0,0.0,1,2451.2630311337343
2645,37,9527.896557747583,Mortgage,1,1130.2725741528905,1,3242.694001666775,0,0,0.0,0,0.0
2646,40,18423.400463946746,Rent,1,758.7471886995422,1,2754.77360683129,0,0,0.0,0,0.0
2647,31,15765.3580863006,Rent,0,0.0,0,0.0,0,0,0.0,0,0.0
2648,68,17977.016322357755,Mortgage,1,973.268070851167,0,0.0,0,0,0.0,1,0.0
2649,70,35167.05016166676,Own,1,8116.119407137307,1,34981.059112542396,0,0,0.0,1,0.0
2650,66,57420.812555160024,Mortgage,1,1730.1781730226671,1,2406.3497400657216,1,0,0.0,1,13.01565373868054
2651,50,18214.375514771193,Mortgage,1,2910.8835520141665,1,5693.863079540753,0,0,0.0,1,2621.9347984422384
2652,29,8272.038808628778,Rent,1,373.3111470060033,0,0.0,0,0,0.0,0,0.0
2653,50,43283.82693221597,Mortgage,1,1671.4267461715274,1,8800.010760384415,1,0,0.0,1,2276.2227127886063
2654,75,69457.60178167775,Own,1,9468.292218616787,1,90770.8294993729,1,1,10137.209799848017,1,19.792729865839053
2655,31,16627.828771446402,Rent,1,1027.8727884118432,1,3086.3617975160505,0,0,0.0,0,0.0
2656,36,26382.20558114698,Rent,1,845.8637446590237,1,960.6729844148722,0,0,0.0,0,0.0
2657,59,41016.39460233366,Own,1,1349.0536081556636,1,3110.7267317932583,0,0,0.0,1,8.279675014088493
2658,71,55940.226137905716,Own,1,4275.543999350545,1,47806.485262573675,1,1,6728.5328631728125,1,9.987784339673494
2659,41,26324.666786871923,Own,1,2643.903326556021,1,37662.792274359956,0,0,0.0,1,0.0
2660,68,31730.363882319576,Own,1,2201.1755604252958,1,37024.999685165945,0,0,0.0,1,6302.688013291165
2661,65,53190.13662066198,Mortgage,1,2928.9038504295795,1,10439.588983280988,0,0,0.0,1,29.67234869817975
2662,28,12655.313208860545,Rent,1,1256.890811817072,1,3996.694728866006,0,0,0.0,0,0.0
2663,43,13652.416664371522,Rent,1,958.9171568415353,1,3410.610139809957,0,0,0.0,0,0.0
2664,32,24349.591396878262,Mortgage,1,1690.764169285966,1,2199.835376068718,0,0,0.0,1,0.0
2665,66,27037.56943509558,Mortgage,1,2273.084617901795,1,9049.911094338946,0,0,0.0,1,3.9662985917073788
2666,72,103016.27729953355,Own,1,7879.900275900793,1,96758.46639356414,1,1,18865.076886297862,1,0.0
2667,68,80413.92167891799,Own,1,9460.707157486037,1,96758.46639356414,1,1,19306.147688205096,1,24.65892229573256
2668,61,73349.25385022498,Mortgage,1,2376.9620291240485,1,4206.667685317478,0,0,0.0,1,4187.225942786022
2669,36,22512.43160844244,Rent,1,725.0141723876495,1,2579.4161786776785,0,0,0.0,0,0.0
2670,65,46572.58411818075,Own,1,7987.633699701966,1,95214.602719316,0,0,0.0,1,0.0
2671,45,28566.6177574316,Mortgage,1,987.8910218032723,1,3551.004605552338,0,0,0.0,0,0.0
2672,76,642890.0717406387,Own,1,5566.3870308037385,1,82563.63685404607,1,1,11033.340984626513,1,9.355033701829036
2673,85,116275.6120632746,Own,1,36701.04196236378,1,81114.48354005259,1,1,8133.8369878027825,1,0.0
2674,26,33113.52268404775,Rent,1,1683.2762768978546,1,1044.4862945479206,0,0,0.0,0,0.0
2675,36,19756.195092249858,Rent,1,209.83705827281278,1,1816.9144264967815,0,0,0.0,0,0.0
2676,41,12905.665589601502,Rent,1,225.41615398871875,1,2758.569574308339,0,0,0.0,0,0.0
2677,69,53329.42911451524,Mortgage,1,1647.9143239159446,1,3382.580339622976,0,0,0.0,1,0.0
2678,70,36464.378366999816,Own,1,2872.17437725625,1,4002.937229303035,0,0,0.0,1,3.550584146046531
2679,61,41806.26439989722,Mortgage,1,2547.471976982257,1,9971.90158444286,1,0,0.0,1,4118.818074344777
2680,59,38744.1331484324,Mortgage,1,3873.5182097826487,1,9812.97094927873,1,0,0.0,1,0.0
2681,58,33227.961727191985,Mortgage,1,1413.8235054730726,1,2835.7263644580116,0,0,0.0,1,17.7056259770103
2682,60,44513.18824819753,Mortgage,1,3922.6507157223796,1,8707.966930852705,1,0,0.0,1,13.480958148249167
2683,72,73696.8278962297,Own,1,2127.0344113048686,1,8654.59905475539,1,0,0.0,1,0.0
2684,41,36114.43364349786,Rent,1,1560.5438313150003,1,4118.540761147287,0,0,0.0,0,0.0
2685,78,75562.85382723309,Mortgage,1,1236.1709910057407,1,9447.338046142846,1,0,0.0,1,0.0
2686,70,7087.367932952038,Mortgage,1,725.1616805466887,0,0.0,0,0,0.0,0,0.0
2687,63,63950.306365266646,Own,1,8008.404801481597,1,9617.016247633743,1,1,4285.693776701966,1,0.0
2688,57,31151.964932366212,Mortgage,1,622.198798698978,0,0.0,0,0,0.0,1,0.0
2689,65,43048.77037182285,Own,1,2563.404306115285,1,36170.241902621514,0,0,0.0,1,0.0
2690,30,578.0922118097806,Rent,0,0.0,1,709.6948295115483,0,0,0.0,0,0.0
2691,60,64594.05874297305,Mortgage,1,3666.4860094366227,1,9158.551895481654,1,0,0.0,1,3911.9744897775568
2692,91,249821.1799165904,Own,1,39894.348016157644,1,96758.46639356414,1,1,13387.352265246818,1,20.155975750712887
2693,65,35013.08616320063,Own,1,1804.6175416451224,1,2608.5318088569734,0,0,0.0,1,2560.7365695642798
2694,74,127852.38097547849,Own,1,2474.338248868894,1,37099.80776819806,0,0,0.0,1,8.12109786795398
2695,34,37150.378558356606,Rent,1,575.201307336026,0,0.0,0,0,0.0,0,0.0
2696,43,18668.024874853418,Mortgage,1,1126.7601570937381,0,0.0,0,0,0.0,1,0.0
2697,76,728231.2347029572,Own,1,24030.73718667441,1,96758.46639356414,1,1,22139.885652134602,1,0.0
2698,44,52142.97476474666,Mortgage,1,2928.385373031086,1,4696.550143173844,1,0,0.0,1,3047.157564323145
2699,30,16024.277117408277,Rent,0,0.0,0,0.0,0,0,0.0,0,0.0
2700,27,7537.133919964048,Rent,0,0.0,0,0.0,0,0,0.0,0,0.0
2701,28,525.5206015037594,Rent,0,0.0,0,0.0,0,0,0.0,0,0.0
2702,35,11563.397581303234,Rent,1,792.2693745829815,1,3146.084240485523,0,0,0.0,0,0.0
2703,62,64814.79959786254,Mortgage,1,4268.170068825732,1,9193.661050483788,1,0,0.0,1,0.0
2704,32,14995.792693802632,Rent,1,602.8772541679425,1,2929.283266309244,0,0,0.0,0,0.0
2705,46,18451.22555753672,Rent,1,686.0236272142087,0,0.0,0,0,0.0,0,0.0
2706,37,14422.298841737394,Rent,1,1475.4555259144424,1,2468.2951156425906,0,0,0.0,0,0.0
2707,40,23524.737744515427,Mortgage,1,1192.8748418067667,0,0.0,0,0,0.0,1,3.7918701389663796
2708,49,23626.090899805888,Mortgage,1,599.7239809847399,1,4217.115160476664,0,0,0.0,1,0.0
2709,40,28725.11374326367,Rent,1,359.9888093935099,1,2539.0923071767943,0,0,0.0,0,0.0
2710,73,87981.95798711457,Mortgage,1,5169.326112178695,1,47754.29849782097,0,0,0.0,1,0.0
2711,34,13335.873377591988,Rent,1,733.5366657250154,1,831.7106121264897,0,0,0.0,0,0.0
2712,34,25975.64158186831,Rent,1,1094.3403224525143,0,0.0,0,0,0.0,0,0.0
2713,32,28138.82118206096,Rent,1,1589.6503629283475,1,1561.135590632223,0,0,0.0,1,0.2573919304410903
2714,29,10833.884132993498,Rent,0,0.0,1,1910.788988687103,0,0,0.0,0,0.0
2715,65,14953.050255951683,Own,1,3551.353011209754,1,47363.185711865015,0,1,0.0,1,0.0
2716,89,184960.64912478265,Own,1,4925.833618026236,1,96758.46639356414,1,1,13442.555639736474,1,8.834395150858306
2717,52,16149.297644089285,Mortgage,1,1972.84508064119,1,3281.41784544638,0,0,0.0,0,0.0
2718,76,115730.97446298166,Own,1,4406.257503560252,1,44954.41233103917,0,1,7406.52745488417,1,11.549395612254806
2719,36,12031.224080491062,Rent,1,673.7465540190838,1,0.0,0,0,0.0,0,0.0
2720,26,17848.93135874211,Rent,1,80.47877122345415,1,2125.0113271540354,0,0,0.0,0,0.0
2721,36,6085.1546881601935,Rent,0,0.0,0,0.0,0,0,0.0,0,0.0
2722,36,13341.666098137126,Rent,0,0.0,1,2119.1466706529873,0,0,0.0,0,0.0
2723,27,525.5206015037594,Rent,0,0.0,0,0.0,0,0,0.0,0,0.0
2724,54,40850.536298721425,Rent,1,1317.3275775420552,1,3886.3345480888165,0,0,0.0,0,0.0
2725,75,97586.62135200582,Own,1,6194.02143622277,1,8919.786619412444,1,1,9852.78259251676,1,22.519711297759713
2726,70,125597.60308554726,Own,1,4537.075185728972,1,45551.05392658429,0,0,0.0,1,4783.250576596346
2727,28,26717.082517624316,Rent,1,964.012475488726,1,1240.875154763738,0,0,0.0,0,0.0
2728,91,140966.1066721566,Own,1,3923.0343398079967,1,92858.59667180755,1,1,10567.044924281816,1,14.493169932344584
2729,47,18316.43127334682,Rent,1,975.7262383261298,1,1803.34982878756,0,0,0.0,0,0.0
2730,74,69467.52060566116,Own,1,7497.199667670849,1,9498.867619232644,0,0,0.0,1,16.304477206363018
2731,55,39789.71096193248,Mortgage,1,1550.8231611870542,1,3207.1320462652475,0,0,0.0,1,0.0
2732,59,50834.78307159337,Rent,1,1395.8273617295145,1,3126.9527005150658,0,0,0.0,1,0.0
2733,44,59949.41119655628,Mortgage,1,2813.0723685755693,1,4371.6476265915935,0,0,0.0,1,12.597640420520655
2734,30,525.5206015037594,Rent,0,0.0,0,0.0,0,0,0.0,0,0.0
2735,58,33638.98720601929,Mortgage,1,999.4851882228396,1,10171.52957298199,1,0,0.0,1,0.0
2736,70,189757.03255471215,Own,1,9761.62899262919,1,95410.90406671294,1,1,16989.367740426016,1,5.630785159558874
2737,45,25280.077250658196,Rent,1,1179.692461850531,1,3768.769505036663,0,0,0.0,0,0.0
2738,45,23362.337735175246,Mortgage,1,979.2746495629259,0,0.0,0,0,0.0,1,14.881328946800739
2739,63,40588.65031898586,Mortgage,1,3290.5335316139467,1,8844.275773582576,1,0,0.0,1,0.0
2740,46,14812.267982817319,Mortgage,1,679.4240888328195,0,0.0,1,0,0.0,1,0.0
2741,28,12636.87900087813,Rent,1,785.4360956859316,1,1974.16080081848,0,0,0.0,0,0.0
2742,37,31339.056439913686,Own,1,1713.5707255181483,1,1483.3931429726144,0,0,0.0,0,0.0
2743,59,36910.80269327055,Mortgage,1,1615.224915038963,1,8268.54028166331,1,0,0.0,1,3582.484222890257
2744,37,24681.217380205828,Rent,1,1084.4114556224763,1,1103.3011891021847,0,0,0.0,0,0.0
2745,29,525.5206015037594,Rent,0,0.0,0,0.0,0,0,0.0,0,0.0
2746,91,221096.44489565486,Own,1,9817.811627115752,1,94776.97277945031,1,1,11004.918731088532,1,15.043674802032106
2747,78,79294.60759220421,Own,1,3247.037632984697,1,75659.35202289779,1,1,4141.0648552738985,1,0.0
2748,74,57366.327419524205,Own,1,3735.2037986178257,1,8247.438259365837,0,1,3825.356883952219,1,0.0
2749,54,36579.660486037166,Own,1,4875.378398113207,1,8460.252641040253,0,0,0.0,1,8259.395315815831
2750,52,56859.79748286468,Mortgage,1,1433.9998082916063,1,4074.6438546134636,0,0,0.0,1,15.797200351167387
2751,28,9495.993911545309,Rent,1,0.0,1,700.5703259730333,0,0,0.0,0,0.0
2752,64,224008.8823057947,Own,1,4429.4907112874635,1,80487.51720966067,1,1,9037.927947729502,1,5637.9800795792635
2753,75,262375.26672030095,Own,1,32702.72970212765,1,96758.46639356414,1,1,25676.18464313628,1,5.877516957148695
2754,45,24703.439359592317,Rent,1,1251.262983248654,1,2948.291751985057,0,0,0.0,0,0.0
2755,36,525.5206015037594,Rent,0,0.0,0,0.0,0,0,0.0,0,0.0
2756,69,73670.48416216763,Own,1,5854.233116580446,1,35889.15953208593,0,0,0.0,1,0.0
2757,28,525.5206015037594,Rent,0,0.0,0,0.0,0,0,0.0,0,0.0
2758,26,525.5206015037594,Rent,0,0.0,0,0.0,0,0,0.0,0,0.0
2759,32,525.5206015037594,Rent,0,0.0,0,0.0,0,0,0.0,0,0.0
2760,38,32676.400157348533,Rent,1,538.0378508523247,1,3269.9153038685413,0,0,0.0,0,0.0
2761,35,36656.772766291666,Rent,1,416.697488512177,1,3073.9237489986604,0,0,0.0,0,0.0
2762,65,52800.3294996946,Own,1,2346.0651671876553,1,2402.2960759267944,0,0,0.0,1,4.6134975330706585
2763,91,110304.20496555415,Own,1,6583.40452281238,1,94375.87129051094,1,1,4732.406879911274,1,31.916546880281054
2764,68,31712.655665394374,Mortgage,1,1824.2470621750438,1,8951.290213391921,1,0,0.0,1,0.0
2765,79,193798.28887838076,Own,1,7806.51106678413,1,96758.46639356414,1,1,11956.197003131643,1,4.3835151643136445
2766,34,5174.105415813461,Rent,0,0.0,0,0.0,0,0,0.0,0,0.0
2767,54,17315.31274430299,Mortgage,1,1516.8867677232815,1,3379.7788770899742,1,0,0.0,1,0.0
2768,68,71130.10122446573,Own,1,1529.2579213339477,1,37360.95614019237,0,0,0.0,1,2366.6008034616575
2769,26,14724.287155947197,Mortgage,1,904.5824311546811,1,3258.892287770729,0,0,0.0,0,0.0
2770,35,6943.2554988185675,Rent,1,1045.1540127352496,1,1441.0077441611202,0,0,0.0,0,0.0
2771,44,48080.249503895815,Rent,1,787.1065520767735,0,0.0,0,0,0.0,0,0.0
2772,28,8532.325632514163,Rent,0,0.0,0,0.0,0,0,0.0,0,0.0
2773,43,40197.74438503146,Mortgage,1,796.864284027718,1,2065.6196493634316,0,0,0.0,1,31.18270192253996
2774,43,33030.95993166736,Mortgage,1,400.93880608236117,1,781.9283442494927,0,0,0.0,0,0.0
2775,35,14682.500299214746,Rent,0,0.0,0,0.0,0,0,0.0,0,0.0
2776,58,29495.9797600273,Mortgage,1,1471.0580100380048,1,9645.642558935153,1,0,0.0,1,0.0
2777,57,37359.69485745611,Mortgage,1,1157.1560866716673,0,0.0,1,0,0.0,1,6.76364870106124
2778,72,191880.61748358732,Own,1,21658.068361794125,1,96758.46639356414,1,1,5387.925249000287,1,15804.06684669442
2779,47,41026.97793237571,Rent,1,1212.0388614813469,0,0.0,0,0,0.0,0,0.0
2780,75,202526.44608691003,Own,1,5314.805293436597,1,96291.47212801974,1,1,6964.730286145319,1,8550.053747232072
2781,34,525.5206015037594,Rent,0,0.0,0,0.0,0,0,0.0,0,0.0
2782,42,53482.08082110597,Rent,1,2414.634774227964,1,1785.1426445360078,0,0,0.0,0,0.0
2783,35,18892.333431156698,Rent,1,1736.3568994242619,1,1162.6644018213728,0,0,0.0,0,0.0
2784,78,88850.8772722531,Own,1,4654.915824487593,1,8080.841877426513,1,1,3.870539158555536,1,3.5106960548728696
2785,73,58328.76821725937,Own,1,5988.980400588223,1,49561.878777087426,0,1,0.0,1,0.0
2786,56,33278.89675866962,Mortgage,1,1191.4436447433056,1,4993.535521385958,0,0,0.0,1,7150.054619126375
2787,45,44492.31470765402,Mortgage,1,1095.5316322113576,1,4619.530110674497,0,0,0.0,1,1.877577932683582
2788,37,22434.748668377513,Rent,1,662.0619219375194,1,2825.417440341339,0,0,0.0,0,0.0
2789,78,44697.58330091829,Own,1,5621.664579568803,1,8685.227262210843,0,0,0.0,1,5.064380422587079
2790,46,42038.74248811993,Mortgage,1,2647.990684861666,1,36554.03657725307,0,0,0.0,1,16.04939347281905
2791,42,17458.55055703297,Rent,1,1417.0182990336066,1,2314.3416622896225,0,0,0.0,0,0.0
2792,75,60265.118432866424,Own,1,3009.2047691182665,1,3033.4479909749025,0,1,22.017003617087187,1,0.0
2793,78,113446.8419531713,Own,1,4544.367365974986,1,45154.411730160115,0,0,0.0,1,8.168450035679117
2794,77,32355.277902767215,Rent,1,674.2396860735536,1,37297.62768456511,0,0,0.0,0,0.0
2795,90,110939.86464299168,Own,1,4536.492689034554,1,76714.52309760723,1,1,6292.353057736208,1,12.686756773646401
2796,38,15374.1720383633,Rent,0,0.0,0,0.0,0,0,0.0,0,0.0
2797,35,17687.944032792017,Rent,1,296.97133796631886,1,1730.3685154922523,0,0,0.0,0,0.0
2798,36,37797.85590709587,Rent,1,1163.8474584084836,1,2243.0517132599657,0,0,0.0,1,0.0
2799,59,35143.32564575877,Mortgage,1,1019.0984244865799,1,4831.901406150076,0,0,0.0,1,5306.030848612256
2800,62,44622.76025161622,Mortgage,1,2030.7108315649525,0,0.0,1,0,0.0,1,0.0
2801,46,19344.956535700534,Mortgage,1,525.4872307726669,1,2702.1094036949735,1,0,0.0,1,22.478351617798833
2802,67,39152.734847855194,Own,1,2627.712307600471,1,9332.379314191627,0,0,0.0,1,0.0
2803,91,99446.49295854698,Own,1,6870.200518092207,1,44471.118353946804,1,1,12788.245638418925,1,6798.167678971048
2804,34,525.5206015037594,Rent,0,0.0,0,0.0,0,0,0.0,0,0.0
2805,52,47057.578535975495,Mortgage,1,2222.4256183745138,1,9345.044320851128,1,0,0.0,1,2365.7006422487357
2806,31,16854.436732600454,Rent,1,0.0,1,1371.834170353111,0,0,0.0,0,0.0
2807,74,46727.11115687665,Own,1,2216.7816878986528,1,35286.915918752224,0,0,0.0,1,0.0
2808,29,11466.839462959262,Rent,1,85.49939751925308,1,877.5192747311423,0,0,0.0,0,0.0
2809,76,65358.853895169916,Own,1,4081.9315122138833,1,36046.22220096548,0,0,0.0,1,10.328731361556892
2810,38,7214.429152985627,Rent,0,0.0,0,0.0,0,0,0.0,0,0.0
2811,88,59394.023888733325,Own,1,3516.7981080389586,1,93533.59230383411,1,1,4619.171843162843,1,23.784415577582237
2812,27,525.5206015037594,Rent,0,0.0,0,0.0,0,0,0.0,0,0.0
2813,40,13951.797818793115,Rent,1,251.03780257850212,0,0.0,0,0,0.0,0,0.0
2814,60,65591.26311974006,Mortgage,1,2193.073654422613,1,4939.594331044011,1,0,0.0,1,1.0889146655855038
2815,26,525.5206015037594,Rent,0,0.0,0,0.0,0,0,0.0,0,0.0
2816,38,31071.368285427987,Rent,1,1234.9661317145087,1,1602.3565261016868,0,0,0.0,0,0.0
2817,63,46486.03788925626,Own,1,2637.7546405997864,1,9221.748652659435,0,0,0.0,1,22.687775297957103
2818,65,39261.899423277355,Mortgage,1,2463.6464258190063,1,4371.373743415622,1,0,0.0,1,0.0
2819,31,16910.733483212676,Rent,1,902.7343661782267,1,2069.450030427085,0,0,0.0,0,0.0
2820,77,141320.79870169435,Own,1,5994.210360257844,1,41080.300732017175,0,1,3569.9696111383437,1,3932.487850425244
2821,43,19981.76845284828,Mortgage,1,188.57082338542534,1,3120.2386080440615,0,0,0.0,0,0.0
2822,28,1136.7822511294871,Rent,0,0.0,0,0.0,0,0,0.0,0,0.0
2823,54,29724.365605527382,Mortgage,1,2611.892835966317,1,3921.851070888286,0,0,0.0,1,3109.146006459554
2824,28,5528.211466223922,Rent,1,334.8620955222657,1,2269.8423484226846,0,0,0.0,0,0.0
2825,44,22582.947656343178,Mortgage,1,1219.0525088303518,1,3990.589126301461,0,0,0.0,0,0.0
2826,40,14797.703137941897,Mortgage,1,886.870696112803,1,3439.0872763864363,0,0,0.0,1,10.873693305218863
2827,28,18858.12613841954,Rent,1,581.5247278201934,1,1983.8185396337865,0,0,0.0,0,0.0
2828,35,25188.078213730805,Rent,1,252.3137341170526,1,2907.94640576235,0,0,0.0,0,0.0
2829,37,20476.841935019296,Rent,1,458.65012104594075,1,4567.008735131291,0,0,0.0,0,0.0
2830,76,24730.04749673737,Own,1,2329.6832657957384,1,3358.249405948536,0,0,0.0,1,0.0
2831,31,16713.23267246449,Rent,1,7.240962872545083,1,2888.9068305388614,0,0,0.0,0,0.0
2832,45,7042.5616024878145,Rent,1,511.7003673158508,0,0.0,0,0,0.0,0,0.0
2833,34,17399.972852727624,Own,1,3967.7498041174035,1,34973.801641502876,0,0,0.0,0,0.0
2834,77,154076.67839728206,Own,1,11605.340799437852,1,80788.73486649666,1,1,4336.515792133488,1,24.84716951537053
2835,69,95479.12768544193,Own,1,4583.376796267943,1,46391.664075762106,0,1,4502.752404739028,1,0.0
2836,28,525.5206015037594,Rent,0,0.0,0,0.0,0,0,0.0,0,0.0
2837,43,68486.4122858938,Mortgage,1,2289.1472419250304,1,3850.6493544549844,0,0,0.0,1,9.92330877583402
2838,58,42195.34588924593,Mortgage,1,1944.9396601868275,1,9797.796876890545,1,0,0.0,1,3.9653356384730807
2839,47,55189.172975796864,Mortgage,1,1156.3551432588579,1,2991.951930750261,1,0,0.0,1,0.0
2840,33,13524.604568381556,Rent,1,747.2494721956444,1,1750.0638473832942,0,0,0.0,0,0.0
2841,28,31646.26102761765,Rent,1,727.4854622912314,1,1003.9099226240576,0,0,0.0,0,0.0
2842,42,55503.49619015584,Mortgage,1,1912.668352877293,1,3627.0853603901,0,0,0.0,1,6595.2262513091155
2843,28,8244.075212397198,Rent,1,36.03340890443303,0,0.0,0,0,0.0,0,0.0
2844,35,14333.612725734234,Rent,0,0.0,0,0.0,0,0,0.0,0,0.0
2845,31,15617.968482220627,Rent,1,413.6399042839918,1,1133.063314172512,0,0,0.0,0,0.0
2846,61,50007.76465882744,Mortgage,1,1677.810951102637,1,3552.5380938250564,1,0,0.0,1,3925.2011851013517
2847,29,8381.656825954165,Rent,1,684.9367094360938,0,0.0,0,0,0.0,0,0.0
2848,69,68674.70906381335,Own,1,1785.0731814501166,1,36685.438827529564,0,0,0.0,1,2801.413514000138
2849,79,141836.5367924939,Own,1,9723.984440627184,1,80837.28370238321,1,1,3959.226214119887,1,0.0
2850,29,13623.5151990993,Rent,1,57.33138250018635,1,1302.0288166668822,0,0,0.0,0,0.0
2851,53,40351.22386870701,Mortgage,1,1779.1609980303367,1,2484.4233674824404,0,0,0.0,1,4922.660248292987
2852,36,15975.340140994793,Rent,0,0.0,0,0.0,0,0,0.0,0,0.0
2853,58,35118.863330004366,Own,1,1250.8464200893202,1,3876.373404103083,0,0,0.0,1,0.0
2854,44,8494.895075848814,Rent,1,383.252100550866,1,3592.842697856039,0,0,0.0,0,0.0
2855,76,86524.00398954046,Own,1,4151.5305357530415,1,96758.46639356414,1,1,30982.48274338271,1,10165.942142304484
2856,31,16979.286708289597,Rent,1,442.6822409284883,1,529.5005766464815,0,0,0.0,0,0.0
2857,65,47950.94565901354,Mortgage,1,1931.256865366722,1,9166.692971978951,1,0,0.0,1,0.0
2858,28,18110.048908115194,Rent,1,729.7554005286581,1,217.86677105488502,0,0,0.0,0,0.0
2859,74,52115.00892466482,Own,1,4725.3067601454195,1,81428.02900968924,1,1,4847.143223938081,1,0.0
2860,64,109554.33183597031,Own,1,1449.172447587714,1,38924.76897178917,1,0,0.0,1,5705.870400478657
2861,73,745245.91135634,Own,1,30641.146140082237,1,92409.20970430835,1,1,4432.252763580001,1,28.16430035382511
2862,28,525.5206015037594,Rent,0,0.0,0,0.0,0,0,0.0,0,0.0
2863,29,884.4228887139434,Rent,1,135.68219629247312,0,0.0,0,0,0.0,0,0.0
2864,33,14762.230491784612,Rent,1,627.9825133815763,1,2519.8871001734447,0,0,0.0,0,0.0
2865,49,39386.15557259492,Mortgage,1,1081.7562348800966,1,4482.832975838906,0,0,0.0,1,12.93934238572473
2866,62,66090.09893576063,Mortgage,1,4737.029237888302,1,8571.504673613703,1,0,0.0,1,6.254763335992048
2867,37,525.5206015037594,Rent,1,192.62717216355475,0,0.0,0,0,0.0,0,0.0
2868,45,525.5206015037594,Rent,0,0.0,0,0.0,0,0,0.0,0,0.0
2869,60,48593.354282459346,Mortgage,1,2503.462956746089,1,9488.332160536076,0,0,0.0,1,0.0
2870,67,30553.360329847616,Own,1,2780.5152812105484,1,38280.61597679981,1,0,0.0,1,4059.8158521744604
2871,77,105291.38571632016,Own,1,1239.4121881723129,1,37447.447608633964,0,1,0.0,1,0.0
2872,75,200217.34662012928,Own,1,4597.034965787039,1,45305.56470140544,1,1,0.0,1,34.220309489633074
2873,56,97717.28091811005,Own,1,2915.3650038082105,1,38497.04251340924,0,0,0.0,1,5386.406643979186
2874,42,26788.821987636802,Mortgage,1,579.0554031159658,0,0.0,0,0,0.0,1,6.265216397355261
2875,30,9335.922024176602,Rent,1,604.6182139326054,1,1521.4048261165112,0,0,0.0,0,0.0
2876,27,5478.813932889536,Rent,0,0.0,0,0.0,0,0,0.0,0,0.0
2877,51,37265.86394490925,Mortgage,1,423.39376493996804,0,0.0,0,0,0.0,1,0.0
2878,36,24765.567216442607,Rent,1,402.6443331549099,1,980.8836866374631,0,0,0.0,0,0.0
2879,39,12904.976851098592,Rent,1,264.1081809474879,1,1174.9233870266016,0,0,0.0,1,12.244411051535483
2880,69,46274.14430448133,Own,1,3209.3431055110736,1,96758.46639356414,1,1,14958.080639739374,1,0.0
2881,34,22334.68355861779,Rent,1,992.4201783372882,1,3109.6791148498414,0,0,0.0,0,0.0
2882,40,25695.51549484818,Mortgage,1,621.1316215700143,1,3438.8121056468435,0,0,0.0,0,0.0
2883,58,29264.656595454064,Mortgage,1,546.9073422470756,0,0.0,0,0,0.0,1,12.233431332099755
2884,43,29109.043187205396,Mortgage,1,886.9811933251715,1,4136.322198692202,0,0,0.0,1,0.0
2885,77,110023.3038337877,Own,1,8446.402415412167,1,44596.831125762525,1,1,6281.084866040707,1,9.370942580373107
2886,50,41324.38175126595,Own,1,2214.905416146891,1,1203.2210004467693,0,0,0.0,1,2522.734066667505
2887,65,49921.29162069662,Mortgage,1,698.2887023501189,0,0.0,1,0,0.0,1,10.938495276913164
2888,60,54836.00487867495,Mortgage,1,912.9084895182609,1,3331.686904340979,0,0,0.0,1,19.664966221950987
2889,91,223217.04849322292,Own,1,6664.9303514563,1,93366.33347537548,1,1,9260.869057371785,1,8.983762789481437
2890,57,26047.000933038413,Mortgage,1,1617.3522556710295,1,3206.8119027677467,0,0,0.0,0,0.0
2891,49,31277.310890337816,Mortgage,1,1249.0337379361993,1,3248.8265752251973,0,0,0.0,0,0.0
2892,68,54503.91794349919,Own,1,2815.602268063982,1,45856.340302307355,0,0,0.0,1,5590.782689294926
2893,30,18033.208687855393,Rent,1,817.5136975088058,1,2222.3276755161914,0,0,0.0,0,0.0
2894,61,39938.81246239296,Own,1,4916.782387750686,1,37766.681512316194,0,0,0.0,1,4099.025871650151
2895,52,23504.65340967296,Mortgage,1,1480.26727483295,1,3091.4840015072373,0,0,0.0,1,0.2297078619383572
2896,55,13745.492181702042,Mortgage,1,2216.632773421089,1,3605.976950417119,0,0,0.0,1,0.0
2897,30,13085.167045655817,Rent,1,464.8739812801226,1,2368.670777156839,0,0,0.0,0,0.0
2898,40,18546.866712899162,Rent,1,1063.5332958917556,1,2466.341513754077,0,0,0.0,0,0.0
2899,40,10209.711090025643,Rent,1,339.8005085157613,1,662.5373520449737,0,0,0.0,0,0.0
2900,54,61671.35689366824,Mortgage,1,1885.9895109341794,1,4159.673820399612,0,0,0.0,1,14.652467979262768
2901,43,14688.15190386089,Rent,0,0.0,1,1846.787259046315,0,0,0.0,0,0.0
2902,27,525.5206015037594,Rent,0,0.0,0,0.0,0,0,0.0,0,0.0
2903,41,40363.37407173182,Mortgage,1,1515.9072487405456,1,5784.8566721444695,0,0,0.0,1,7.142140135633055
2904,71,45193.20680311433,Own,1,4716.32945814909,1,36339.16907346384,0,0,0.0,1,20.767267575230104
2905,56,26495.59793646096,Mortgage,1,711.1199026593665,0,0.0,0,0,0.0,1,0.0
2906,77,132340.1509712613,Own,1,7740.890176380445,1,83689.55863730547,0,1,4157.497298638067,1,9.298514079138231
2907,47,16148.579579031233,Rent,1,1040.1081195906118,1,3387.9513192995237,0,0,0.0,0,0.0
2908,61,51745.20299101021,Mortgage,1,1236.7522762883814,1,2371.1784682543644,1,0,0.0,1,3672.1733491118275
2909,51,30069.853932225647,Mortgage,1,1273.0715245021697,1,4055.879270275017,1,0,0.0,1,26.226713290031665
2910,31,24620.765346903383,Rent,1,717.960672955458,1,1274.1533401767722,0,0,0.0,0,0.0
2911,75,31138.09135589329,Own,1,3751.8856317584027,1,45201.44244180559,0,0,0.0,1,5341.81670872202
2912,67,20256.615766180104,Rent,1,982.7543970298077,1,2214.110524959121,0,0,0.0,0,0.0
2913,44,32147.40787358023,Mortgage,1,693.189527183895,1,2472.9559120132767,0,0,0.0,1,2499.757178319868
2914,91,714062.5091927769,Own,1,32782.56324328402,1,93398.13659711982,1,1,7798.128593065767,1,0.0
2915,75,142206.60703663647,Own,1,3675.872218574735,1,94228.27947378097,1,1,10382.406326918795,1,17.791751593134904
2916,39,23663.623083147464,Rent,1,310.4701002426335,1,2141.517527056609,0,0,0.0,0,0.0
2917,57,39079.07447884782,Own,1,2508.1756967477017,1,9330.247363817383,0,0,0.0,1,27.434212090167808
2918,57,36342.89297300533,Rent,1,922.9626341131406,1,3851.7202395124114,0,0,0.0,1,0.0
2919,55,11698.626682486432,Mortgage,1,551.5187342472973,0,0.0,0,0,0.0,1,0.0
2920,72,176319.10187311913,Own,1,8892.04782210321,1,94545.03173047263,1,1,18988.498080341516,1,8.001138475674681
2921,90,1001874.6383076714,Own,1,4249.676854401788,1,39782.21094901106,1,1,4365.557435363981,1,19.00206190632736
2922,31,15275.171105084677,Rent,0,0.0,0,0.0,0,0,0.0,0,0.0
2923,31,6599.225390099942,Rent,1,0.0,0,0.0,0,0,0.0,0,0.0
2924,38,8097.192725431616,Rent,1,0.0,0,0.0,0,0,0.0,0,0.0
2925,43,57165.00862791605,Own,1,1129.1342065691285,1,2424.53526565779,0,0,0.0,1,26.42291845332048
2926,59,54810.488304740524,Mortgage,1,2237.2804180542075,1,8074.391339835784,0,0,0.0,1,0.0
2927,40,13126.896120363783,Rent,1,913.4305122196266,1,1756.569354547682,0,0,0.0,0,0.0
2928,30,8708.773932852582,Rent,1,609.8861598283239,0,0.0,0,0,0.0,0,0.0
2929,64,54932.68079683831,Mortgage,1,1397.382677228351,1,10235.324214469398,1,0,0.0,1,4.208668438930453
2930,30,14812.686103999524,Rent,1,964.8988690530452,1,2145.7033877666954,0,0,0.0,0,0.0
2931,50,27625.080197843014,Own,1,21428.500477573718,0,0.0,0,0,0.0,1,0.0
2932,64,50448.3854387472,Mortgage,1,2394.2348418828715,1,9358.10243786669,1,0,0.0,1,0.0
2933,70,46823.57649902608,Mortgage,1,2877.4769723643185,1,2824.451169828126,0,0,0.0,1,7.38489596515072
2934,47,34430.11104771763,Mortgage,1,2234.033178907782,1,4730.732566124204,0,0,0.0,1,0.0
2935,50,54377.308065087906,Mortgage,1,2210.2795253316544,1,8829.433131220583,1,0,0.0,1,0.0
2936,35,97513.44310283069,Own,1,2054.770631689653,1,2241.9822997038204,0,0,0.0,1,4722.6479643471985
2937,60,39994.44189720935,Mortgage,1,1833.9715757594784,0,0.0,1,0,0.0,1,0.0
2938,91,259720.16968680097,Own,1,10147.52957283287,1,94228.99421115793,1,1,21231.45951390763,1,3.7663630171758435
2939,28,525.5206015037594,Rent,0,0.0,0,0.0,0,0,0.0,0,0.0
2940,53,21150.478713842054,Mortgage,1,1326.9559905099372,1,4600.855839727187,1,0,0.0,1,0.0
2941,66,43693.76889828465,Mortgage,1,1505.9262906272534,1,1533.561266076203,0,0,0.0,1,0.0
2942,77,90969.81696501793,Own,1,6366.4811048532165,1,95739.52527635892,1,1,11037.36493312426,1,20.834779933620787
2943,61,34781.9287458885,Mortgage,1,2617.6280066423524,1,3091.2336623517654,0,0,0.0,1,9.60745811248213
2944,28,14390.271920628187,Rent,1,486.6610087722876,1,1575.8023657933054,0,0,0.0,0,0.0
2945,55,38604.732761680796,Mortgage,1,1914.5788785322316,1,4542.731171242657,1,0,0.0,1,0.0
2946,89,92996.03929445136,Own,1,22774.27934497229,1,96758.46639356414,1,1,10805.030538807123,1,8152.009209895828
2947,77,207680.06638080627,Own,1,29894.680808400553,1,84871.79256343302,1,1,10355.753752260385,1,17654.892648223227
2948,56,33555.997653165774,Rent,1,2745.9515005396984,1,2251.758643821616,0,0,0.0,1,18.014089409831755
2949,62,46284.163998416494,Mortgage,1,2138.097333437787,0,0.0,0,0,0.0,1,16.038891350152507
2950,46,25239.8772218846,Rent,1,1825.9385173367177,1,3893.052871126004,0,0,0.0,0,0.0
2951,38,19739.9167080311,Rent,1,513.6837410700155,1,1890.578240480097,0,0,0.0,0,0.0
2952,60,53680.020653677835,Mortgage,1,2030.8344132706031,1,3326.075610111438,1,0,0.0,1,3822.1007852384805
2953,54,15528.878182408002,Mortgage,1,1008.6856310095728,1,2498.1268381250793,1,0,0.0,1,0.4304276820294535
2954,80,97453.45692835556,Own,1,5589.880094134737,1,82768.89221271468,0,1,4745.311260704058,1,2.372158423452369
2955,28,3661.9008561522405,Rent,0,0.0,0,0.0,0,0,0.0,0,0.0
2956,64,40095.42811085353,Mortgage,1,2573.8169197974007,1,3925.7926710077627,0,1,12.61215580858046,1,6543.219029325041
2957,49,55193.59801240978,Mortgage,1,2583.3833344550376,1,5051.061104911361,1,0,0.0,1,3464.945352510452
2958,51,50553.51731788674,Mortgage,1,2243.981105110434,1,10029.245751560888,1,0,0.0,1,0.0
2959,57,64885.15286412246,Mortgage,1,3744.77944897144,1,2749.748797831156,1,0,0.0,1,6.111016720979365
2960,46,9204.379358083183,Rent,1,724.484381238461,1,1501.1941698783353,0,0,0.0,0,0.0
2961,38,19567.27708515587,Rent,1,1450.4370312081894,0,0.0,0,0,0.0,0,0.0
2962,51,53357.51840190356,Mortgage,1,2087.5248924627326,1,8979.42537382832,1,0,0.0,1,0.0
2963,34,20381.597704418014,Rent,1,843.182525659023,1,3222.488817573989,0,0,0.0,0,0.0
2964,72,36032.07787107162,Rent,1,990.841414727455,1,659.8170979889305,0,0,0.0,0,0.0
2965,37,17677.13857644181,Rent,1,632.8172584151582,1,3060.8756712313634,0,0,0.0,0,0.0
2966,87,121992.89077288102,Own,1,3669.5261149313974,1,94621.52759148672,1,1,7309.264532727383,1,18.381170086374272
2967,55,28419.554584958507,Mortgage,1,2335.1601266408306,1,38380.06642622899,0,0,0.0,1,4155.221380661068
2968,59,36320.50157946473,Mortgage,1,1255.2021893484743,1,2377.5765098408065,1,0,0.0,1,0.0
2969,59,35673.641254026814,Mortgage,1,1930.985408882688,1,4465.369934383722,0,0,0.0,1,0.0
2970,69,41390.48045524106,Own,1,1721.5724826292007,1,37281.84129775705,0,0,0.0,1,20.487007383067557
2971,30,11574.64213748524,Rent,1,776.754081354377,1,1858.4147402798142,0,0,0.0,0,0.0
2972,63,67288.07876357791,Mortgage,1,1944.7170801196037,1,8528.265806151985,0,0,0.0,1,25.666375133404667
2973,55,66105.02862896214,Mortgage,1,3008.422070384404,1,4799.496004934481,1,0,0.0,1,3713.838959316038
2974,35,27201.090947272827,Rent,1,978.7183651622943,1,1022.080112413711,0,0,0.0,0,0.0
2975,35,3125.3654322507773,Rent,0,0.0,0,0.0,0,0,0.0,0,0.0
2976,28,8813.892408145799,Rent,1,404.81940988967904,1,1796.722370954489,0,0,0.0,0,0.0
2977,49,39323.51821294048,Mortgage,1,1401.5638531053048,1,4434.5397752897,0,0,0.0,1,17.77737563000722
2978,44,43377.60640595765,Mortgage,1,1808.7923450591513,1,3394.5445647278057,0,0,0.0,1,2549.1088764359574
2979,67,70419.73598854183,Own,1,2814.2929859689275,1,38014.975367194995,0,1,4869.020621899914,1,0.0
2980,26,17899.08165538543,Rent,1,843.0719240916136,1,2350.11588175097,0,0,0.0,0,0.0
2981,73,105283.51821233534,Own,1,1060.658061477324,1,49156.30585652412,0,1,21.502353348192187,1,1.5481091281215635
2982,34,18657.03365945716,Rent,1,1270.0158611455336,1,3046.530005240498,0,0,0.0,0,0.0
2983,78,147083.45541760646,Own,1,7517.039385994811,1,93861.03297503483,1,1,11195.385863325086,1,0.0
2984,70,63556.808814827324,Own,1,2086.2493873968956,1,3968.9164593004134,0,0,0.0,1,6.509115655615913
2985,29,525.5206015037594,Rent,0,0.0,0,0.0,0,0,0.0,0,0.0
2986,49,28180.695390599176,Mortgage,1,706.5872663926597,1,3594.1254790979656,0,0,0.0,1,0.0
2987,71,752627.7686238558,Own,1,23646.982412303598,1,79076.42211280725,0,1,20417.549431483323,1,3711.442620397628
2988,72,50916.27243164139,Own,1,2421.145634379986,1,43326.20215148744,0,0,0.0,1,2.0820885989073137
2989,41,13933.351996333417,Rent,1,1030.8110865168267,1,2483.641701403401,0,0,0.0,0,0.0
2990,90,108707.97005333952,Own,1,29237.03275568431,1,94978.92821542601,1,1,19062.558116001233,1,3.2565244610704664
2991,40,31328.88523267975,Mortgage,1,2661.588725726739,1,2792.53518074179,0,0,0.0,1,0.06695001143978788
2992,29,9652.130814010372,Rent,0,0.0,0,0.0,0,0,0.0,0,0.0
2993,53,45002.33846470248,Mortgage,1,2016.9608257343646,1,9462.415200201047,1,0,0.0,1,12.41832736434475
2994,66,38174.24058470111,Mortgage,1,1008.2754283582198,1,9053.395602281147,1,0,0.0,1,0.0
2995,34,11889.746971253215,Rent,1,971.281208577999,1,1641.1088342342005,0,0,0.0,0,0.0
2996,72,83471.52551802002,Own,1,8380.62168997126,1,95877.67432786428,1,1,7760.909232751114,1,0.0
2997,60,47107.126517616845,Mortgage,1,1311.9383803237806,1,3757.0927744946575,1,0,0.0,1,2740.7000977392127
2998,57,35041.18665174866,Mortgage,1,427.6720244673561,0,0.0,1,0,0.0,1,0.0
2999,62,35530.498898321144,Mortgage,1,1854.5702357837401,1,4295.893637007099,1,0,0.0,1,6047.870901753101
3000,71,669284.4117960633,Own,1,3874.915648079371,1,96758.46639356414,1,1,8286.51372634986,1,1.8779863179712755
3001,72,179463.55929692023,Own,1,10854.569635777172,1,96758.46639356414,1,1,39605.48818106491,1,0.0
3002,67,77375.06614575545,Own,1,2143.522288125956,1,36941.99061348209,0,0,0.0,1,14.162565834204672
3003,46,24795.930668715482,Rent,1,628.0930669271969,1,2331.22026482187,0,0,0.0,0,0.0
3004,64,49086.551179433576,Own,1,2278.6858626569815,1,4517.07199362569,0,0,0.0,1,8.792276522572394
3005,74,52382.431384204465,Own,1,2523.5654401276324,1,9262.930155134905,0,0,0.0,1,2.002136947306744
3006,46,39978.50811494036,Mortgage,1,1028.3383081730053,1,2517.333585606333,0,0,0.0,1,0.0
3007,26,28575.424511513545,Rent,0,0.0,1,538.964721074474,0,0,0.0,0,0.0
3008,75,39752.76361126146,Own,1,2925.5330472701726,1,2311.3670914262066,1,1,8283.909689542297,1,5845.765803971562
3009,66,53715.43490681586,Mortgage,1,2315.5607943307728,1,9695.290411755124,1,0,0.0,1,4.053689538894987
3010,75,735199.9494211791,Own,1,10931.393676690506,1,96758.46639356414,1,1,10383.940137335938,1,18604.16035688783
3011,79,227436.92839361704,Own,1,6225.229351126887,1,80128.82424900442,1,1,4191.453010215353,1,0.0
3012,59,32629.63173261323,Mortgage,1,2078.068865358708,1,7972.3956399893,1,0,0.0,1,0.0
3013,27,23793.641929821293,Mortgage,1,1150.5437089222119,1,2943.5746706903637,0,0,0.0,0,0.0
3014,71,53215.7429490114,Mortgage,1,3635.1359888881634,1,7822.85495587596,1,0,0.0,1,2.449228474420436
3015,68,463960.7256956381,Own,1,3933.7766102494757,1,96402.7993847581,1,1,4443.886167734589,1,18.828737332911356
3016,62,40785.046534846806,Mortgage,1,755.3933100349018,1,4262.840223414775,1,1,33.82877390482059,1,5.243203866980743
3017,36,24072.47823537613,Mortgage,1,1261.7155092148585,1,2638.8038551056675,0,0,0.0,1,19.699034791485918
3018,91,106841.69889460529,Own,1,32038.12947344692,1,93985.78381563928,1,1,17022.80644992116,1,4.472923382131667
3019,31,6355.9415802337135,Rent,1,649.8764890912236,1,2178.4542152859854,0,0,0.0,0,0.0
3020,77,47032.29432201067,Own,1,5478.826283797085,1,49744.923749371286,0,1,19329.17993711339,1,0.0
3021,30,8316.441536007402,Rent,0,0.0,0,0.0,0,0,0.0,0,0.0
3022,28,525.5206015037594,Rent,0,0.0,0,0.0,0,0,0.0,0,0.0
3023,74,79183.2565201462,Mortgage,1,1556.2905292186597,1,9568.365774835835,1,0,0.0,1,0.0
3024,29,28176.741822531876,Rent,1,0.0,1,515.1021205471513,0,0,0.0,0,0.0
3025,42,21960.94042302676,Rent,1,403.79020691364843,1,1643.2373608375224,0,0,0.0,0,0.0
3026,30,4779.097426050577,Rent,0,0.0,0,0.0,0,0,0.0,0,0.0
3027,89,110325.02471330631,Own,1,3328.0237180011864,1,9105.235528979483,1,1,8877.518056757599,1,51.224857099772585
3028,91,122892.65800885184,Own,1,4106.455557535571,1,76129.38171654551,1,1,10880.803290891115,1,0.0
3029,69,98345.5888123936,Own,1,5998.094894759508,1,80001.93973590698,1,1,21054.911822456954,1,8.279142849134992
3030,87,119910.66273442298,Own,1,12318.437371770364,1,80372.67384381009,1,1,10902.983635456427,1,7505.695330529219
3031,36,11377.217510448983,Rent,1,161.07345850383922,1,1338.3992700536242,0,0,0.0,0,0.0
3032,49,44968.246128847575,Mortgage,1,1033.490170394221,1,5729.335089426464,0,0,0.0,1,2.7481880319105065
3033,29,12341.783007850281,Rent,1,214.51766075254352,1,449.8064584437907,0,0,0.0,0,0.0
3034,73,42841.79123416434,Own,1,4522.565514949756,1,8715.098307067301,1,0,0.0,1,6.15622721262635
3035,30,10242.568446260619,Rent,1,89.6361273837465,1,1076.7363604095142,0,0,0.0,0,0.0
3036,37,13761.898792312692,Rent,1,776.0702289189798,1,443.3899771069182,0,0,0.0,0,0.0
3037,43,45863.61283337558,Mortgage,1,1939.7597905330317,1,4047.197412715667,1,0,0.0,1,15.157348840603783
3038,44,23192.29258098783,Mortgage,1,651.9066730074474,0,0.0,0,0,0.0,1,0.0
3039,48,39254.57143476266,Mortgage,1,1086.8964871456021,1,4470.298360049934,0,0,0.0,1,12.65865866435178
3040,67,238135.45674224722,Mortgage,1,12458.903775259285,1,96758.46639356414,1,1,18740.510691869993,1,0.378186624263186
3041,68,38240.07409043252,Own,1,2624.401567639116,1,37623.685032050365,0,0,0.0,1,6027.061003360706
3042,89,109136.98554212214,Own,1,27924.24317080746,1,82817.67593851354,1,1,4673.680537902627,1,16.080188952545907
3043,30,525.5206015037594,Rent,0,0.0,0,0.0,0,0,0.0,0,0.0
3044,72,228377.41868882347,Own,1,35955.47481690469,1,82857.63023500236,1,1,4284.827036238549,1,8.900160326099678
3045,56,12527.080668792918,Mortgage,1,1524.5793631956547,1,4797.143810136409,0,0,0.0,1,0.8271636636218755
3046,75,115242.0213688065,Own,1,7513.031579990176,1,44970.360339575804,0,1,10014.377533501376,1,0.0
3047,74,101081.01140632371,Own,1,1788.854651812569,1,91894.99641357362,0,1,4444.464731610883,1,0.0
3048,51,12246.501901283626,Mortgage,1,823.0797146471625,0,0.0,0,0,0.0,1,0.0
3049,71,39329.521448099724,Mortgage,1,1943.0195838502987,1,4426.373127116445,0,0,0.0,1,0.031480828521939244
3050,30,525.5206015037594,Rent,0,0.0,0,0.0,0,0,0.0,0,0.0
3051,66,34468.64881684304,Mortgage,1,1280.8719293495544,1,8255.548926393649,1,0,0.0,1,19.135580741471728
3052,80,52490.03319973615,Own,1,11584.365702229854,1,47173.6117380715,0,1,12296.113734165989,1,14.09437663007821
3053,59,40938.4999215227,Mortgage,1,3583.020480342955,1,8555.683514900034,1,0,0.0,1,6007.6122481449565
3054,58,32658.90882030625,Own,1,4450.694906167761,1,37799.116759094315,0,0,0.0,1,5.101181406342337
3055,88,110071.4982732112,Own,1,8071.61036230297,1,96756.23686645422,1,1,10794.25601338007,1,16.56868233732258
3056,57,40980.05104525669,Mortgage,1,1911.2504670779815,1,4176.708654981954,0,0,0.0,1,0.0
3057,62,32047.87337732648,Rent,1,654.5833188555675,0,0.0,0,0,0.0,0,0.0
3058,72,41743.12694074804,Own,1,3694.9125576418983,1,9364.742196958816,0,0,0.0,1,0.0
3059,76,166761.32861397497,Own,1,1138.196955729146,1,80348.81178574522,0,1,18373.406578876104,1,1.810821769177436
3060,41,23716.978830340064,Mortgage,1,1811.6743025240048,1,4212.704151448468,0,0,0.0,1,3050.3024452375394
3061,29,11195.268593669107,Rent,1,154.7991236757199,1,3905.164062421298,0,0,0.0,0,0.0
3062,42,24672.89967229926,Mortgage,1,1887.7579310483509,1,3291.1862227642696,0,0,0.0,1,0.0
3063,30,20797.875378716624,Rent,1,1446.4795214083788,1,2055.9038925864756,0,0,0.0,0,0.0
3064,28,15283.751154996884,Rent,1,261.85219119269493,0,0.0,0,0,0.0,0,0.0
3065,62,27190.603146440382,Mortgage,1,1486.2065009867474,1,8139.068993922595,1,0,0.0,1,2264.344864914087
3066,69,89135.06351331343,Own,1,2447.9686066011345,1,3820.440536776969,0,0,0.0,1,0.0
3067,54,25796.5878480788,Mortgage,1,1532.8366398008595,1,5432.321384814685,0,0,0.0,1,0.0
3068,79,121694.27534456256,Own,1,7590.982764209498,1,36417.448285229235,0,0,0.0,1,5.721455954999407
3069,80,116639.42380477244,Own,1,6755.281087109223,1,95144.64434340766,1,1,4957.768097946201,1,14.153263210342065
3070,30,525.5206015037594,Rent,0,0.0,0,0.0,0,0,0.0,0,0.0
3071,36,10729.745826050459,Rent,1,817.5159840847459,1,714.3849639390289,0,0,0.0,0,0.0
3072,71,120503.71942614004,Own,1,7625.492236219858,1,46021.658363476046,1,1,18028.83098710662,1,19.883879759925403
3073,77,202724.2855561981,Own,1,5872.570649937238,1,8967.977931348583,1,1,0.0,1,9.221666055599023
3074,67,31044.071834394137,Rent,1,1279.8098528870873,1,1416.4239700527419,0,0,0.0,0,0.0
3075,39,25268.192928053904,Rent,1,213.90073591469888,1,402.2293272055706,0,0,0.0,0,0.0
3076,71,89552.33322088812,Own,1,1877.0308004476094,1,82279.48127914905,1,0,0.0,1,0.0
3077,39,28952.239746281506,Rent,1,906.477858543765,1,2723.5215867137013,0,0,0.0,0,0.0
3078,34,12719.447190972216,Rent,1,835.5557827468111,1,2388.67487140266,0,0,0.0,0,0.0
3079,79,996157.2882748351,Own,1,3741.4621943263705,1,77586.97511136685,0,1,4659.719214560821,1,14.663879237917609
3080,58,29886.90692269495,Mortgage,1,456.65693607094045,0,0.0,1,0,0.0,1,5678.204559315463
3081,29,525.5206015037594,Rent,0,0.0,0,0.0,0,0,0.0,0,0.0
3082,74,192372.05148559823,Own,1,6673.832564847771,1,76753.67438320362,1,1,7998.045192460197,1,8204.896159826418
3083,62,46478.03466436256,Mortgage,1,1991.98468262608,1,4709.967475793903,0,0,0.0,1,0.0
3084,30,525.5206015037594,Rent,0,0.0,0,0.0,0,0,0.0,0,0.0
3085,87,211014.76776366276,Own,1,7009.23884483075,1,96758.46639356414,1,1,21965.610105351247,1,15.768502492470796
3086,32,36859.67292917332,Own,1,2045.439241823442,1,3413.789870141069,0,0,0.0,1,0.0
3087,32,15308.995076191572,Rent,0,0.0,0,0.0,0,0,0.0,0,0.0
3088,49,30964.930660921,Mortgage,1,881.246362514759,1,3726.418778474108,0,0,0.0,1,2296.130715174026
3089,29,12767.064515300975,Rent,1,202.05930161098456,1,966.534801737545,0,0,0.0,0,0.0
3090,49,22408.064987542573,Mortgage,1,1115.5691003446937,1,4062.156878678472,0,0,0.0,1,0.0
3091,61,36343.74008031274,Mortgage,1,2078.6048645911083,1,8847.482992682435,1,0,0.0,1,0.0
3092,51,34536.26425872308,Mortgage,1,1536.4294857491452,1,5465.838873123583,0,0,0.0,1,2172.5943870291035
3093,48,50964.486448045485,Rent,1,998.6043799619478,1,38093.1682493299,0,0,0.0,1,0.0
3094,48,56523.289697845605,Mortgage,1,669.9986972117466,1,2778.856196800159,0,0,0.0,1,14.756566052424697
3095,66,21803.17376698531,Mortgage,1,711.2214428846412,1,2079.451333177277,1,0,0.0,1,0.0
3096,31,7565.543512123315,Rent,1,415.465323293077,1,172.8677100614077,0,0,0.0,0,0.0
3097,58,26496.267457417176,Mortgage,1,2283.43592627588,1,4434.195260052228,0,0,0.0,1,3320.078929083866
3098,74,62244.42444696023,Own,1,3278.2746944072305,1,36221.79265771797,0,0,0.0,1,0.5157066777805961
3099,68,40030.83362713561,Rent,1,1335.4817013205811,1,2772.5516875139065,0,0,0.0,0,0.0
3100,39,27129.45220495764,Mortgage,1,1819.3611805938945,1,2704.0184466853148,0,0,0.0,1,0.0
3101,81,41935.50154018235,Mortgage,1,3727.651208084897,1,9575.721262834515,1,0,0.0,1,3589.670292670745
3102,74,105748.41872262505,Own,1,8129.065373258096,1,43314.42492887378,0,1,7192.720997781682,1,0.0
3103,77,105514.07538331805,Own,1,5197.542887168441,1,8215.426349924746,0,1,0.4751741525844672,1,6.937752748449587
3104,30,525.5206015037594,Rent,0,0.0,0,0.0,0,0,0.0,0,0.0
3105,49,45919.42965241081,Mortgage,1,2170.7867050083382,1,3183.740602054414,1,0,0.0,1,2357.1610849161107
3106,38,11279.860316067907,Rent,0,0.0,1,2466.677291952691,0,0,0.0,0,0.0
3107,58,53675.84299400478,Mortgage,1,1383.3292854561241,1,5074.475081485564,0,0,0.0,1,10.237624521267348
3108,33,928.9156282915155,Rent,0,0.0,0,0.0,0,0,0.0,0,0.0
3109,27,31648.007089282124,Rent,1,925.014966893783,1,528.2279119758641,0,0,0.0,0,0.0
3110,70,49810.019194941924,Own,1,6720.907230789713,1,75276.84487222259,1,0,0.0,1,6.91646765218619
3111,80,72570.8183927982,Own,1,6244.412241590049,1,8616.10381164811,1,1,6676.46564765248,1,46.856230390768026
3112,27,22376.564782978174,Rent,1,1666.941300491569,1,1818.1956212763887,0,0,0.0,0,0.0
3113,28,525.5206015037594,Rent,0,0.0,0,0.0,0,0,0.0,0,0.0
3114,84,102164.56096817227,Own,1,3830.826912833691,1,95242.89100493868,1,1,17265.127023494155,1,18.22125827253888
3115,70,47857.69699975998,Own,1,2868.697646930029,1,44543.388714288136,0,1,10714.252481098472,1,37.55451165914539
3116,31,5710.695810406567,Rent,0,0.0,0,0.0,0,0,0.0,0,0.0
3117,75,122191.80201823491,Own,1,4035.00034538616,1,48214.214258309505,0,0,0.0,1,4352.963177679192
3118,34,8957.016543794995,Rent,1,437.0039377661329,1,1888.4855587282977,0,0,0.0,0,0.0
3119,36,13852.905480877092,Rent,1,0.0,1,1073.2837585595612,0,0,0.0,0,0.0
3120,61,50206.387031867795,Own,1,1892.8038392219105,1,9097.71421137901,0,0,0.0,1,2796.018034076514
3121,75,53169.143002428216,Own,1,3029.465750685101,1,42463.23915467007,0,1,10516.073462989394,1,0.0
3122,33,13963.567639710265,Rent,1,802.8124474788254,1,2659.4556858217265,0,0,0.0,0,0.0
3123,29,21943.26347896323,Rent,1,268.36548244152755,1,2604.5361310654107,0,0,0.0,0,0.0
3124,31,11241.655654491615,Rent,1,624.3825341316532,1,0.0,0,0,0.0,0,0.0
3125,61,47753.025903734684,Mortgage,1,35034.63643548016,1,8753.141199931555,1,0,0.0,1,1.4614468414135613
3126,67,65903.29146009454,Rent,1,727.4329338423298,1,2402.1899438968844,0,0,0.0,1,0.0
3127,75,88484.1130021279,Own,1,3532.0411085841492,1,79692.43352611634,1,1,0.0,1,4.31524135447021
3128,53,34263.95906322864,Mortgage,1,1265.49817812504,1,4978.401866458986,0,0,0.0,1,0.0
3129,74,46620.90553748538,Own,1,2295.49424126406,1,2966.0018217178313,0,0,0.0,1,4.564408194707094
3130,30,34877.63360268492,Rent,1,508.44608584103344,1,2364.056241107682,0,0,0.0,0,0.0
3131,56,55983.31530798233,Mortgage,1,407.21665758300895,1,8555.610209744382,1,0,0.0,1,10.102361506726934
3132,48,55563.41576443726,Mortgage,1,1920.5000004249473,1,9033.562147987777,1,0,0.0,1,0.0
3133,70,46902.73385209303,Own,1,2321.447708310569,1,7803.215559517284,0,0,0.0,1,6341.253283261019
3134,46,26025.619536354938,Mortgage,1,1122.7129989471748,1,4140.0712160814965,0,0,0.0,1,0.0
3135,59,44542.211981649525,Own,1,5771.1712338146845,1,45030.23111742319,1,0,0.0,1,0.0
3136,66,19729.33587105997,Rent,1,1263.1590019000237,1,2233.0479302253875,0,0,0.0,1,0.0
3137,27,525.5206015037594,Rent,0,0.0,0,0.0,0,0,0.0,0,0.0
3138,42,15069.98553914663,Rent,0,0.0,0,0.0,0,0,0.0,0,0.0
3139,76,71241.37895518959,Own,1,1820.3139646173684,0,0.0,1,0,0.0,1,30.10036751846632
3140,59,30964.0046805536,Mortgage,1,1299.983230424357,1,4774.027260758678,0,0,0.0,1,0.6739054135818761
3141,44,15032.516654706247,Mortgage,1,1351.7921799473413,1,4199.520787532127,0,0,0.0,1,9.356162111805698
3142,28,525.5206015037594,Rent,0,0.0,0,0.0,0,0,0.0,0,0.0
3143,36,23476.264723572807,Rent,1,602.9084018389085,1,3464.7811602582697,0,0,0.0,0,0.0
3144,54,8464.551673221848,Mortgage,1,397.1712972814829,0,0.0,0,0,0.0,1,7.408981060082913
3145,29,953.3803632414474,Rent,1,552.5397513553414,1,1101.9394986040518,0,0,0.0,0,0.0
3146,47,32719.80113890743,Mortgage,1,1999.4284440533174,1,3541.0759265636225,1,0,0.0,1,3080.9270930201637
3147,73,94590.08880160224,Own,1,3192.209119262007,1,46297.88323943016,1,1,4617.2785924841,1,0.0
3148,36,15723.832700487992,Rent,1,695.5266515977368,0,0.0,0,0,0.0,0,0.0
3149,49,53762.136080371405,Rent,1,1504.9919757778025,1,3102.6474540085783,0,0,0.0,1,0.0
3150,32,30861.696163020893,Own,1,2831.3285530490084,1,1957.5283758521437,0,0,0.0,0,0.0
3151,29,30742.461624997195,Rent,1,685.0719240172184,1,1798.1691096282361,0,0,0.0,0,0.0
3152,50,67898.0349813313,Mortgage,1,2246.234412950839,1,3910.65883214313,1,0,0.0,1,3539.2980057512004
3153,74,43784.68955569449,Rent,1,990.9468835011876,1,1027.4441024591722,0,0,0.0,1,3.958843025790154
3154,29,3691.378399497722,Rent,0,0.0,0,0.0,0,0,0.0,0,0.0
3155,47,36922.88162698522,Rent,1,980.1441172937103,1,2556.2171792437825,0,0,0.0,1,20.951531818038298
3156,91,176830.23611673177,Own,1,4171.858549425555,1,74439.78796780451,1,1,17367.168290569454,1,20.462789121740606
3157,31,9057.067135458112,Rent,0,0.0,0,0.0,0,0,0.0,0,0.0
3158,28,525.5206015037594,Rent,0,0.0,0,0.0,0,0,0.0,0,0.0
3159,72,133934.9174465843,Own,1,2483.3258941308836,1,46091.922773042665,0,1,4546.38997103715,1,7.993643110026691
3160,57,51756.48794520803,Mortgage,1,7025.757848949085,1,8542.900884918332,1,0,0.0,1,0.0
3161,35,4922.075125753452,Rent,1,0.0,1,2328.9437603709525,0,0,0.0,0,0.0
3162,61,44563.738713369836,Mortgage,1,4362.2667163624155,1,8968.86228740168,1,0,0.0,1,3386.3298682722016
3163,44,31046.598663637124,Rent,1,666.5454429963081,0,0.0,0,0,0.0,1,0.0
3164,47,27989.243508505948,Mortgage,1,1260.6400871141686,1,2999.491259533554,0,0,0.0,1,0.0
3165,29,525.5206015037594,Rent,0,0.0,0,0.0,0,0,0.0,0,0.0
3166,45,42543.74336614786,Mortgage,1,2037.9569754217596,0,0.0,1,0,0.0,1,4.119000646767756
3167,57,48311.09731114192,Mortgage,1,2224.057302213452,1,5006.50551761652,0,0,0.0,1,5.940708917092802
3168,53,43566.83752285362,Mortgage,1,1983.2930652060895,1,8275.469183600957,1,0,0.0,1,22.7278613865335
3169,70,30086.20085791396,Own,1,2228.275546507317,1,39297.35898390819,0,0,0.0,1,0.0
3170,41,26205.065255268288,Rent,1,1202.801019416636,1,1914.5944979302722,0,0,0.0,0,0.0
3171,32,11365.79351059295,Rent,1,245.0906660548767,1,271.9058162320357,0,0,0.0,0,0.0
3172,38,34309.44265299974,Rent,1,993.2433530637383,1,1962.6580982951891,0,0,0.0,0,0.0
3173,54,44834.26518764096,Mortgage,1,974.2384004580211,1,7966.2002637683145,1,0,0.0,1,3.9529168709105065
3174,29,9430.088721647906,Rent,0,0.0,1,1245.2366845613506,0,0,0.0,0,0.0
3175,40,7160.309173187776,Rent,1,1020.4780978647191,0,0.0,0,0,0.0,0,0.0
3176,50,17706.307973186864,Rent,1,373.1815916079811,1,1927.6284469860484,0,0,0.0,0,0.0
3177,87,780843.2735591102,Own,1,36232.52234625473,1,94828.22247961789,1,1,19172.67456999789,1,0.0
3178,41,10401.12174072451,Rent,1,846.9053520324812,1,3477.045755562133,0,0,0.0,0,0.0
3179,58,48229.19366948337,Own,1,5101.030013519783,1,37245.669032002865,0,0,0.0,1,0.0
3180,79,194881.00304479717,Own,1,7901.788073970995,1,96575.63869297875,1,1,7742.664211963009,1,15.392359492326893
3181,60,35316.80853357062,Mortgage,1,885.1126489028161,1,8954.002251265689,1,0,0.0,1,5580.354537460384
3182,91,85929.70947010374,Own,1,2313.4743860304816,1,92489.4551694164,1,1,9224.941687708468,1,8136.044922940173
3183,88,797595.8532194498,Own,1,3178.67811561171,1,93513.9128021953,1,1,9464.122705088417,1,7265.5711848039
3184,60,32620.30134343495,Mortgage,1,1136.2836609231672,1,3876.3322020672085,1,0,0.0,1,0.0
3185,53,10091.12321189422,Mortgage,1,1298.6960100714716,1,2968.944916249153,0,0,0.0,1,9.291161892395888
3186,76,100762.37812273168,Own,1,5118.658367506037,1,42661.39405597872,0,0,0.0,1,8.02933370632488
3187,45,37774.34306595362,Rent,1,1077.4052539581985,1,2454.236875237926,0,0,0.0,0,0.0
3188,46,38219.51367340938,Mortgage,1,774.1193622218005,1,2970.9338341684165,0,0,0.0,1,15.833993324913939
3189,55,40451.29319588418,Own,1,1550.2429163370794,1,3709.679531711636,0,0,0.0,1,23.727186067869734
3190,29,3772.5473354410788,Rent,1,535.5148008484609,0,0.0,0,0,0.0,0,0.0
3191,54,39722.17262722964,Mortgage,1,2667.935936172201,1,5048.522029450572,0,0,0.0,1,2369.218114493359
3192,59,58527.28842228406,Own,1,2085.0539761115915,1,2083.5948221229305,0,0,0.0,1,10.818557411532268
3193,79,83849.53976014158,Own,1,7805.087591161508,1,34346.28946578194,0,0,0.0,1,0.0
3194,58,19037.209601192284,Rent,0,0.0,0,0.0,0,0,0.0,0,0.0
3195,86,95538.39357015191,Own,1,6487.562790006862,1,48169.36184389533,0,1,4084.5736919128776,1,30.838830246227253
3196,33,16982.133446017655,Rent,1,643.3997830574345,1,1625.3649661196612,0,0,0.0,0,0.0
3197,50,42045.200915880516,Mortgage,1,1552.8634204156688,1,1933.1709485306908,1,0,0.0,1,4493.084561009538
3198,88,103819.98648689929,Own,1,8430.84233349896,1,96758.46639356414,1,1,12038.656077756865,1,9042.17107250484
3199,88,80998.81927803413,Own,1,6471.402076493471,1,96023.62651878539,1,1,4191.577917150616,1,5173.592738464173
3200,45,16018.069948101696,Rent,1,1126.1361398070967,1,2965.6848971293825,0,0,0.0,0,0.0
3201,63,63907.797964569705,Mortgage,1,4825.7577094120525,1,9626.034457144868,1,0,0.0,1,0.0
3202,68,25623.637521264493,Mortgage,1,1799.4572111462571,1,8699.01408036377,1,0,0.0,1,4271.94549260538
3203,55,68638.35423763779,Mortgage,1,2298.0518801377175,1,4192.43734823953,1,0,0.0,1,2695.5238105005187
3204,54,44008.86015708171,Mortgage,1,1526.5501224547734,1,9026.555863117384,1,0,0.0,1,6768.679191752371
3205,91,152366.53613223805,Own,1,9706.901195917593,1,96758.46639356414,1,1,8320.92159076442,1,34.03918316773602
3206,28,32480.362007867294,Rent,1,122.40761450187847,1,1950.2434213567421,0,0,0.0,0,0.0
3207,32,54532.14522514427,Rent,1,1196.0723836912096,0,0.0,0,0,0.0,1,7.3012814867559
3208,28,38182.29933084484,Rent,1,672.1120400901133,1,2975.597205666345,0,0,0.0,0,0.0
3209,39,16876.21906772652,Rent,1,887.9761050500662,1,1247.5424351002328,0,0,0.0,0,0.0
3210,49,14223.706669372217,Mortgage,1,1149.4023861514515,1,8651.815829641206,1,0,0.0,1,0.0
3211,33,11634.250538523402,Rent,1,952.1124176629253,1,1087.947636702496,0,0,0.0,0,0.0
3212,39,20061.83169055425,Rent,0,0.0,1,103.93872735699074,0,0,0.0,0,0.0
3213,39,13872.753170744905,Rent,1,1131.1309377685272,1,1610.4295500059216,0,0,0.0,0,0.0
3214,68,17744.44791661288,Own,1,2168.517297469763,0,0.0,0,0,0.0,1,0.0
3215,70,104172.42922087686,Own,1,4629.116793234297,1,96758.46639356414,1,1,12146.586986548466,1,22.229246354503886
3216,58,41804.09662167923,Mortgage,1,1363.3646922341757,1,4552.2916990045715,1,0,0.0,1,6394.754348814795
3217,91,663044.5725878489,Own,1,43331.46242804298,1,90678.04876123664,1,1,13820.966785288545,1,8.102202758038665
3218,52,56594.987949540126,Mortgage,1,2112.8052044275746,1,4070.841127427404,0,0,0.0,1,6.457472626351307
3219,29,12356.786589605084,Rent,0,0.0,0,0.0,0,0,0.0,0,0.0
3220,31,12849.664064483726,Rent,1,0.0,0,0.0,0,0,0.0,0,0.0
3221,54,51463.789845069245,Mortgage,1,2469.8833542640723,1,3348.8390911505003,1,0,0.0,1,2468.786925229618
3222,28,15711.188454612362,Rent,1,881.9324133322344,1,2048.162960853245,0,0,0.0,0,0.0
3223,28,525.5206015037594,Rent,0,0.0,0,0.0,0,0,0.0,0,0.0
3224,77,147053.9432595169,Own,1,4123.221632919416,1,40005.8596387126,0,1,9408.179778861228,1,11427.19848763568
3225,69,98393.21436383495,Own,1,3695.9260084415187,1,45150.74047202222,0,1,10313.471049245194,1,12.517322060708949
3226,68,34689.62656568647,Rent,1,1445.077183597829,0,0.0,0,0,0.0,1,14.4357051286263
3227,89,591289.3925025754,Own,1,7357.232711351582,1,80362.7082810841,1,1,5211.04954768838,1,5495.01401062122
3228,67,45309.11476094794,Own,1,2416.3376853772656,1,9486.382540536048,0,0,0.0,1,5.039066792569382
3229,30,17685.943693146626,Rent,1,632.9023973525902,1,2404.7604565354936,0,0,0.0,0,0.0
3230,51,38902.785936875596,Mortgage,1,1504.7122320409226,1,4345.359991952779,1,0,0.0,1,2492.9782776834218
3231,28,525.5206015037594,Rent,0,0.0,0,0.0,0,0,0.0,0,0.0
3232,31,13832.042685694702,Rent,1,131.9093681549972,0,0.0,0,0,0.0,0,0.0
3233,65,36480.85613504573,Mortgage,1,1173.0491423737562,1,36987.05030389127,0,0,0.0,1,7.700767154149924
3234,57,47939.71005949616,Mortgage,1,1493.5892036965877,1,3870.127616914835,0,0,0.0,1,0.0
3235,74,126463.05149758546,Own,1,6557.978856022584,1,46582.075392794424,0,1,4496.6213840689825,1,4109.21844826627
3236,69,81665.245560756,Own,1,2584.2946387033335,1,46959.10809489523,0,0,0.0,1,3970.8919513886585
3237,28,3097.055143872285,Rent,0,0.0,0,0.0,0,0,0.0,0,0.0
3238,64,37237.36684684355,Mortgage,1,2167.124852828264,1,8940.310577293603,1,0,0.0,1,19.39579989184825
3239,57,47911.92522736398,Own,1,7643.944139721612,1,9325.61614702375,1,0,0.0,1,13.858355716006873
3240,50,17368.540762645716,Mortgage,1,491.0663060312212,0,0.0,1,0,0.0,1,0.0
3241,38,13017.696804944466,Rent,1,258.73500084274633,0,0.0,0,0,0.0,0,0.0
3242,43,21575.96463609294,Mortgage,1,1075.8985223150512,1,1566.3919771464932,0,0,0.0,0,0.0
3243,44,23195.80645626533,Rent,1,977.1923361480453,1,3464.1173292427675,0,0,0.0,0,0.0
3244,39,10502.566069661647,Rent,0,0.0,0,0.0,0,0,0.0,0,0.0
3245,33,12874.289079220169,Rent,0,0.0,0,0.0,0,0,0.0,0,0.0
3246,54,27953.700270644986,Mortgage,1,2389.372005207672,1,8956.89669854036,1,0,0.0,1,1.452210174966405
3247,73,50567.68790913998,Own,1,3120.2123720841223,1,38591.0929842207,0,0,0.0,1,0.0
3248,50,34311.30588083156,Rent,1,703.6138606661319,1,2629.7513171766886,0,0,0.0,0,0.0
3249,39,23299.836748569633,Rent,1,815.4145321400653,1,2852.6111059096665,0,0,0.0,0,0.0
3250,33,5228.322178421176,Rent,1,783.7485213744,1,2435.1277526698004,0,0,0.0,0,0.0
3251,30,3516.803514345129,Rent,0,0.0,0,0.0,0,0,0.0,0,0.0
3252,37,13062.0037128855,Rent,1,0.0,1,2542.7941905406733,0,0,0.0,0,0.0
3253,75,72023.31823570984,Own,1,5079.9819714213645,1,38578.93568427392,0,1,0.0,1,0.0
3254,29,525.5206015037594,Rent,0,0.0,0,0.0,0,0,0.0,0,0.0
3255,91,85125.46197248489,Own,1,7241.8920522466615,1,96758.46639356414,0,1,20261.80940161221,1,6120.304406766392
3256,30,18896.01270849923,Rent,1,594.8581178320619,1,1944.0942934089062,0,0,0.0,0,0.0
3257,49,22157.53569582036,Mortgage,1,1017.2879882755781,1,4011.1949266180663,0,0,0.0,1,2676.395610099397
3258,57,40126.5861464757,Mortgage,1,2279.1875782047255,1,3794.9866915516395,0,0,0.0,1,0.0
3259,70,581410.5087419242,Own,1,7320.132511479111,1,96758.46639356414,1,1,12498.575079071212,1,1.08109132762786
3260,74,703249.7556814401,Own,1,28796.543816514368,1,96758.46639356414,1,1,14324.95605546417,1,0.0
3261,90,134995.46100911996,Own,1,8245.776941352411,1,78933.17595427921,1,1,4094.414738743251,1,0.0
3262,58,57117.33910781898,Mortgage,1,1412.652955902895,1,2956.1019289729293,1,0,0.0,1,2231.505364313394
3263,28,525.5206015037594,Rent,0,0.0,0,0.0,0,0,0.0,0,0.0
3264,27,6534.6651566719665,Rent,1,678.9644981507846,1,1128.4265216664762,0,0,0.0,0,0.0
3265,35,21836.21603582261,Rent,1,1153.9055592037814,1,2380.320261932934,0,0,0.0,0,0.0
3266,28,525.5206015037594,Rent,0,0.0,0,0.0,0,0,0.0,0,0.0
3267,29,17061.047957477425,Rent,1,568.0970377911972,1,2984.8134940972773,0,0,0.0,0,0.0
3268,49,17497.925413490815,Rent,1,1088.9394965734,1,1605.1545398035605,0,0,0.0,0,0.0
3269,40,5032.159464341772,Rent,0,0.0,0,0.0,0,0,0.0,0,0.0
3270,27,525.5206015037594,Rent,0,0.0,0,0.0,0,0,0.0,0,0.0
3271,75,74137.67082664662,Own,1,3382.1477196233927,1,44383.95331149148,0,1,0.0,1,0.0
3272,65,65648.82778658619,Mortgage,1,2118.3590768992835,1,9000.832486556923,1,0,0.0,1,5157.201778213967
3273,26,31147.224601522852,Rent,1,889.2083635422557,1,2054.6856447230048,0,0,0.0,0,0.0
3274,29,7971.491560687924,Rent,1,724.6006235190541,1,1469.190166621615,0,0,0.0,0,0.0
3275,28,7207.165458892536,Rent,1,0.0,1,5511.304191627569,0,0,0.0,0,0.0
3276,46,26587.19248571626,Mortgage,1,1286.40083635598,1,4297.775319270491,0,0,0.0,1,0.0
3277,71,18831.801054570726,Mortgage,1,2293.3555219952755,1,3400.6687691226903,0,1,30.21662283105533,1,0.0
3278,50,26400.295710788367,Rent,1,956.4946644632691,1,4697.446287454122,0,0,0.0,1,0.0
3279,29,525.5206015037594,Rent,0,0.0,0,0.0,0,0,0.0,0,0.0
3280,40,21574.746567787835,Rent,1,1089.9150629054047,0,0.0,0,0,0.0,0,0.0
3281,71,70670.31138841469,Own,1,2278.1917891620983,1,35105.171086519775,0,0,0.0,1,0.0
3282,27,6003.4805224550055,Rent,1,0.0,1,524.128125468653,0,0,0.0,0,0.0
3283,56,36675.88473188026,Mortgage,1,1594.641882220221,1,3679.7269391942173,1,0,0.0,1,6.048409992296447
3284,74,129710.75421859587,Own,1,2042.6255730683133,1,37084.090179078674,0,0,0.0,1,5.723784865031096
3285,60,40323.33875977249,Mortgage,1,1361.2653864940528,1,8502.70822758264,1,0,0.0,1,0.0
3286,70,71215.68582973703,Own,1,5049.699065435134,1,35790.637025801334,0,0,0.0,1,9.89701492100075
3287,76,50694.118351670186,Mortgage,1,2564.0221724222515,1,40293.39878041005,0,0,0.0,1,4.330386278433807
3288,76,163610.26646373904,Own,1,9805.183285956067,1,96758.46639356414,1,1,23417.76265470265,1,0.0
3289,29,16233.909474051881,Rent,1,176.20655739790436,1,1802.066840615766,0,0,0.0,0,0.0
3290,46,50661.71517036724,Mortgage,1,1942.5191077374402,1,6275.976110765383,0,0,0.0,1,0.0
3291,54,35799.989043965834,Mortgage,1,1678.9063207155682,1,4727.544926473705,1,0,0.0,1,23.00666575961347
3292,36,14179.542329139837,Rent,1,626.7909819837082,0,0.0,0,0,0.0,0,0.0
3293,38,30907.558279628844,Rent,1,0.0,1,3605.4173759339305,0,0,0.0,0,0.0
3294,40,20411.862418961387,Mortgage,1,465.12141908752216,0,0.0,0,0,0.0,0,0.0
3295,75,112361.02384109236,Own,1,8845.905447390296,1,8313.50915395951,0,0,0.0,1,9.694750186124754
3296,29,27481.938250381827,Rent,1,854.4720215339856,1,1852.4951205474374,0,0,0.0,0,0.0
3297,77,102402.05507168813,Own,1,1710.9393155016144,1,37036.995418205406,0,0,0.0,1,5.292264169062743
3298,36,22496.474147993293,Rent,1,590.998082126255,1,1109.78039318117,0,0,0.0,0,0.0
3299,39,25485.363136643777,Rent,1,779.2501431129754,1,1710.6810469361817,0,0,0.0,0,0.0
3300,27,14526.018222652725,Rent,0,0.0,0,0.0,0,0,0.0,0,0.0
3301,37,9932.528105312109,Rent,0,0.0,0,0.0,0,0,0.0,0,0.0
3302,58,20810.534648897694,Mortgage,1,1279.5647500312812,1,3389.4102208510485,1,0,0.0,1,1.3988585107193927
3303,91,542092.489638192,Own,1,9424.779268791357,1,96758.46639356414,1,1,17910.809407319837,1,0.0
3304,76,101026.9405844063,Own,1,7328.377839157771,1,96758.46639356414,1,1,4992.239434213218,1,6.149260006927507
3305,41,19325.262882837695,Rent,1,0.0,1,773.8182569067367,0,0,0.0,0,0.0
3306,44,36574.281252574,Mortgage,1,1254.718069680032,1,3051.8479189020904,0,0,0.0,1,0.0
3307,46,17463.71016153281,Mortgage,1,1366.6339269552063,1,3456.375209189153,1,0,0.0,1,4305.523386887206
3308,79,121126.04552204357,Own,1,6707.144500502368,1,72341.26890009007,1,1,6882.5549656757385,1,16097.889506191455
3309,48,8315.125035007319,Rent,1,893.9377496948632,1,732.2295840702068,0,0,0.0,0,0.0
3310,64,51648.6342271238,Mortgage,1,2348.7169595302576,1,8796.309675852817,1,0,0.0,1,11.557197360735856
3311,75,6863.891452645064,Rent,1,388.62640362666707,1,1270.5494496013412,0,0,0.0,1,9.950734044397217
3312,49,41498.540321085464,Rent,1,930.2379089217305,1,481.3878189418881,0,0,0.0,0,0.0
3313,74,645811.7499366222,Own,1,1439.044943949823,1,85381.42856047399,1,1,11160.0314927045,1,5.327985804144673
3314,60,43868.68533054112,Mortgage,1,4371.890752359453,1,37828.51075352654,0,0,0.0,1,7.724528844980553
3315,47,44024.414271979185,Mortgage,1,1119.6509523866216,1,3491.249421679358,0,0,0.0,1,2623.974925582916
3316,62,31427.17764508637,Rent,1,750.9286209052622,1,914.5425228737772,0,0,0.0,0,0.0
3317,91,98192.25774738213,Own,1,31952.220787715803,1,95057.33418592077,1,1,8224.354185768772,1,16881.16452094834
3318,76,130130.42550866751,Own,1,4188.813114232918,1,42273.29517021115,0,1,4628.543603797276,1,5.314417350019808
3319,77,108637.11111670702,Own,1,6295.277918268315,1,94657.48698033206,1,1,11415.443499484818,1,10.458161087256109
3320,70,47200.52126012776,Own,1,5190.257767488421,1,36219.03211720782,0,0,0.0,1,0.0
3321,37,24137.207918720727,Rent,1,1010.4692784504316,1,2929.6625457644855,0,0,0.0,1,1.4184882886208423
3322,73,208540.00984454429,Own,1,4108.119636030379,1,93849.46485351223,1,1,10860.715636743607,1,11013.974812062614
3323,44,25969.216478238537,Mortgage,1,1112.7124836083535,1,2216.8072234985602,0,0,0.0,1,0.0
3324,40,525.5206015037594,Rent,0,0.0,0,0.0,0,0,0.0,0,0.0
3325,58,47507.16682481851,Mortgage,1,1051.3242215494704,0,0.0,1,0,0.0,1,2.0936206334746963
3326,29,22610.697546192743,Rent,1,698.234814515198,1,2768.9108714531994,0,0,0.0,0,0.0
3327,87,863222.7129271644,Own,1,30543.954993148644,1,84884.42972755073,1,1,6608.326348034968,1,4.1246276778847335
3328,91,108099.25641158591,Own,1,6492.072776582365,1,77758.97314111116,1,1,7641.842182549386,1,24.878546721979763
3329,84,26660.148224741664,Mortgage,1,3924.799995387497,1,9741.858373274708,1,1,7255.229430672714,1,5.835040381598669
3330,32,19951.65588795732,Rent,1,1453.9843128664209,1,2821.044874284117,0,0,0.0,1,0.0
3331,28,525.5206015037594,Rent,0,0.0,0,0.0,0,0,0.0,0,0.0
3332,86,93520.35305585795,Own,1,6737.756854404055,1,96758.46639356414,1,1,11906.65498072274,1,5.41272819189061
3333,48,20643.1034676943,Rent,1,782.6885401257781,1,2781.675731208271,0,0,0.0,0,0.0
3334,66,66755.70584812338,Mortgage,1,2058.324692925236,1,49001.53109130185,0,0,0.0,1,3750.251042491888
3335,35,22688.19392327286,Rent,1,294.59294436604046,0,0.0,0,0,0.0,0,0.0
3336,78,87532.31614652157,Own,1,6778.599178979466,1,96758.46639356414,1,1,10634.096523756787,1,12.519650970740637
3337,26,16042.9448192807,Rent,1,687.1750123966997,1,1618.1050386421448,0,0,0.0,0,0.0
3338,75,81339.06177162827,Own,1,5368.704191250615,1,83557.3494825036,1,1,6017.886574878169,1,0.0
3339,29,2486.4495525431303,Rent,0,0.0,0,0.0,0,0,0.0,0,0.0
3340,82,101348.38175623772,Own,1,7253.4871279616855,1,47874.231484503995,0,1,7789.070688039366,1,0.0
3341,61,75301.1790444817,Own,1,2351.625246188483,1,37056.148680679595,0,0,0.0,1,0.0
3342,52,28879.180313156787,Mortgage,1,1022.442853940792,0,0.0,0,0,0.0,1,0.0
3343,57,19523.374651386235,Mortgage,1,1441.9364949102237,1,4226.86827096876,0,0,0.0,1,0.0
3344,61,63770.99863248126,Own,1,1877.5562100535833,1,3334.8676463292213,0,0,0.0,1,4578.2049097503705
3345,38,525.5206015037594,Rent,0,0.0,0,0.0,0,0,0.0,0,0.0
3346,36,14630.144558516256,Rent,1,363.83084801049495,1,1104.2924291527638,0,0,0.0,0,0.0
3347,54,36731.417208631334,Mortgage,1,1611.4765936640913,1,9612.338626369,1,0,0.0,1,9.331923825456975
3348,37,2191.208378549236,Rent,0,0.0,1,1221.2765051053152,0,0,0.0,0,0.0
3349,28,11834.451606354274,Rent,1,976.4547288611421,1,2088.3244456668263,0,0,0.0,0,0.0
3350,57,53190.128401960756,Mortgage,1,2747.061075949503,1,3657.2940860992853,1,0,0.0,1,2283.1345249757373
3351,61,18314.306596051865,Mortgage,1,798.629609309185,0,0.0,0,0,0.0,1,14.379365731131411
3352,79,55549.27389911565,Mortgage,1,766.2780394876306,0,0.0,0,0,0.0,1,21.272903379891794
3353,42,41312.54413349258,Mortgage,1,2735.857826455972,1,4025.091968655812,0,0,0.0,1,2589.9816916754703
3354,74,244344.67186356164,Own,1,3789.177568527958,1,8961.891469708797,0,0,0.0,1,0.0
3355,34,8784.712869675186,Rent,0,0.0,0,0.0,0,0,0.0,0,0.0
3356,90,804989.6071739204,Own,1,31866.099943001263,1,96758.46639356414,1,1,3972.64211595836,1,16.37537078967933
3357,33,10144.081163239858,Rent,0,0.0,0,0.0,0,0,0.0,0,0.0
3358,34,17079.621629925343,Rent,1,811.9299714123594,1,3399.704659876984,0,0,0.0,0,0.0
3359,64,70334.38039887158,Own,1,1820.5668120693676,1,83104.5989594384,1,1,19078.54321593784,1,15.791105735792112
3360,90,101821.00338926367,Own,1,10050.099872907665,1,46974.40624208049,1,1,10660.472783753306,1,1.1725124981809787
3361,67,65015.44492719089,Mortgage,1,1578.7039666313744,1,8417.87271464882,1,0,0.0,1,5608.642120646945
3362,39,3199.10458707589,Rent,1,545.5539552572898,0,0.0,0,0,0.0,0,0.0
3363,68,96147.00567733952,Own,1,2694.444148702326,1,39891.07379189499,0,1,28.354707882315402,1,9094.201501475038
3364,70,42767.30294534038,Own,1,2446.01709651679,1,67.53351384692587,0,0,0.0,1,0.0
3365,31,19359.404314037005,Rent,1,630.8164195058313,1,1940.374280689398,0,0,0.0,0,0.0
3366,32,14956.76093626279,Rent,1,214.43816622227894,1,1878.890611631727,0,0,0.0,0,0.0
3367,45,10025.674470954058,Rent,1,368.3038781554384,0,0.0,0,0,0.0,0,0.0
3368,38,15308.21284114653,Rent,1,846.9689365747416,1,3875.960647993694,0,0,0.0,0,0.0
3369,36,17744.72093315419,Rent,1,543.987321973679,1,3167.4370116400205,0,0,0.0,0,0.0
3370,78,39559.1940802181,Own,1,2631.362591148038,1,96699.56134366881,1,1,4748.813557475015,1,0.0
3371,41,13001.147916987093,Rent,1,1116.6496053670212,1,383.3262378090269,0,0,0.0,0,0.0
3372,77,152489.76748623568,Own,1,10436.48301909148,1,96469.41820667377,1,1,18846.253903837143,1,16.790491493444737
3373,49,39399.046300469,Mortgage,1,2179.9936476325247,1,1610.6318354476778,0,0,0.0,1,2.387950656244637
3374,61,52917.902814140994,Mortgage,1,2823.995944267177,1,9154.631982100054,1,0,0.0,1,25.332079422501714
3375,60,32321.98995360307,Rent,1,2964.0763776095073,1,2591.470671189229,0,0,0.0,0,0.0
3376,29,5893.317205421159,Rent,1,30.61690575829084,0,0.0,0,0,0.0,0,0.0
3377,28,9885.36577813093,Rent,1,252.46226181560633,1,587.3671805938127,0,0,0.0,0,0.0
3378,47,31857.869861863946,Mortgage,1,2201.855914236315,1,5380.392840350161,0,0,0.0,1,0.6179543450638161
3379,56,34965.12539692208,Mortgage,1,979.134359448131,1,9200.1971897828,1,0,0.0,1,3500.336020646984
3380,44,38329.18324726011,Mortgage,1,2401.9926232897546,1,3199.0867049788662,0,0,0.0,1,3.567720558425017
3381,57,34982.93843061893,Mortgage,1,2335.2587555661466,1,9145.934115170816,1,0,0.0,1,2.3527113738745578
3382,71,23430.976801879082,Own,1,2905.6648321148714,1,42225.01038479093,0,0,0.0,1,6.24965895794323
3383,61,80247.44401057578,Own,1,1962.9515037896138,1,37113.28908862264,0,0,0.0,1,0.0
3384,77,48885.265419369825,Own,1,7551.86190519644,1,36220.24651411238,0,0,0.0,1,21.959643478926594
3385,52,30081.478285705714,Mortgage,1,2576.5515925254463,1,8399.97554065057,1,0,0.0,1,4123.603304663906
3386,86,120355.76516410912,Own,1,4431.786766505036,1,95441.77985043042,1,1,21934.512909708286,1,8915.95709144111
3387,87,221886.1474754047,Own,1,9270.30940647997,1,96758.46639356414,1,1,13087.02993456778,1,12.593990860303327
3388,52,49826.747420979686,Mortgage,1,1140.798447860402,1,5315.596385056463,0,0,0.0,1,8.332388881392175
3389,64,39099.906378453816,Mortgage,1,1534.9220758060528,0,0.0,1,0,0.0,1,5.429342952452023
3390,49,44381.24444697355,Mortgage,1,2114.7307061994215,1,2840.4967416897352,0,0,0.0,1,3962.2616906843655
3391,40,31169.299401464945,Mortgage,1,832.3502323056019,1,3135.741977667947,0,0,0.0,1,8611.578133182815
3392,49,53280.45167788822,Mortgage,1,566.4163638413074,1,3845.298975796375,0,0,0.0,1,8.444809353601137
3393,73,123307.30558043491,Own,1,8541.498077596916,1,94681.1743217618,1,1,5120.156810009066,1,0.0
3394,86,139920.31318602673,Own,1,9638.791516047935,1,94058.29530647722,1,1,6207.707117272994,1,16.169261250623762
3395,29,36289.757095506364,Rent,1,1104.8913743532548,1,602.8552833919055,0,0,0.0,0,0.0
3396,75,44782.55857408573,Own,1,5343.711139681892,1,38585.22722713145,0,0,0.0,1,5722.091868417943
3397,59,61717.56697566771,Mortgage,1,1308.3848818350493,1,4480.947246946989,0,0,0.0,1,0.0
3398,61,15691.55824583168,Mortgage,1,654.6232582078547,0,0.0,0,0,0.0,1,0.0
3399,68,69855.88662855844,Own,1,2125.0853711657855,1,36952.41656265087,0,0,0.0,1,0.0
3400,69,167599.55116342593,Own,1,5976.390917841945,1,82235.58204782983,1,1,5194.719368586373,1,1.8873218579634143
3401,70,60422.92650841883,Own,1,1933.8619662440917,1,36759.373570908385,0,0,0.0,1,6.267385607838346
3402,26,24770.392756064553,Rent,1,1276.1289609710047,1,2129.6501767441378,0,0,0.0,0,0.0
3403,74,88916.89365933905,Own,1,6083.745698181154,1,96758.46639356414,1,1,14108.484636647092,1,21.12169243801486
3404,28,3654.0006887040145,Rent,0,0.0,0,0.0,0,0,0.0,0,0.0
3405,71,38082.2128880467,Mortgage,1,2036.5933967522371,1,4859.175314522647,0,0,0.0,1,2680.1964551790425
3406,52,31628.922476074065,Rent,1,1945.8015866405358,1,2609.6043953377566,0,0,0.0,1,0.0
3407,49,48515.95276098687,Mortgage,1,1680.687825645853,1,3453.3638737859133,1,0,0.0,1,2723.48890442521
3408,59,42393.406220976176,Mortgage,1,1460.4586516056013,0,0.0,0,0,0.0,1,13.294140715165474
3409,64,40926.72696704991,Own,1,3027.0486664742757,1,38203.30068555058,0,0,0.0,1,10299.897319305212
3410,61,41802.50038574093,Mortgage,1,1135.9340636567,1,9193.555755324891,1,0,0.0,1,7.782023686231491
3411,42,9894.290923199424,Rent,1,895.4070742115829,1,2720.4959961418,0,0,0.0,0,0.0
3412,30,32736.189297288776,Rent,1,1251.3338486328826,1,1941.342712470118,1,0,0.0,0,0.0
3413,49,45103.17746321642,Mortgage,1,1391.8982638849793,1,3540.1867719144293,1,0,0.0,1,0.0
3414,62,49306.54433480079,Mortgage,1,1970.9531870134147,1,3859.0814246718433,1,0,0.0,1,14.259467915794051
3415,26,8512.427710032098,Rent,0,0.0,0,0.0,0,0,0.0,0,0.0
3416,59,47214.03660206466,Mortgage,1,5632.460953184672,1,39399.01915065161,0,0,0.0,1,5.431029559910485
3417,33,29863.726392563887,Rent,1,691.9846974445328,0,0.0,0,0,0.0,0,0.0
3418,62,53115.411496224915,Mortgage,1,2291.0189115565613,1,8971.97619178852,0,0,0.0,1,0.0
3419,37,44903.20461741803,Mortgage,1,2348.513326265361,1,3346.244098641023,0,0,0.0,1,0.0
3420,71,61277.155503005895,Own,1,2674.4880887424415,1,43891.63450536312,0,1,4515.2601880816055,1,6187.697572308975
3421,88,123556.50856258528,Own,1,5667.871883666413,1,82123.58558245061,1,1,9168.597830770384,1,6596.50619917767
3422,87,131924.33761692094,Own,1,9309.289428020287,1,45730.41338380701,0,1,3771.613818428721,1,0.0
3423,30,2047.8671457073888,Rent,0,0.0,0,0.0,0,0,0.0,0,0.0
3424,75,112141.49067831055,Own,1,7320.645035819106,1,82068.41250369512,1,1,5502.478871920894,1,14.162773093179977
3425,91,183903.42781051813,Own,1,8305.6127590252,1,94338.63351551011,1,1,5346.067498718218,1,2.2685544677025806
3426,68,46777.67694881758,Mortgage,1,2326.290152104378,1,9591.553153372395,1,0,0.0,1,11.814937413417425
3427,87,63530.532507475684,Mortgage,1,1693.8070257396594,1,2433.514228522707,0,0,0.0,1,20.55957205445046
3428,47,55016.09657607114,Mortgage,1,1464.9042673677118,1,4123.240736239587,1,0,0.0,1,0.0
3429,46,35284.59997675993,Mortgage,1,2167.947555706793,1,4835.849628025318,0,0,0.0,1,0.0
3430,29,525.5206015037594,Rent,1,0.0,0,0.0,0,0,0.0,0,0.0
3431,70,37413.80235683056,Own,1,1440.3734374028813,1,38590.515900755796,0,0,0.0,1,5.913896414195724
3432,84,774498.9028903623,Own,1,33409.76312327633,1,96758.46639356414,1,1,12597.612667496676,1,0.0
3433,64,52464.742104059624,Mortgage,1,3813.762632368496,1,9250.443843621979,1,0,0.0,1,9.77522874611061
3434,63,39561.567613656785,Mortgage,1,2089.007070726096,1,10215.750378650966,1,0,0.0,1,2749.637194264647
3435,91,109332.4375161374,Own,1,11547.52048952115,1,88645.96546682087,1,1,4768.061772487976,1,28.925671706489332
3436,60,59858.411753266606,Mortgage,1,2267.4258677543644,1,9070.26723114578,1,0,0.0,1,0.0
3437,70,50540.24120721834,Mortgage,1,802.5158353597678,1,9544.219265194131,1,0,0.0,1,3581.7446283268678
3438,35,9834.802456854148,Rent,0,0.0,1,672.0074744469212,0,0,0.0,0,0.0
3439,56,40244.832528722254,Own,1,2192.280020899854,1,2858.815001295814,0,0,0.0,1,6519.239767748751
3440,38,525.5206015037594,Rent,1,0.0,0,0.0,0,0,0.0,0,0.0
3441,60,41623.86280885452,Mortgage,1,1861.9354225578966,1,2135.578899953679,1,0,0.0,1,0.0
3442,57,70501.21584494939,Mortgage,1,2127.199454313884,1,1704.7751305594868,1,0,0.0,1,3973.373799622095
3443,68,59612.072169358915,Own,1,2023.8375227787803,1,8735.381713637636,0,0,0.0,1,0.0
3444,61,43280.62876107705,Mortgage,1,1333.4547422387363,1,2785.4041015952125,0,0,0.0,1,0.0
3445,43,8161.399878750171,Mortgage,1,1492.3636876482346,1,4059.9367511203923,0,0,0.0,0,0.0
3446,31,9808.306624974333,Rent,0,0.0,1,2448.9385509371405,0,0,0.0,0,0.0
3447,62,32541.149167547534,Mortgage,1,2568.0257636954366,1,9313.50546516353,1,0,0.0,1,14.989745415907068
3448,78,80318.6007929852,Own,1,1646.0423798460513,1,94466.84108239999,1,1,4181.699538054085,1,19252.50808048552
3449,56,114521.73884828709,Mortgage,1,3214.1433732049127,1,10162.296347658554,1,0,0.0,1,0.0
3450,43,45734.91294283337,Own,1,1915.0016120013893,0,0.0,0,0,0.0,1,0.0
3451,29,9858.588600753857,Rent,1,987.8659117810864,1,1870.7254579519617,0,0,0.0,0,0.0
3452,85,84605.35203224327,Own,1,2134.6645788732385,1,46707.77259410887,0,1,8793.029407196656,1,9101.1712208943
3453,63,62274.7549766376,Mortgage,1,1400.8557480691675,1,38617.920699888055,0,0,0.0,1,3883.437483881864
3454,91,164290.51117430974,Own,1,5599.464783766842,1,71993.18375891175,1,1,4760.259183599218,1,9.662202516993148
3455,60,29954.095800118208,Mortgage,1,2564.942174255571,1,8609.560939275292,1,0,0.0,1,0.0
3456,34,10992.406068368724,Rent,0,0.0,1,247.03854820494257,0,0,0.0,0,0.0
3457,44,40796.14425294058,Mortgage,1,784.2765985151292,1,3120.133027827132,0,0,0.0,1,2771.098470563977
3458,43,31337.963773548254,Mortgage,1,728.9261898327634,1,458.1132671140833,0,0,0.0,0,0.0
3459,34,525.5206015037594,Rent,0,0.0,0,0.0,0,0,0.0,0,0.0
3460,28,6012.520070124741,Rent,0,0.0,0,0.0,0,0,0.0,0,0.0
3461,31,15344.104479571815,Rent,1,0.0,1,834.0144313199401,0,0,0.0,0,0.0
3462,36,27675.520028759747,Rent,1,983.0409689010372,1,1344.071907492827,0,0,0.0,0,0.0
3463,26,9827.087234741728,Rent,1,656.1698700995494,0,0.0,0,0,0.0,0,0.0
3464,46,33682.05399715567,Mortgage,1,1672.2541947815375,1,4669.722835440131,0,0,0.0,1,10.779758931855591
3465,44,42769.619324551095,Mortgage,1,1255.8053204264447,1,2734.028703659192,0,0,0.0,1,2737.8554240777166
3466,52,55459.8795605207,Mortgage,1,1666.0033832419276,1,3030.295943261644,1,0,0.0,1,0.0
3467,30,525.5206015037594,Rent,1,503.99350559012095,0,0.0,0,0,0.0,0,0.0
3468,43,13266.734717218864,Rent,1,361.686682531732,1,1892.7483369946142,0,0,0.0,0,0.0
3469,70,35013.77089126393,Own,1,2215.592356478608,1,37659.09845031413,0,0,0.0,1,3.0857776085816258
3470,28,9600.21177765774,Rent,1,259.20180218105793,1,2063.956079802646,0,0,0.0,0,0.0
3471,53,41517.90232485761,Mortgage,1,2951.575245768282,1,9461.197620215946,1,0,0.0,1,6.499311404958003
3472,26,525.5206015037594,Rent,0,0.0,0,0.0,0,0,0.0,0,0.0
3473,89,100210.70381570565,Own,1,3731.718717087953,1,94535.57466082307,1,1,10717.824742571607,1,0.0
3474,45,24144.57858745654,Mortgage,0,0.0,0,0.0,0,0,0.0,0,0.0
3475,72,106882.90563918339,Own,1,4035.5333488973924,1,95344.64826872353,1,1,4616.547372141535,1,6559.5759131747
3476,74,58480.71904093893,Own,1,2577.93433965905,1,3236.4566756108943,0,1,4.773787499276361,1,14.45563302903933
3477,69,170935.2538066461,Own,1,11702.591811505023,1,94546.21364492497,1,1,22398.821040496903,1,0.0
3478,28,15063.339590064055,Rent,1,749.2774397216192,1,1959.1868612610415,0,0,0.0,0,0.0
3479,65,53734.43933216571,Mortgage,1,803.8594628444905,1,3677.4646899119625,1,0,0.0,1,0.0
3480,67,38689.580662568755,Mortgage,1,2044.2999004066394,0,0.0,1,0,0.0,1,12.311616025842017
3481,58,31336.08421593702,Mortgage,1,235.06005213647404,0,0.0,0,0,0.0,0,0.0
3482,26,19164.812073147612,Rent,1,498.90688996864145,1,679.183894226727,0,0,0.0,0,0.0
3483,47,40822.74872957152,Mortgage,1,881.4436037004981,1,3499.2525492727336,0,0,0.0,1,2269.835726807216
3484,62,49053.51503260651,Mortgage,1,951.0241922145635,1,9586.807063385297,1,0,0.0,1,2.6431580442980214
3485,37,525.5206015037594,Rent,0,0.0,0,0.0,0,0,0.0,0,0.0
3486,76,136248.65296724677,Own,1,7552.996731163739,1,80616.98724850267,1,1,4322.826761915857,1,9.048208315788257
3487,48,42140.884441902555,Mortgage,1,1445.1827087245347,1,8904.416497617032,1,0,0.0,1,2119.342596219014
3488,88,194183.18294075262,Own,1,3709.9796151124556,1,96758.46639356414,1,1,18749.599624125443,1,9.783658279024106
3489,76,20795.341422125402,Rent,1,4213.8303012067845,1,2388.632735672307,0,0,0.0,0,0.0
3490,35,29608.03633938473,Own,1,3854.7453069577773,1,9045.145089626509,0,0,0.0,0,0.0
3491,55,28173.874208090583,Mortgage,1,1931.8154204282177,1,4034.2226341059422,0,0,0.0,1,5.169320047288833
3492,55,26977.2386567842,Mortgage,1,1902.0491082189376,1,3601.530073545194,1,0,0.0,1,4335.431240547469
3493,85,206360.08044793917,Own,1,31932.993181951446,1,96758.46639356414,1,1,4524.877949465994,1,0.0
3494,65,41440.015208133445,Mortgage,1,1972.1294720559245,1,9983.056106601398,0,0,0.0,1,0.0
3495,89,116176.87761551655,Own,1,8510.307908123652,1,81784.79617698865,1,1,8279.060493850138,1,9975.104034832912
3496,46,21261.896394422518,Mortgage,1,2421.56151405223,1,2152.3097013909264,0,0,0.0,1,0.0
3497,78,93531.78123712797,Own,1,6881.626115753266,1,46303.367670309526,1,1,7681.57396363177,1,17.822185621218836
3498,58,29003.464223099363,Mortgage,1,977.2684322132615,1,8909.10402882843,1,0,0.0,1,0.0
3499,59,55470.1702427888,Mortgage,1,2148.1695640228163,1,7770.1445344055755,1,0,0.0,1,0.0
3500,28,10737.02055389697,Rent,1,415.17518303354655,1,2024.8634237702736,0,0,0.0,0,0.0
3501,59,34531.48490535609,Mortgage,1,1623.7163757417436,1,8597.740064084772,1,0,0.0,1,4079.9726308803142
3502,51,17668.89026503701,Rent,1,1901.8396536941616,1,2003.2090293414317,0,0,0.0,1,9.890631945312007
3503,91,221159.4838889554,Own,1,4638.580170220408,1,95441.90856001306,1,1,4743.142829824135,1,25.181695514023826
3504,46,32742.20773955511,Rent,1,1710.3424015080845,1,3907.1765243610616,0,0,0.0,0,0.0
3505,42,3542.542357453058,Rent,0,0.0,0,0.0,0,0,0.0,0,0.0
3506,26,525.5206015037594,Rent,0,0.0,0,0.0,0,0,0.0,0,0.0
3507,29,7026.890188289208,Rent,0,0.0,0,0.0,0,0,0.0,0,0.0
3508,73,251107.4986568104,Own,1,10459.508792564964,1,94377.66418233598,1,1,12090.781649077713,1,5.76389298113144
3509,90,131334.94516146582,Own,1,27769.753744738253,1,93277.7380970607,1,1,5059.658565344407,1,15.344949252038628
3510,32,4945.064822088381,Rent,1,819.0862965761701,1,848.0975263009332,0,0,0.0,0,0.0
3511,52,22495.095169447042,Mortgage,1,2116.795158225213,1,3355.507751019446,1,0,0.0,1,0.0
3512,78,143218.34698888208,Own,1,32974.41986820049,1,95578.93962847063,1,1,10904.13634295727,1,8.434300722802515
3513,45,20922.41422464617,Mortgage,1,1014.543565213643,1,3731.292574655254,0,0,0.0,1,0.0
3514,30,20099.055140950484,Rent,1,1250.1058797793207,1,2862.2715118210454,0,0,0.0,0,0.0
3515,42,38727.06582853155,Rent,0,0.0,0,0.0,0,0,0.0,0,0.0
3516,75,214291.07426518953,Own,1,9266.5912170298,1,96409.05728337615,1,1,11112.97246215364,1,7126.816163738093
3517,63,36760.19885310343,Mortgage,1,2781.829798745132,1,8705.539329785195,1,0,0.0,1,8.793712316633203
3518,28,906.1849348000087,Rent,1,255.3184500498313,0,0.0,0,0,0.0,0,0.0
3519,91,132640.81089546636,Own,1,8045.121298177285,1,77357.43263506932,0,1,3684.9365763288047,1,1.124545311974773
3520,43,14982.874491444078,Rent,1,934.7738516297934,0,0.0,0,0,0.0,0,0.0
3521,57,40854.27418523064,Mortgage,1,2342.3188302132503,1,2485.350321320795,1,0,0.0,1,3888.891461249306
3522,45,27225.908537790736,Mortgage,1,754.6060629943881,0,0.0,0,0,0.0,0,0.0
3523,76,104964.46307642425,Own,1,13360.1237959602,1,95755.54913552816,1,1,34476.57804945418,1,7.849095494143264
3524,47,20959.284382782593,Mortgage,1,777.5982822363227,1,3704.1720702912535,0,0,0.0,0,0.0
3525,63,40424.07227008015,Mortgage,1,2815.402308051013,1,8222.799350237454,1,0,0.0,1,34.0038069642796
3526,91,968337.6020530374,Own,1,6405.526404422446,1,94272.54367001947,1,1,4228.96151517458,1,0.0
3527,31,13419.81556034871,Rent,1,436.970041771258,1,297.40877281262715,0,0,0.0,0,0.0
3528,91,124157.04218161831,Own,1,8166.816179485557,1,96276.38262300125,1,1,20065.15627069671,1,17.241259739711534
3529,47,74149.67987865373,Mortgage,1,2617.6186335167445,1,10162.272070660045,1,0,0.0,1,4829.526503420516
3530,62,85008.14120613609,Own,1,4220.397863990025,1,8353.504023300842,1,0,0.0,1,0.0
3531,69,24042.50336297491,Mortgage,1,572.4115221536613,1,1998.8069182975473,0,0,0.0,1,6.747679246826319
3532,59,47622.67558162258,Mortgage,1,830.4844380541473,1,4550.262866613054,0,0,0.0,1,20.479057449425422
3533,62,46510.574907338,Mortgage,1,921.2444371222006,1,8856.529280375755,1,0,0.0,1,0.0
3534,69,36840.672210207034,Own,1,1830.5629180376022,1,35712.02036556397,0,0,0.0,1,0.0
3535,55,54674.94257715017,Mortgage,1,2246.7734521158686,0,0.0,1,0,0.0,1,2723.250067346444
3536,43,29349.754750211632,Rent,1,1480.5942416998082,1,3140.095782083833,0,0,0.0,0,0.0
3537,48,47412.00986637308,Mortgage,1,736.6106660169783,0,0.0,1,0,0.0,1,0.0
3538,64,43320.90696234478,Own,1,1983.1502094831415,1,8576.15929811228,0,0,0.0,1,1.211574619784878
3539,74,276484.62067582004,Own,1,6078.052578082008,1,93417.89466724919,1,1,4589.527109519815,1,0.0
3540,60,66412.33591666093,Mortgage,1,2081.9771631882127,1,9758.626761674332,1,0,0.0,1,16.033545670591376
3541,38,37430.78369444933,Own,1,1785.8865133211557,1,1811.7454103710852,0,0,0.0,1,0.0
3542,52,47684.15011048077,Rent,1,1243.0933096870608,1,2861.4801200382253,0,0,0.0,1,0.0
3543,35,10784.423220526896,Rent,0,0.0,0,0.0,0,0,0.0,0,0.0
3544,40,13684.352411834054,Rent,1,1100.0732374706054,1,1439.8020327987992,0,0,0.0,0,0.0
3545,55,29839.126601907872,Mortgage,1,859.0404321863033,0,0.0,1,0,0.0,1,0.0
3546,43,16071.737906961771,Rent,1,1834.0075694062386,1,2264.539080797282,0,0,0.0,1,0.0
3547,27,7345.527565322955,Rent,1,455.8052216260506,1,0.0,0,0,0.0,0,0.0
3548,61,23112.629385065695,Mortgage,1,1915.7684877838146,1,8758.110233836467,1,0,0.0,1,2.6981630244048045
3549,68,91993.45649585975,Own,1,4959.292602472261,1,79264.39186964228,1,1,5242.518687026136,1,9.684401254874738
3550,66,33692.213394853025,Mortgage,1,1350.8985609508102,1,4884.866255391917,0,0,0.0,1,2622.578910902937
3551,26,23299.727832769422,Rent,1,107.07982788834022,0,0.0,0,0,0.0,0,0.0
3552,79,142707.47453595372,Own,1,13891.26264948437,1,36898.68863450319,0,0,0.0,1,1.0296635047690736
3553,70,116324.6834654029,Own,1,5191.215097171584,1,47564.02921454987,0,1,4217.3035163923105,1,0.0
3554,47,49756.50650778285,Own,1,794.2539377999132,1,2278.6544568376326,0,0,0.0,1,0.0
3555,41,29977.788268834083,Mortgage,1,958.9317111375038,1,2011.097425819285,0,0,0.0,1,2365.806998926053
3556,48,69552.32802937526,Mortgage,1,2183.485664687563,1,9447.125243077793,0,0,0.0,1,0.0
3557,61,34374.393381061825,Mortgage,1,2489.8093912974555,1,8675.022806796353,1,0,0.0,1,6.852909234343719
3558,90,223041.12899297284,Own,1,11293.784084239802,1,94499.79542305475,1,1,4582.414468482875,1,5.85136978559988
3559,52,56907.61189250349,Mortgage,1,4746.699029121823,1,9584.780186895223,1,0,0.0,1,0.0
3560,45,56455.28086079719,Mortgage,1,1516.7146649323254,1,4958.250024287645,0,0,0.0,1,2610.8253491446803
3561,48,13737.285392053533,Rent,1,717.4326401425337,0,0.0,0,0,0.0,0,0.0
3562,51,36179.76909095696,Mortgage,1,1334.1078681173149,1,10657.157800160741,0,0,0.0,1,4614.614270177817
3563,44,66522.8128073327,Mortgage,1,623.6412254730341,1,3431.6198672282644,0,0,0.0,1,3893.726894244144
3564,28,4398.399251100263,Rent,0,0.0,0,0.0,0,0,0.0,0,0.0
3565,42,51151.006297408254,Mortgage,1,1765.9057256744545,1,4062.5902358057983,1,0,0.0,1,0.0
3566,61,38904.19224808791,Mortgage,1,1503.349890834531,1,4464.291691819888,0,0,0.0,1,2751.8018377944745
3567,71,59935.34954657918,Own,1,5237.407950304398,1,36945.726658740234,0,0,0.0,1,6959.934512632834
3568,29,23058.13192689009,Mortgage,1,936.0802548402839,1,2951.539631219257,0,0,0.0,1,8.598997014963972
3569,87,769967.4689519309,Own,1,12853.042711455557,1,96758.46639356414,1,1,25021.52764588066,1,11.710943470368692
3570,62,51362.42321007847,Mortgage,1,1038.236924734917,1,9188.820981959494,1,0,0.0,1,0.04374802387872796
3571,56,56701.633938426516,Mortgage,1,967.1707207740537,1,2759.009461222601,0,0,0.0,1,32.59986069809124
3572,86,171034.16605802882,Own,1,19969.64854881451,1,83296.9529571101,1,1,5767.143140244163,1,0.0
3573,88,599882.7447502126,Own,1,9365.700056491904,1,96758.46639356414,1,1,7623.6468699631905,1,14.364483134952982
3574,77,114462.2807449473,Own,1,6098.24292779622,1,93885.50458000002,1,1,4708.288801513564,1,5.180454460017723
3575,63,53244.678030113,Mortgage,1,1242.5343951700004,1,3474.0311092810107,1,0,0.0,1,2491.6059394657204
3576,38,1972.3196167692367,Rent,0,0.0,0,0.0,0,0,0.0,0,0.0
3577,29,7724.91678868342,Rent,1,256.83587946991406,0,0.0,0,0,0.0,0,0.0
3578,76,36179.97484617765,Own,1,2480.3250584126017,1,37636.378258312616,0,0,0.0,1,9.035203065400635
3579,88,72499.98816084319,Own,1,4707.926757426401,1,96758.46639356414,1,1,8193.639717230366,1,0.0
3580,91,84593.64869363196,Own,1,17063.385224899055,1,94486.19369919886,1,1,7802.9764428127655,1,16.69630480480718
3581,88,90431.98238977928,Own,1,5935.404244009079,1,95508.31133370072,1,1,7604.156544005977,1,5.570321108205197
3582,31,14484.51614473536,Rent,0,0.0,1,322.82583050592575,0,0,0.0,0,0.0
3583,46,28814.9283465622,Rent,1,1327.138502858976,1,1768.062147429532,0,0,0.0,0,0.0
3584,56,48030.280626369335,Own,1,2166.843827945172,1,39424.52517975269,0,0,0.0,1,0.0
3585,89,199039.20665377585,Own,1,19149.935328105064,1,93386.1138640368,1,1,9518.357331371382,1,10.013254164860985
3586,43,15978.178150105843,Rent,0,0.0,0,0.0,0,0,0.0,0,0.0
3587,44,25395.708909588167,Rent,1,1439.1515949195782,0,0.0,0,0,0.0,0,0.0
3588,44,20536.485841205693,Rent,1,1327.3489121732819,1,1144.1316709035527,0,0,0.0,0,0.0
3589,59,40872.68519503763,Mortgage,1,2746.205588241989,1,3372.735352269631,1,0,0.0,1,2525.651134205177
3590,41,17026.737630134285,Rent,1,1128.158935755824,1,2291.1887047512846,0,0,0.0,0,0.0
3591,52,52083.69446689316,Mortgage,1,1705.7237199775218,1,4094.0444953807287,0,0,0.0,1,2760.2890496903738
3592,73,29302.287755638295,Rent,1,501.1833887212053,1,518.5452496076066,0,0,0.0,0,0.0
3593,35,15594.707007117266,Rent,1,879.8115545821838,1,3143.3292222117107,0,0,0.0,0,0.0
3594,36,28226.581499108463,Rent,0,0.0,1,1252.508200111457,0,0,0.0,0,0.0
3595,90,244832.64036725851,Own,1,32644.352831844393,1,96758.46639356414,1,1,19214.51901698901,1,10.829949646416429
3596,47,28148.04128771666,Rent,1,563.088320899003,1,1347.9892738255785,0,0,0.0,0,0.0
3597,45,46963.30508640636,Mortgage,1,1246.8666518568207,1,3032.8358464419043,0,0,0.0,1,2534.9691118847772
3598,50,10467.931117678432,Mortgage,1,1096.2531115652155,1,4006.2497626247796,0,0,0.0,1,24.970007003903522
3599,47,20926.15495741725,Mortgage,1,1328.4382532047357,1,4212.376558475731,0,0,0.0,0,0.0
3600,41,11399.574217771962,Rent,0,0.0,0,0.0,0,0,0.0,0,0.0
3601,64,39278.036919544604,Own,1,2708.458238124789,1,2852.9251334799674,0,0,0.0,1,4051.4996736367716
3602,77,850598.2365645363,Own,1,2993.5102384557035,1,96758.46639356414,1,1,11240.81512925198,1,4.306957002964537
3603,90,965725.791697298,Own,1,5479.021582375847,1,94122.64216875023,1,1,17754.925556277944,1,13.484440499534728
3604,58,47666.787141079636,Mortgage,1,1875.8656539082504,1,9881.270870630007,1,0,0.0,1,32.61144517318438
3605,80,838234.8013555781,Own,1,6821.093968180158,1,96758.46639356414,1,1,4444.854037602855,1,31.56354779904622
3606,31,4200.1494154530155,Rent,1,109.01642103231586,1,1134.8721571224833,0,0,0.0,0,0.0
3607,72,42624.52191733812,Mortgage,1,2038.3138930673754,1,10625.306757445444,0,0,0.0,1,7487.135167320798
3608,61,104226.45257408674,Own,1,2872.907362524016,1,8764.967503761616,0,0,0.0,1,2376.9845232582975
3609,54,30344.0744067238,Mortgage,1,1619.9219702966968,1,4216.301236330474,0,0,0.0,1,6798.941897669946
3610,43,41552.47431655358,Mortgage,1,1336.195796387493,1,3118.5708452794297,1,0,0.0,1,0.0
3611,29,17962.70031749393,Rent,1,74.94453342728445,0,0.0,0,0,0.0,0,0.0
3612,28,38401.82627100962,Rent,1,2030.68822206602,1,1805.5748077014262,0,0,0.0,0,0.0
3613,55,63236.72239111269,Mortgage,1,1287.992084887379,1,9509.793596209909,1,0,0.0,1,3960.5661833260974
3614,75,1012716.7771065431,Own,1,3182.219370173968,1,46529.88862804172,1,1,4158.632119635315,1,1.6348941932442846
3615,36,9008.674017066598,Rent,0,0.0,0,0.0,0,0,0.0,0,0.0
3616,67,20213.780122148954,Mortgage,1,1068.046915530126,1,3673.416405949595,0,0,0.0,1,13.641765080557615
3617,34,11742.744855171612,Rent,1,651.4056949314959,1,1117.6429924021868,0,0,0.0,0,0.0
3618,76,18688.266709657735,Mortgage,1,1280.9234815403981,0,0.0,0,0,0.0,0,0.0
3619,78,117188.1118874983,Own,1,10207.835895954451,1,78247.17255722935,1,1,32256.207096457376,1,23.617767346423886
3620,43,18217.771660519367,Rent,1,307.71769817580207,1,1678.562600180276,0,0,0.0,0,0.0
3621,37,27103.191296817142,Rent,1,1035.7746629276162,1,2920.721795948466,0,0,0.0,0,0.0
3622,39,21708.956208227475,Rent,1,398.0857503463547,1,2441.6782325920963,0,0,0.0,0,0.0
3623,56,72866.84767598205,Mortgage,1,2308.8221925592497,1,8340.273185556309,1,0,0.0,1,0.0
3624,63,38100.42426630028,Mortgage,1,2487.3963217006335,1,2029.7849287820227,0,0,0.0,1,0.0
3625,69,59618.634681924756,Own,1,4993.0057662461,1,37881.10822527782,0,0,0.0,1,8.89694330635255
3626,75,47264.45071357881,Own,1,2210.618140049563,1,37192.38530242868,0,0,0.0,1,5584.047863421214
3627,80,90650.14261641857,Own,1,7642.241327046716,1,95967.76547120673,1,1,9008.633615925133,1,27.597406005071072
3628,76,117415.06843516011,Own,1,11425.357920273906,1,93740.33684918679,1,1,4546.46048653113,1,0.0
3629,36,3063.8702593779144,Rent,1,572.2253749246145,1,3742.2188395438247,0,0,0.0,0,0.0
3630,63,34971.04606463414,Mortgage,1,2331.996738969438,1,8860.987254864274,1,0,0.0,1,0.0
3631,70,58580.298729965456,Own,1,22782.471194141537,1,96758.46639356414,1,1,10450.264629331694,1,10.494282221522324
3632,48,30933.79009793741,Rent,1,21.829479906493248,1,2968.9120833768147,0,0,0.0,0,0.0
3633,42,97601.21551677877,Mortgage,1,1083.2659512621126,1,3555.465829561755,0,0,0.0,1,8.167607983513747
3634,59,19798.708611316237,Mortgage,1,391.80987882099606,0,0.0,0,0,0.0,1,0.0
3635,46,22463.91900879885,Rent,1,571.3581161961115,1,3097.254677719303,0,0,0.0,0,0.0
3636,50,33808.97453900959,Mortgage,1,809.9963593132687,1,3065.5708639444983,1,0,0.0,1,9.542109457693545
3637,59,47231.64908565801,Mortgage,1,2746.387224216608,1,9823.61224051567,0,0,0.0,1,0.0
3638,68,54076.23479079312,Mortgage,1,2097.815718843875,1,9219.324556425532,1,0,0.0,1,0.0
3639,27,9294.344518397185,Rent,1,903.5749174042289,1,0.0,0,0,0.0,0,0.0
3640,81,111995.5439449884,Own,1,10120.423094458078,1,81826.40425476395,1,1,11508.683008176808,1,21.369269792148863
3641,79,207754.7942282777,Own,1,43251.81906229116,1,94544.46330347181,1,1,10118.102741438124,1,0.0
3642,87,44505.49824272604,Own,1,7045.55786557591,1,94341.50692065246,1,1,9642.586535761231,1,4278.188626565239
3643,67,46810.10562780045,Mortgage,1,1385.2714934553971,1,8602.943813426567,0,0,0.0,1,4.5681969288257145
3644,34,22420.191082550395,Rent,1,509.0886025982866,1,1610.4226063592507,0,0,0.0,0,0.0
3645,71,28681.22541985021,Own,1,1983.326736682091,1,1894.0185874834422,0,0,0.0,0,0.0
3646,44,3134.16804458393,Rent,0,0.0,0,0.0,0,0,0.0,0,0.0
3647,87,116352.12312081287,Own,1,8049.501795257935,1,81561.16665261952,0,1,4399.503132960341,1,0.0
3648,91,112727.19515489772,Own,1,9319.862511613106,1,78968.59215513928,1,1,4454.876268942627,1,12.382322375204794
3649,42,8550.48000227896,Rent,0,0.0,0,0.0,0,0,0.0,0,0.0
3650,63,30476.31908413359,Own,1,957.5631877886342,1,8442.042521358102,0,0,0.0,1,20.87003798944877
3651,54,45438.979781251765,Mortgage,1,2245.1445548818406,1,4111.878355158788,0,0,0.0,1,4469.198780511418
3652,36,16287.751867842657,Rent,1,1159.3208802751242,1,2343.5040356268046,0,0,0.0,0,0.0
3653,63,52011.291709580444,Mortgage,1,2092.5515688402816,1,8781.220910798504,1,0,0.0,1,12.49324697828764
3654,55,53640.37981042738,Own,1,1829.2970842852092,1,8710.555469770028,0,0,0.0,1,0.0
3655,76,117565.26886584518,Own,1,7271.425410380276,1,48128.011411755666,1,1,3959.362941728919,1,25.36818053174616
3656,56,56708.84504766956,Mortgage,1,895.082988088397,1,9971.54906219368,1,0,0.0,1,6.480084880932419
3657,78,38811.73353629704,Own,1,3903.1858082089643,1,8834.141715141624,1,0,0.0,1,5646.610140847306
3658,63,27180.369498365893,Mortgage,1,1200.7875641637534,0,0.0,0,0,0.0,1,0.0
3659,68,22975.61110488698,Rent,1,222.25073498695167,1,1441.235817098526,0,0,0.0,0,0.0
3660,41,40015.870650253135,Mortgage,1,797.1933958157936,1,2311.4104547295883,0,0,0.0,1,0.0
3661,68,75482.40548120282,Own,1,2927.909708017127,1,38616.45092789047,0,0,0.0,1,6.949179526496299
3662,43,37455.44900977415,Mortgage,1,1596.0539387913166,1,9863.595824845976,0,0,0.0,1,7.147460783916975
3663,73,74329.53891314783,Own,1,6144.95059754051,1,48884.6527006257,0,1,22.28148820903791,1,19.52055978247103
3664,35,17830.015960773257,Rent,1,751.2101024668865,1,2145.515314383212,0,0,0.0,0,0.0
3665,27,16979.334810682853,Rent,1,379.74015632163355,1,686.8460013981739,0,0,0.0,0,0.0
3666,32,24139.434484144636,Rent,1,210.86652721567327,1,323.18506075620985,0,0,0.0,0,0.0
3667,43,42007.58445249776,Own,1,4180.390066667035,1,1654.5378928800947,0,0,0.0,1,11.43513383929422
3668,32,7427.332974621446,Rent,0,0.0,1,407.77909428778935,0,0,0.0,0,0.0
3669,28,2656.0127907479,Rent,0,0.0,0,0.0,0,0,0.0,0,0.0
3670,62,48317.10993592434,Mortgage,1,1502.0035531177582,1,9006.223339484883,1,0,0.0,1,4.262638876350116
3671,44,37501.576145946085,Mortgage,1,1873.4695088167095,1,3423.4654509094107,0,0,0.0,1,0.0
3672,27,11969.821823436467,Rent,1,693.2083960528815,1,1195.6403776587713,0,0,0.0,0,0.0
3673,45,30253.627228594993,Mortgage,1,2455.6084639547616,1,5031.450775211519,0,0,0.0,1,0.0
3674,78,84144.31514309614,Own,1,1915.9196241565817,1,37740.928379705314,0,0,0.0,1,9550.36093785892
3675,27,23194.80001861776,Rent,1,865.0219310702518,1,4302.032556414796,0,0,0.0,0,0.0
3676,29,525.5206015037594,Rent,0,0.0,0,0.0,0,0,0.0,0,0.0
3677,41,26148.931325109483,Mortgage,1,2488.907801536843,1,4970.556741315684,0,0,0.0,1,2547.566278365048
3678,32,14978.598621632162,Rent,1,550.0930338316537,1,2037.8432779098082,0,0,0.0,1,2645.5044826927046
3679,26,525.5206015037594,Rent,0,0.0,0,0.0,0,0,0.0,0,0.0
3680,29,21278.362819591177,Rent,1,462.29277319612476,0,0.0,0,0,0.0,0,0.0
3681,48,25411.76189924692,Mortgage,1,585.2918557716102,0,0.0,0,0,0.0,1,0.0
3682,34,6224.18578848214,Rent,1,461.6607769045869,1,1642.263502895828,0,0,0.0,0,0.0
3683,33,525.5206015037594,Rent,0,0.0,0,0.0,0,0,0.0,0,0.0
3684,82,78254.94745631557,Own,1,7467.669407646549,1,85218.35243980185,1,1,5503.832420777159,1,4.575521581163127
3685,56,33318.92714617985,Mortgage,1,1701.9383980421474,1,3631.4011816791635,0,0,0.0,1,0.0
3686,31,13902.79430660057,Rent,1,1061.6495521578865,0,0.0,0,0,0.0,1,16.100990945159136
3687,27,7981.377223027761,Rent,0,0.0,0,0.0,0,0,0.0,0,0.0
3688,37,1984.726201403455,Rent,0,0.0,0,0.0,0,0,0.0,0,0.0
3689,89,94745.02238029882,Own,1,6611.243960992277,1,94986.65605247788,1,1,16598.769926485256,1,5776.642577244216
3690,72,117893.12338602178,Own,1,8574.181983413457,1,77515.28712259841,1,1,4596.563379199039,1,0.0
3691,43,13263.198108886043,Mortgage,1,1022.3613942111734,0,0.0,0,0,0.0,1,0.0
3692,47,51137.84273857523,Mortgage,1,4005.7799161393978,0,0.0,1,0,0.0,1,0.0
3693,26,42795.08207079169,Rent,0,0.0,0,0.0,0,0,0.0,1,0.0
3694,26,525.5206015037594,Rent,0,0.0,1,0.0,0,0,0.0,0,0.0
3695,70,44995.967562390826,Own,1,1271.1698025647784,1,1272.3035710974161,0,0,0.0,1,0.0
3696,67,45619.98251037097,Mortgage,1,1153.6807681354485,0,0.0,1,0,0.0,1,6.637448510747755
3697,70,127941.1196326937,Own,1,1774.1975216410506,1,8735.476464660705,0,0,0.0,1,6795.451641920921
3698,89,103294.1501968104,Own,1,3947.409905580126,1,79450.42785511282,1,1,4813.660865885344,1,0.0
3699,35,36432.02858040669,Rent,1,1075.5508888924614,1,1056.5178408363668,0,0,0.0,0,0.0
3700,51,33512.9832025888,Mortgage,1,1367.5137452284537,1,4047.0555967796868,0,0,0.0,1,2679.3605939952854
3701,61,59626.2320160969,Mortgage,1,2226.7883016895707,1,2930.7377533569256,1,0,0.0,1,13.824876883363027
3702,59,32978.8081275007,Mortgage,1,1778.6063000456681,1,8934.158033537435,1,0,0.0,1,15.21807071411273
3703,62,50540.360414608105,Mortgage,1,2935.8324479904522,1,9345.08680559852,1,0,0.0,1,0.0
3704,58,56063.868047121316,Mortgage,1,2341.935038718763,1,8887.943526781944,1,0,0.0,1,0.0
3705,30,9733.28058606621,Mortgage,1,298.83895704574525,0,0.0,0,0,0.0,0,0.0
3706,49,28659.720568783734,Rent,1,1363.7465910500152,1,2113.6562252624353,0,0,0.0,0,0.0
3707,87,226867.37737508607,Own,1,6347.355787588143,1,95858.85950300813,1,1,35845.01981769409,1,0.0
3708,28,3745.7864183322035,Rent,1,0.0,0,0.0,0,0,0.0,0,0.0
3709,38,525.5206015037594,Rent,1,0.0,1,598.0780544823408,0,0,0.0,0,0.0
3710,88,223915.5031778268,Own,1,2759.861088740963,1,96758.46639356414,1,1,4479.870599042891,1,6.43717326178447
3711,39,18304.693029289785,Rent,1,1054.4005268872922,1,2993.0189531168244,0,0,0.0,0,0.0
3712,82,44315.81510328279,Own,1,1859.2474412950835,1,9734.429611731051,0,0,0.0,1,11.250766467623917
3713,29,23267.727945395578,Rent,1,1067.4299906922813,1,3333.7358779062833,0,0,0.0,0,0.0
3714,69,69392.61071328507,Own,1,1811.945169946087,1,38430.99327909349,1,1,0.0,1,0.038813365711673
3715,33,43353.4628270853,Rent,1,1531.8944506814723,1,2542.3409744369305,0,0,0.0,0,0.0
3716,49,59838.710733107786,Own,1,2120.389371904279,1,3100.8971952033667,0,0,0.0,1,0.0
3717,31,41868.03832246483,Mortgage,1,1293.6741130452633,1,2990.3474425407226,0,0,0.0,1,0.0
3718,42,17970.278968122715,Rent,1,1124.9048315922264,1,2379.578487333941,0,0,0.0,0,0.0
3719,90,136408.4562270706,Own,1,4959.662035680691,1,44397.88655489387,1,1,18411.350174948133,1,17.25345698047079
3720,65,19839.36479868514,Rent,1,2914.520662520339,1,2215.9404632594915,0,0,0.0,0,0.0
3721,55,48961.622333269086,Rent,1,1095.1001453576803,1,1624.8419853674234,0,0,0.0,1,0.0
3722,38,525.5206015037594,Rent,0,0.0,0,0.0,0,0,0.0,0,0.0
3723,58,38399.53152875663,Mortgage,1,2746.487373108239,1,9256.210958416148,0,0,0.0,1,2444.2693299884004
3724,74,125222.70858681653,Own,1,5705.030951014869,1,79106.95312043361,1,1,6854.757221477163,1,0.0
3725,90,819905.3894791182,Own,1,26719.668581687416,1,82387.67087807515,1,1,11049.391875020912,1,10505.872267148286
3726,43,57391.17154593367,Own,1,2070.2111461666263,1,36874.99064901465,0,0,0.0,1,0.0
3727,38,36080.59466633941,Mortgage,1,1805.991620220837,1,3704.6504921453184,0,0,0.0,0,0.0
3728,81,192104.74901733547,Own,1,9214.710694678959,1,94437.17400746995,1,1,4821.172786040319,1,10.980041189576495
3729,38,21143.885867042103,Rent,1,1035.0473550439629,1,1913.9094451072297,0,0,0.0,0,0.0
3730,31,13409.918623749778,Rent,0,0.0,0,0.0,0,0,0.0,0,0.0
3731,56,83445.94476408241,Own,1,2605.1329546663865,1,9029.866133018206,0,0,0.0,1,12.130152282328162
3732,77,34415.991759095006,Own,1,1598.8737296329912,1,32041.173974802707,0,0,0.0,1,0.0
3733,29,525.5206015037594,Rent,0,0.0,0,0.0,0,0,0.0,0,0.0
3734,76,42927.48583411523,Own,1,2112.238341434727,1,3546.6966016138313,0,0,0.0,1,8324.897409456016
3735,91,113152.38903445765,Own,1,5675.000963089575,1,78719.37278454342,1,1,10263.17476363468,1,0.0
3736,40,29685.935919129515,Rent,1,1220.4879022593511,1,3456.554732345465,0,0,0.0,0,0.0
3737,54,26624.590946543758,Mortgage,1,953.245517625862,0,0.0,0,0,0.0,0,0.0
3738,27,2323.015274000856,Rent,0,0.0,0,0.0,0,0,0.0,0,0.0
3739,58,40023.43378759147,Mortgage,1,1210.9211640441315,1,9549.017955344665,1,0,0.0,1,1.895247386110271
3740,44,47722.274592074245,Mortgage,1,2022.4129554608764,1,2861.381805358872,0,0,0.0,1,6.600745649599163
3741,31,8006.74324141489,Rent,0,0.0,0,0.0,0,0,0.0,0,0.0
3742,55,43705.09686626826,Mortgage,1,745.1872097245499,1,5135.214975622188,0,0,0.0,1,2.266662603770991
3743,36,6771.570295614105,Rent,1,612.5391494045198,1,588.4365021811282,0,0,0.0,0,0.0
3744,75,129066.22182687071,Own,1,9966.852971906015,1,96758.46639356414,1,1,28923.19630249573,1,19.704297367206706
3745,55,39628.225773248894,Mortgage,1,1268.8941312645743,1,5420.049432004416,0,0,0.0,1,2926.8842519831396
3746,64,36578.50821597685,Own,1,2049.938722106831,1,32864.45348456144,0,0,0.0,1,0.0
3747,75,43173.57887592929,Own,1,2161.8292057449253,1,39864.739640794185,0,0,0.0,1,4.1171603472672205
3748,65,75663.73876950877,Own,1,2190.504742465453,1,9112.461033881982,0,0,0.0,1,10.584912466293776
3749,41,35238.15121056732,Mortgage,1,1465.883025301675,1,3542.2987441283376,1,0,0.0,0,0.0
3750,27,1919.4911668453096,Rent,0,0.0,0,0.0,0,0,0.0,0,0.0
3751,67,34530.57715788729,Own,1,2733.219840474062,1,9654.493358310727,1,0,0.0,1,2.8803694459135025
3752,91,961411.2688617741,Own,1,22247.491380691565,1,96758.46639356414,1,1,8209.554906947482,1,16.114413717250635
3753,31,3622.78678100465,Rent,0,0.0,0,0.0,0,0,0.0,0,0.0
3754,42,56897.79480004811,Mortgage,1,702.9771065235261,1,3028.74415319174,0,0,0.0,1,15.827847645733153
3755,37,26421.228099229855,Rent,1,667.5573729043314,1,1773.2330949006598,0,0,0.0,1,2.3983096000055375
3756,88,83124.14889565698,Own,1,10186.529568313621,1,96758.46639356414,1,1,21714.850689778006,1,17133.868032946943
3757,67,52418.14134583995,Own,1,2985.4938851810725,1,39218.36504310889,0,0,0.0,1,0.0
3758,55,44552.36992093769,Own,1,7882.2229399281005,1,38139.93015928595,0,0,0.0,1,2273.962961656969
3759,73,60844.75006354066,Own,1,4397.753813255332,1,39229.786413070644,0,0,0.0,1,0.0
3760,83,83273.82835623223,Own,1,6566.507262495743,1,94976.27981011801,1,1,11935.088432410228,1,19.815099817656765
3761,61,59435.37420610532,Mortgage,1,2019.93041770062,1,9184.30296299354,1,0,0.0,1,5099.359920762925
3762,26,525.5206015037594,Rent,0,0.0,0,0.0,0,0,0.0,0,0.0
3763,49,21296.160844580387,Mortgage,1,1650.5180851613597,1,4318.048928172856,0,0,0.0,1,0.0
3764,91,227758.28358083265,Own,1,8185.892271235972,1,85577.74876766314,1,1,20182.61617886755,1,0.0
3765,51,18482.343863569942,Mortgage,1,1449.2152496685876,0,0.0,1,0,0.0,1,3.79915774501352
3766,91,218968.25327111542,Own,1,32244.803030524945,1,94322.61553839302,1,1,17152.794412988773,1,13.812880894072542
3767,45,20148.531106636958,Rent,1,1994.3099288302683,1,36081.10483253828,0,0,0.0,0,0.0
3768,30,2204.3211234022892,Rent,0,0.0,0,0.0,0,0,0.0,0,0.0
3769,77,69463.02667455646,Own,1,2829.8265350507527,1,36185.66824467874,0,1,11159.375097936534,1,0.0
3770,49,32530.04940823133,Mortgage,1,840.306755616948,1,4551.7972745740735,0,0,0.0,0,0.0
3771,38,34111.83836516037,Rent,1,852.3887015085337,1,4243.763769834815,0,0,0.0,0,0.0
3772,45,46634.59806072246,Mortgage,1,2045.064274577838,1,1295.8638700802728,0,0,0.0,1,0.0
3773,71,99611.30593346288,Own,1,5696.822438671497,1,81890.43042549164,1,1,4716.813195968622,1,21.650238870082017
3774,71,30813.790101503404,Mortgage,1,2343.6802133758733,1,9799.91365414072,1,0,0.0,1,11.892206963664862
3775,30,12435.108236442396,Rent,0,0.0,0,0.0,0,0,0.0,0,0.0
3776,88,185969.33975892834,Own,1,3656.3900057525134,1,96758.46639356414,1,1,4930.209077703287,1,11482.721312514928
3777,46,49130.98614221312,Mortgage,1,1925.5492915790896,1,2720.7874453643167,0,0,0.0,1,15.581258526423433
3778,48,49370.96041567855,Mortgage,1,1907.9056914820285,1,3715.201156331851,0,0,0.0,1,2498.5799645277625
3779,91,143573.24713593075,Own,1,4036.7067872769267,1,95002.08608143918,1,1,4267.494460369396,1,0.0
3780,73,38419.504890209624,Own,1,2779.236905097228,1,39027.102589957125,0,0,0.0,1,5266.314729448751
3781,30,6286.775045115108,Rent,1,289.9683722318048,1,1375.1042600597746,0,0,0.0,0,0.0
3782,40,16237.634527278628,Rent,1,202.60465181972108,1,1962.081442234497,0,0,0.0,0,0.0
3783,64,65063.97914653679,Mortgage,1,1184.1990317955967,1,8110.467465390497,1,0,0.0,1,12.48848803186433
3784,38,19053.4993584056,Rent,1,316.44460179786665,1,1660.5025313547944,0,0,0.0,0,0.0
3785,31,9969.024277280001,Rent,0,0.0,1,450.58895721959016,0,0,0.0,0,0.0
3786,28,525.5206015037594,Rent,0,0.0,0,0.0,0,0,0.0,0,0.0
3787,56,47254.035124572576,Mortgage,1,2526.8419386256182,1,4575.164714920256,1,0,0.0,1,17.707225976249614
3788,33,9333.819223064427,Rent,1,313.96319037881426,0,0.0,0,0,0.0,0,0.0
3789,28,5739.90622077453,Rent,1,532.3188547649975,1,2316.0622611471344,0,0,0.0,0,0.0
3790,48,13134.634556215837,Mortgage,1,1829.9423917372699,0,0.0,0,0,0.0,1,0.4780148621585034
3791,42,17539.912656251647,Mortgage,1,327.0712769339033,1,2423.2810407376032,0,0,0.0,1,0.0
3792,54,59292.3893605274,Mortgage,1,2124.0257646485798,1,8392.46155672673,1,0,0.0,1,0.0
3793,37,12996.578491261838,Rent,1,758.4625672517318,1,234.8184658148366,0,0,0.0,0,0.0
3794,41,33613.0158336607,Mortgage,1,811.5414271197566,1,3141.1330985182813,0,0,0.0,1,6.632228488198223
3795,39,10723.827088426795,Rent,1,855.6558084949254,1,2839.255735902799,0,0,0.0,0,0.0
3796,67,125513.5056879639,Own,1,3914.1188523747232,1,81498.91257648905,1,1,4745.703303971868,1,13.415085839141332
3797,38,525.5206015037594,Rent,0,0.0,0,0.0,0,0,0.0,0,0.0
3798,30,525.5206015037594,Rent,0,0.0,0,0.0,0,0,0.0,0,0.0
3799,46,24625.05673674927,Rent,1,1085.1207152780946,1,1543.1462115625027,0,0,0.0,0,0.0
3800,56,32925.12872349985,Mortgage,1,5005.53370228206,1,10302.393721901468,1,0,0.0,1,1.9081557654550874
3801,28,12094.061732136786,Rent,0,0.0,0,0.0,0,0,0.0,0,0.0
3802,39,525.5206015037594,Rent,0,0.0,0,0.0,0,0,0.0,0,0.0
3803,61,65722.57959563732,Mortgage,1,2581.420466844618,1,8990.22810078321,1,0,0.0,1,5335.060763263731
3804,53,41080.92499166736,Mortgage,1,1831.384217730407,1,3348.832745301225,1,0,0.0,1,2.5866086343873347
3805,81,102595.31944740996,Own,1,4728.494813354942,1,80012.15581892761,1,1,4261.842834636804,1,8.254518580491679
3806,34,29114.554079515136,Rent,0,0.0,0,0.0,0,0,0.0,0,0.0
3807,89,94356.26096232829,Own,1,1476.6821809517733,1,48921.20879051845,1,0,0.0,1,31.852635020804364
3808,59,40079.55719823531,Own,1,1131.1411454319814,1,745.2279067004313,0,0,0.0,1,2.8781236397221535
3809,66,42452.48847630449,Own,1,3589.0388168077397,1,9047.885071337101,0,0,0.0,1,21.759747704125825
3810,65,46518.86564482412,Own,1,2036.1618740933366,1,36675.058111071834,0,0,0.0,1,4550.448764072547
3811,59,29354.04254204282,Own,1,1475.0280353884048,0,0.0,0,0,0.0,1,0.0
3812,54,93698.75336073921,Mortgage,1,6568.779897794866,1,3129.982613621981,1,0,0.0,1,3050.00475628813
3813,60,35413.987453076836,Mortgage,1,4185.632398474329,1,2228.815674114553,1,0,0.0,1,0.0
3814,71,50425.7188311685,Own,1,2495.93967236455,1,37571.54101170245,0,0,0.0,1,0.0
3815,79,46149.6534145846,Own,1,2966.929438824961,1,9433.359173381763,0,0,0.0,1,0.0
3816,53,33847.12351905076,Mortgage,1,989.914866843384,0,0.0,1,0,0.0,1,4559.358301560108
3817,89,127001.0503340722,Own,1,4325.086619532531,1,84109.91302209531,1,1,6286.599692793534,1,9499.348977044096
3818,67,103863.75760345848,Own,1,26723.44818699823,1,95653.74142823207,1,1,19525.111398675326,1,13.096867216965304
3819,37,525.5206015037594,Rent,0,0.0,0,0.0,0,0,0.0,0,0.0
3820,42,31177.464291174903,Mortgage,1,1366.3801059438897,1,10149.46076979599,0,0,0.0,1,2.695889183182979
3821,41,22040.74204463192,Mortgage,1,1866.4801257973963,1,2932.5599317872584,0,0,0.0,1,6.640693064899813
3822,47,40710.55498006696,Mortgage,1,2051.138207746285,1,3351.2932395595362,1,0,0.0,1,3.5609358307370402
3823,90,233135.0667003001,Own,1,3940.2921974574983,1,95617.40867272616,1,1,5598.083755055069,1,21.138130978384712
3824,64,76530.5809022896,Mortgage,1,2195.4953196430256,1,9199.524230119712,1,0,0.0,1,2410.463280991367
3825,40,11209.882559489364,Rent,1,0.0,0,0.0,0,0,0.0,0,0.0
3826,29,525.5206015037594,Rent,0,0.0,0,0.0,0,0,0.0,0,0.0
3827,91,679475.9669194992,Own,1,16545.18481420733,1,96758.46639356414,1,1,4689.755673711612,1,27.267894271868638
3828,59,40217.96350966472,Mortgage,1,870.1354049549436,1,9413.810942210195,1,0,0.0,1,11.751117669040873
3829,38,4144.097948082921,Rent,0,0.0,1,2071.396915716977,0,0,0.0,0,0.0
3830,70,68789.53556877098,Own,1,1535.9324945244598,1,36149.468744937636,0,0,0.0,1,14.78329144647708
3831,42,30834.038415617375,Mortgage,1,998.3633401344003,1,3441.864735054788,0,0,0.0,1,6502.626423955082
3832,37,8432.586889566108,Rent,1,366.8335544161147,1,1409.8487505151552,0,0,0.0,0,0.0
3833,41,50106.06503200153,Mortgage,1,868.1584954414645,1,3593.414100197313,0,0,0.0,1,2723.812560317211
3834,36,8532.402868788098,Rent,0,0.0,0,0.0,0,0,0.0,0,0.0
3835,58,28769.01396146905,Mortgage,1,1694.7334748281435,1,4751.18551424522,1,0,0.0,1,2.3426455463697953
3836,40,19970.00298736011,Rent,1,418.69348091482607,1,3305.533636162907,0,0,0.0,0,0.0
3837,36,11627.500785050104,Rent,1,330.14833584440976,1,2862.6481241802144,0,0,0.0,0,0.0
3838,27,525.5206015037594,Rent,0,0.0,0,0.0,0,0,0.0,0,0.0
3839,53,35688.755281368925,Mortgage,1,1189.2929877932188,0,0.0,0,0,0.0,1,0.0
3840,58,26386.774653428674,Mortgage,1,1725.028674922625,1,2348.943141214232,0,0,0.0,1,0.0
3841,40,13265.909508607872,Rent,0,0.0,0,0.0,0,0,0.0,0,0.0
3842,72,87828.57309654786,Own,1,7267.420077797223,1,84196.09243763024,1,1,18820.440169397338,1,1.46020141021594
3843,30,20661.302772873656,Rent,1,754.0369235303122,1,611.5395321408375,0,0,0.0,0,0.0
3844,33,10897.559343252473,Rent,0,0.0,0,0.0,0,0,0.0,0,0.0
3845,39,26040.206928310752,Mortgage,1,1621.0869184597113,1,1773.8965810330492,0,0,0.0,1,10.025464421884394
3846,34,525.5206015037594,Rent,1,0.5451001709338925,1,344.6415727510355,0,0,0.0,0,0.0
3847,55,28812.11717503506,Mortgage,1,560.0675287489513,1,3907.9567879154424,0,0,0.0,1,2.3350500556129625
3848,40,24131.375249680677,Rent,1,460.8371662880545,1,1768.005494630204,0,0,0.0,0,0.0
3849,29,525.5206015037594,Rent,0,0.0,0,0.0,0,0,0.0,0,0.0
3850,45,22934.94297358282,Rent,1,942.1560971456695,1,523.0977066964606,1,0,0.0,0,0.0
3851,60,60082.51388881786,Mortgage,1,2865.5251394607476,1,3804.9632863008255,1,0,0.0,1,16.659376662163695
3852,27,12551.98791532735,Rent,1,468.8315381568861,1,2153.703937358803,0,0,0.0,0,0.0
3853,57,22275.18897945701,Mortgage,1,1449.6896480439514,1,3609.133964447202,0,0,0.0,1,12.240619313663597
3854,29,4795.026681644877,Rent,0,0.0,0,0.0,0,0,0.0,0,0.0
3855,33,6679.776397447713,Rent,0,0.0,0,0.0,0,0,0.0,0,0.0
3856,57,31284.7262431724,Mortgage,1,1406.8027495128263,1,3193.407169877408,0,0,0.0,1,1.4920040233813676
3857,89,112152.47300768393,Own,1,3534.453849348534,1,75647.07153542142,0,1,4094.4681224312394,1,3901.3196345269853
3858,30,11810.36898770697,Rent,1,522.2581865948182,1,2327.707763132508,0,0,0.0,0,0.0
3859,89,156395.00891859888,Own,1,6701.870657863739,1,87168.87783744268,1,1,10636.938183494629,1,1.6619030665110799
3860,34,10844.88478515255,Rent,1,21.204339648792256,1,1655.9702614241423,0,0,0.0,0,0.0
3861,71,58787.44432966338,Own,1,1492.8599002020685,0,0.0,0,0,0.0,1,0.0
3862,74,111978.61558906407,Own,1,2740.6434740903887,1,45536.60476913851,0,1,9138.674564522757,1,2.1060544198035966
3863,34,8900.91223055326,Rent,0,0.0,0,0.0,0,0,0.0,0,0.0
3864,45,27869.625584812562,Rent,1,184.10819549871735,1,3477.784173298828,0,0,0.0,0,0.0
3865,59,54869.770578315794,Mortgage,1,1668.6725144325003,0,0.0,1,0,0.0,1,6.0979909449444305
3866,69,28089.716718856293,Rent,1,1358.9873892809637,1,3266.175299424595,0,0,0.0,1,7.979481915257477
3867,29,4055.079948391385,Rent,0,0.0,0,0.0,0,0,0.0,0,0.0
3868,55,47554.344306241954,Mortgage,1,1299.4244932185165,1,5878.106076212337,0,0,0.0,1,2509.8391132493616
3869,33,7156.226684422631,Rent,1,196.79782757479302,1,2169.5565413707536,0,0,0.0,0,0.0
3870,47,49425.49044809549,Mortgage,1,1449.2568798570983,1,2785.5532290531837,0,0,0.0,1,4.578360628624371
3871,75,57898.50349997378,Own,1,5477.191970433423,1,41279.51720516975,0,1,8196.45429663899,1,16.979208299843183
3872,30,11443.571019169529,Rent,0,0.0,1,888.1583209633795,0,0,0.0,0,0.0
3873,59,82261.8962409822,Mortgage,1,1487.9052561270648,1,3582.426584067911,1,0,0.0,1,0.0
3874,77,192628.3284908055,Own,1,5431.6750989776365,1,96218.84702020398,1,1,4744.461751914077,1,4466.590579734882
3875,30,525.5206015037594,Rent,0,0.0,0,0.0,0,0,0.0,0,0.0
3876,33,2333.428814333227,Rent,0,0.0,1,721.4733695484501,0,0,0.0,0,0.0
3877,44,27116.698933897835,Rent,1,851.5837898168705,1,953.5625062862323,0,0,0.0,0,0.0
3878,50,27219.443169873903,Rent,1,949.8010575892389,1,2327.864023313631,0,0,0.0,0,0.0
3879,36,10382.944503051993,Rent,0,0.0,0,0.0,0,0,0.0,0,0.0
3880,30,56151.69636490191,Own,1,1324.6508013528896,1,36262.667208100494,0,0,0.0,1,4.705787351521184
3881,28,11807.847484688726,Rent,1,218.09201853118805,1,2149.0597097476607,0,0,0.0,0,0.0
3882,80,689352.6835193979,Own,1,11608.229344936868,1,96758.46639356414,1,1,20198.54682653544,1,10.665150726018409
3883,68,66436.89207422061,Own,1,28916.348716441313,1,77035.50819505798,1,1,10.748170716499592,1,6.5032047698153645
3884,43,39502.67882751772,Rent,1,1529.2184655416927,1,2927.1243899919964,0,0,0.0,1,2832.02936241882
3885,45,18835.745331056198,Rent,1,769.3178778178888,1,2263.958148185992,0,0,0.0,0,0.0
3886,35,10840.708799845273,Rent,1,877.5193559369415,1,804.4680651249755,0,0,0.0,0,0.0
3887,58,21123.033994383113,Mortgage,1,1368.7162292278515,0,0.0,0,0,0.0,1,0.0
3888,27,8813.287387411878,Rent,1,0.0,1,326.0160452836667,0,0,0.0,0,0.0
3889,74,99857.17297137974,Own,1,6327.304824106871,1,35494.491218883144,0,0,0.0,1,0.0
3890,62,43340.57618165607,Mortgage,1,3010.3365017035776,1,8997.011135260414,1,0,0.0,1,10.728055326900135
3891,34,65826.03819379941,Rent,1,608.4346939956206,1,3749.3627772848845,0,0,0.0,0,0.0
3892,60,14668.373610494844,Mortgage,1,377.2338622280523,0,0.0,1,0,0.0,1,0.0
3893,61,31567.84338562077,Mortgage,1,1690.8792608407239,0,0.0,1,0,0.0,1,16.690888036418773
3894,45,20271.131830250935,Rent,1,710.9565251461444,1,1950.953294267802,0,0,0.0,0,0.0
3895,63,30106.977644514405,Rent,1,590.7679617146676,1,1365.1493699544865,0,0,0.0,0,0.0
3896,60,36152.0519439808,Mortgage,1,2927.316076728624,1,48171.475349099834,0,0,0.0,1,28.1030818597763
3897,58,66074.51626810011,Mortgage,1,1303.4659752913485,1,8821.164877074521,1,0,0.0,1,2439.4144916083815
3898,39,18855.900078667193,Mortgage,1,898.6315304616161,0,0.0,0,0,0.0,0,0.0
3899,51,57656.24533537735,Mortgage,1,2048.4761345204142,1,8270.24915476146,0,0,0.0,1,0.0
3900,87,213320.7616769986,Own,1,33070.99303230572,1,96758.46639356414,1,1,11525.41564689339,1,7963.096131039174
3901,29,20475.67864157974,Rent,1,602.9519317433992,0,0.0,0,0,0.0,0,0.0
3902,59,36267.266090311314,Own,1,1958.2646876579256,1,37914.17287529225,0,0,0.0,1,14.031774407025189
3903,73,40485.72045334623,Own,1,2272.727468039103,1,37273.72483685573,0,0,0.0,1,0.0
3904,47,45363.461899835376,Mortgage,1,1502.6425963782665,1,4360.562623502309,1,0,0.0,1,2578.44727866413
3905,37,16669.997454119548,Rent,1,503.62880596261374,1,1032.2720981629398,0,0,0.0,0,0.0
3906,36,525.5206015037594,Rent,0,0.0,0,0.0,0,0,0.0,0,0.0
3907,58,50631.45546368277,Mortgage,1,1309.0304763170786,1,2814.9258201437165,1,0,0.0,1,0.0
3908,30,12216.281031392,Rent,1,540.8299410805483,1,2598.420755678213,0,0,0.0,0,0.0
3909,30,7609.137871883007,Rent,0,0.0,0,0.0,0,0,0.0,0,0.0
3910,37,20769.114738981465,Rent,1,1654.9971769471267,1,3467.2010202133333,0,0,0.0,0,0.0
3911,68,56587.63725517722,Own,1,2021.828465080906,1,40550.960462426156,0,1,0.0,1,11.637911214727493
3912,50,53072.82343149777,Mortgage,1,1479.7247665810564,1,4509.027721959343,1,0,0.0,1,0.0
3913,45,22859.979120325555,Mortgage,1,719.4663259553508,0,0.0,0,0,0.0,0,0.0
3914,51,35777.661540687215,Mortgage,1,4040.446464509957,1,2870.8537211530065,0,0,0.0,1,14.224249910009602
3915,27,525.5206015037594,Rent,0,0.0,0,0.0,0,0,0.0,0,0.0
3916,28,22411.99203416434,Rent,1,725.8876517847846,1,2892.4726501017494,0,0,0.0,0,0.0
3917,73,14514.384887793974,Own,1,1123.5466337400794,0,0.0,0,0,0.0,1,12.102838152635782
3918,69,574364.6773988792,Own,1,6433.2957335360115,1,96240.43684301685,1,1,4831.165014022458,1,0.24421597456516503
3919,43,19185.31365808649,Mortgage,1,3080.5103941783564,1,3470.5031849592237,1,0,0.0,1,9.861946101628476
3920,79,89720.0715928507,Own,1,7451.796416692612,1,94019.7382941665,0,1,4032.9822432233577,1,8.179799216766474
3921,59,65634.66462861918,Mortgage,1,4725.606764978885,1,3714.5525921421417,1,0,0.0,1,11.357806216483654
3922,36,12774.732973927396,Rent,1,178.15071582059647,1,1400.4414888085657,0,0,0.0,0,0.0
3923,40,10905.280647750533,Rent,0,0.0,0,0.0,0,0,0.0,0,0.0
3924,28,39209.253847405475,Mortgage,1,1143.0549399969848,1,4440.262075897144,0,1,17.224978303458542,1,6182.308249004534
3925,35,6256.600633132617,Rent,1,0.0,0,0.0,0,0,0.0,0,0.0
3926,28,3157.4992065509923,Rent,1,0.0,0,0.0,0,0,0.0,0,0.0
3927,67,53698.12497802326,Own,1,2553.0969078791827,1,45958.48493254401,0,0,0.0,1,0.0
3928,33,9707.798422906246,Rent,0,0.0,0,0.0,0,0,0.0,0,0.0
3929,76,239833.5823458251,Own,1,8358.185014884019,1,94677.6499896794,0,1,10614.37669800803,1,0.0
3930,42,15115.160774445572,Rent,1,966.9625426259316,1,1680.7937522881184,0,0,0.0,0,0.0
3931,89,247630.18277650338,Own,1,24941.341688714212,1,81386.04428311739,1,1,5057.353515801755,1,9.020027102653296
3932,55,49979.23490120289,Mortgage,1,1203.9321467922512,1,3101.5383099178393,1,0,0.0,1,0.0
3933,44,28849.37220689802,Rent,1,908.147535504036,1,3433.784537581807,0,0,0.0,0,0.0
3934,55,58351.276909299486,Mortgage,1,1303.2777024423565,1,8708.573417217305,1,0,0.0,1,0.0
3935,36,26098.032039862344,Rent,1,578.2478096129662,1,1153.2774192418158,0,0,0.0,0,0.0
3936,41,11918.076423519224,Rent,0,0.0,0,0.0,0,0,0.0,0,0.0
3937,28,11613.662716090697,Rent,1,342.059571665033,0,0.0,0,0,0.0,0,0.0
3938,70,202609.22742020647,Own,1,3132.060486368938,1,95927.14283982724,1,1,6960.704411225122,1,12.444880543209923
3939,34,15419.18147699902,Mortgage,1,589.6890820451893,1,4076.4922441603685,0,0,0.0,1,11.454645219254463
3940,76,124367.79329869925,Own,1,2339.202941489195,1,79100.67755584628,0,1,8681.864313394184,1,19.27102798621241
3941,71,48171.75203739586,Own,1,1820.8807906665902,1,38226.02288521792,1,0,0.0,1,12.743093167388023
3942,66,90017.24313466295,Mortgage,1,3106.6673730910225,1,9419.997024892691,1,0,0.0,1,6281.416742863403
3943,49,29484.65832395547,Mortgage,1,1991.2182117927473,1,9480.795606590185,1,0,0.0,1,11.42526050231121
3944,73,65167.089964823965,Own,1,4339.735135075445,1,44619.36690378351,1,1,15.275861743218401,1,22.443674287602132
3945,28,8739.36240095023,Rent,1,588.0706147816217,1,1080.1083975643191,0,0,0.0,0,0.0
3946,91,228820.90070066694,Own,1,8638.083955200715,1,77408.21097132502,1,1,14994.525826059777,1,18.87413405726079
3947,30,12196.881369985396,Rent,1,1041.9184080422638,1,456.03182855176124,0,0,0.0,0,0.0
3948,90,224277.16620377864,Own,1,6385.353180368054,1,79968.63041425256,1,1,4410.153741603289,1,24.315589292505432
3949,47,41647.71530555334,Mortgage,1,1974.7984971165515,1,4871.177430785468,0,0,0.0,1,0.0
3950,54,53464.1845580535,Mortgage,1,1716.0140719243445,1,5032.333124167286,0,0,0.0,1,2195.605448853076
3951,64,26739.450532538616,Rent,1,2111.9187051851104,1,2711.9839590271886,0,0,0.0,1,2.647214613082797
3952,79,88177.41188920382,Own,1,2550.915629553584,1,7793.548446066855,1,0,0.0,1,3.417903107750408
3953,40,11733.321449027657,Rent,0,0.0,1,2328.8226604139477,0,0,0.0,0,0.0
3954,70,75793.61642055877,Own,1,5206.254656506448,1,84077.74612942753,0,0,0.0,1,0.0
3955,42,8805.334374092012,Rent,1,435.0384724451802,1,1346.6170528964017,0,0,0.0,0,0.0
3956,71,55111.47718468495,Own,1,1037.4779500664754,1,2679.519145947363,0,0,0.0,1,0.7807267645479494
3957,64,80085.39514981401,Mortgage,1,3083.2511098154946,1,8560.11809748895,1,0,0.0,1,10.716046321345502
3958,40,10628.537851726043,Rent,0,0.0,0,0.0,0,0,0.0,0,0.0
3959,40,15113.668314114646,Rent,1,920.3154108455759,1,2430.5887000379303,0,0,0.0,0,0.0
3960,44,48543.63663603746,Mortgage,1,1163.0794348593965,1,5477.158028854245,0,0,0.0,1,4155.748841091492
3961,72,27183.707080591354,Mortgage,1,1503.0114385589739,1,3280.479579441925,0,0,0.0,1,14.131019416161497
3962,42,14556.81103931027,Mortgage,1,1052.452235987027,1,3893.6291478152725,0,0,0.0,1,21.000777351571656
3963,43,34511.51188526173,Mortgage,1,1005.3812738910628,0,0.0,1,0,0.0,1,0.0
3964,35,9680.791859602825,Rent,1,805.2524050122538,1,2690.9072783005845,0,0,0.0,0,0.0
3965,44,14266.991793674239,Mortgage,1,659.78644272447,1,731.4072907604805,0,0,0.0,1,4.151831669957387
3966,35,22287.275004518204,Mortgage,1,686.3458903564148,1,3228.0173398564593,0,0,0.0,0,0.0
3967,75,30413.60293329345,Own,1,2611.4066156307267,1,36843.62761624734,0,0,0.0,1,13.072609906845901
3968,39,31901.1841935308,Rent,1,717.0731120922742,1,1340.3883719105484,0,0,0.0,1,0.0
3969,51,21043.477147886704,Rent,1,1098.566195532823,1,2437.5345079763156,0,0,0.0,0,0.0
3970,74,205349.9284731702,Own,1,5121.157454403199,1,94821.92508506117,1,1,11048.50760189546,1,19.281142624707734
3971,34,18431.08155331721,Rent,1,639.7249489208348,1,2368.7418000858665,0,0,0.0,0,0.0
3972,85,206832.36553257628,Own,1,7001.497325708883,1,89021.18147831416,1,1,28245.780629107026,1,0.4692559802151076
3973,64,36880.34949175258,Mortgage,1,2175.760984769313,1,5035.899307522385,0,0,0.0,1,3714.7776188200564
3974,59,58118.16266158155,Mortgage,1,984.8078239982804,1,9914.25332262997,1,0,0.0,1,0.0
3975,79,111758.5434611986,Own,1,26299.602692619566,1,96758.46639356414,1,1,37064.44071136,1,16.180749605612412
3976,54,42429.46103785549,Mortgage,1,2349.267947319373,1,2714.3686188222773,1,0,0.0,1,2.3496064942493353
3977,30,7622.473614699904,Rent,1,373.6943756559922,1,1648.2346711574633,0,0,0.0,0,0.0
3978,59,30942.15931401236,Mortgage,1,1219.9842742855353,1,2279.6027474445655,0,0,0.0,0,0.0
3979,72,28299.29963984331,Rent,1,1647.2383400080803,1,1279.6742290463462,0,0,0.0,0,0.0
3980,34,15000.240603059308,Rent,1,668.7698270261501,1,3595.4168134410884,0,0,0.0,0,0.0
3981,42,30602.444789072495,Own,1,268.7447511409383,0,0.0,0,0,0.0,1,0.0
3982,29,12003.222435179658,Rent,0,0.0,0,0.0,0,0,0.0,0,0.0
3983,27,15773.793971513525,Rent,1,338.93215636806895,1,586.9298688067925,0,0,0.0,0,0.0
3984,72,95743.15209880858,Own,1,3756.9869945201617,0,0.0,0,1,12.076651622901224,1,4.151594373449429
3985,76,113026.05914350375,Own,1,4506.933817560672,1,78037.34927359555,1,1,18273.376258504024,1,11.731807540549404
3986,26,8799.596241590107,Rent,1,27.877565617993582,0,0.0,0,0,0.0,0,0.0
3987,31,12047.727671987028,Rent,0,0.0,1,1099.6253789016328,0,0,0.0,0,0.0
3988,85,744625.5956367055,Own,1,7883.396375196693,1,96758.46639356414,1,1,4192.940762757987,1,10977.962807423239
3989,70,36510.75412406342,Mortgage,1,743.3278200758275,1,8534.871583768334,1,0,0.0,1,9.787219729145653
3990,40,14493.50197544766,Mortgage,1,574.180024261152,0,0.0,0,0,0.0,0,0.0
3991,34,12528.531897729488,Rent,1,322.9940645355632,1,1539.402068521203,0,0,0.0,0,0.0
3992,37,525.5206015037594,Rent,0,0.0,0,0.0,0,0,0.0,0,0.0
3993,59,63501.226729853144,Mortgage,1,2581.9508506459106,1,2723.69697127266,1,0,0.0,1,0.0
3994,73,119857.14175306195,Own,1,3812.820254472143,1,47036.630951744206,0,1,4465.195301785099,1,5.891580529936788
3995,52,41688.23765318387,Mortgage,1,2308.0301212240925,1,4764.787888151395,0,0,0.0,1,2881.9162490205704
3996,91,504314.94690565177,Own,1,4698.610857463498,1,87581.33410320328,1,1,4362.747002083987,1,15.217594118594638
3997,39,19845.98592182252,Rent,1,365.1696068246374,1,2431.650871048707,0,0,0.0,0,0.0
3998,59,29697.900340266002,Mortgage,1,1979.260942898537,1,8849.629223179174,1,0,0.0,1,5.635247235034464
3999,31,21002.401968249796,Rent,1,860.7582066619697,1,1838.534528048108,0,0,0.0,0,0.0
4000,33,11878.471055982543,Rent,1,768.2406013373571,1,3214.3375281953577,0,0,0.0,0,0.0
4001,33,6728.928903715521,Rent,1,0.0,1,2642.077531596704,0,0,0.0,0,0.0
4002,45,19435.701753345093,Rent,1,705.8019993274352,1,3085.094834912898,0,0,0.0,0,0.0
4003,61,42811.12227543579,Own,1,2421.429741416994,1,39752.26281303567,0,0,0.0,1,0.0
4004,90,93606.0141171008,Own,1,4294.433352254242,1,95505.33190041063,1,1,4230.74712690693,1,8324.129603726951
4005,71,38736.884103911674,Own,1,1018.4450163151133,0,0.0,0,0,0.0,1,0.0
4006,28,8224.855575388488,Rent,0,0.0,1,1046.927239267017,0,0,0.0,0,0.0
4007,91,118305.3028589746,Own,1,26613.69168000926,1,82280.35071916642,1,1,8430.540258895197,1,0.0
4008,46,27673.703712563707,Rent,1,1635.2225100861071,1,3730.985030887474,0,0,0.0,0,0.0
4009,71,61196.7143340904,Own,1,1018.3604048569227,1,49470.11613206933,0,1,16356.935467585534,1,0.0
4010,69,101605.75893233599,Own,1,4482.359744894023,1,44724.13116000007,0,1,18436.578370706164,1,0.0
4011,58,25573.151743914856,Mortgage,1,1119.9896020407355,1,5001.278193252554,0,0,0.0,1,0.0
4012,58,45323.757674153785,Mortgage,1,1904.5739464306287,1,3042.8818776577996,1,0,0.0,1,0.0
4013,39,8725.063237242668,Rent,1,0.0,0,0.0,0,0,0.0,0,0.0
4014,53,36547.534094495386,Mortgage,1,1108.244728472203,1,3965.8671690258907,0,0,0.0,1,0.0
4015,31,4267.065064874081,Rent,0,0.0,0,0.0,0,0,0.0,0,0.0
4016,67,43429.67018134728,Mortgage,1,1159.1148165960071,1,7558.379627145858,1,0,0.0,1,0.0
4017,44,38807.65058160733,Mortgage,1,2606.3587230567005,1,4342.592281980415,1,0,0.0,1,3323.9059601751387
4018,74,46727.86804215276,Own,1,2054.4170706363157,1,37037.70957505455,0,0,0.0,1,5119.371856535429
4019,40,9088.838538067082,Rent,1,1001.451259357127,1,2892.868759852895,0,0,0.0,0,0.0
4020,42,8157.244799502005,Rent,1,807.3513709058718,0,0.0,0,0,0.0,0,0.0
4021,74,23553.73755164627,Rent,1,858.4412735632964,1,4829.483118171695,1,0,0.0,0,0.0
4022,44,24027.786965761676,Mortgage,1,805.0062527111986,1,3920.6733180503084,0,0,0.0,1,9.866586900423352
4023,65,44124.890588260976,Own,1,4174.095848969261,1,37164.73740006077,0,0,0.0,1,14.531928361977725
4024,39,26027.063518593204,Rent,1,314.1309858965993,1,3061.523499670432,0,0,0.0,0,0.0
4025,57,47422.235785468605,Mortgage,1,1323.496344715512,1,8358.529741320242,1,0,0.0,1,0.0
4026,44,28167.728974079073,Rent,1,747.7863705695647,1,3059.019464333902,0,0,0.0,0,0.0
4027,45,56331.317572744614,Rent,1,857.9905170433957,1,2355.618261893491,0,0,0.0,0,0.0
4028,47,28301.63113531345,Mortgage,1,895.2236383666074,1,4712.961061212938,0,0,0.0,1,11.595000596830632
4029,26,13552.6230430183,Rent,1,1108.7056785402572,1,2224.696401711469,0,0,0.0,0,0.0
4030,87,78599.52283554114,Own,1,32818.247825983126,1,96758.46639356414,1,1,21466.167532139174,1,29.03363661135478
4031,55,39085.90236786778,Mortgage,1,1672.8208223366646,1,5050.541664959082,1,0,0.0,1,2809.241185151901
4032,55,7490.103417100036,Rent,0,0.0,0,0.0,0,0,0.0,0,0.0
4033,33,525.5206015037594,Rent,0,0.0,0,0.0,0,0,0.0,0,0.0
4034,59,44473.40482308575,Mortgage,1,650.2064061677563,1,4531.709258770806,0,0,0.0,1,5783.119062637485
4035,67,33652.233878432984,Rent,1,588.6959619024126,1,2132.4676059282488,0,0,0.0,0,0.0
4036,60,56093.740445696516,Mortgage,1,2241.992693621669,1,2939.6174358697735,1,0,0.0,1,5665.430373064842
4037,82,123931.18139973134,Own,1,8024.683087785507,1,96758.46639356414,1,1,5763.858772392676,1,10.182289378614154
4038,29,2014.0504336487957,Rent,0,0.0,0,0.0,0,0,0.0,0,0.0
4039,39,14902.955853980287,Rent,1,254.13903491865779,1,3447.2388416715576,0,0,0.0,0,0.0
4040,55,57919.27397549892,Mortgage,1,1442.675510156584,1,8026.251442662762,1,0,0.0,1,0.45452041150119527
4041,61,22014.353740399594,Mortgage,1,2240.986940355422,0,0.0,1,0,0.0,1,5.510677081492943
4042,61,77924.63876934024,Own,1,2025.988085118434,1,3120.161538164456,0,0,0.0,1,32.554566101352826
4043,35,525.5206015037594,Rent,0,0.0,0,0.0,0,0,0.0,0,0.0
4044,77,72877.90307302475,Own,1,5892.8547604875,1,93019.10550523628,1,1,6333.713279513201,1,2.790651591196383
4045,61,20953.53616025587,Mortgage,1,835.3671273027991,1,2762.4596718829725,0,0,0.0,0,0.0
4046,75,126776.50702532759,Own,1,6551.5658271146585,1,96758.46639356414,1,1,9088.942607035333,1,6394.8273913750045
4047,32,9826.668532835658,Mortgage,1,948.7684093634779,0,0.0,0,0,0.0,0,0.0
4048,33,17470.9881922463,Rent,1,517.8284203875355,1,2456.452634276577,0,0,0.0,0,0.0
4049,51,28541.12397979435,Mortgage,1,1527.8915367837762,1,4507.743653153796,0,0,0.0,1,0.0
4050,31,9377.932749958693,Rent,0,0.0,0,0.0,0,0,0.0,0,0.0
4051,41,57426.41447587774,Mortgage,1,1064.5381037991122,0,0.0,0,0,0.0,1,12.86631713884115
4052,34,20102.606635953376,Rent,1,890.6026032218106,1,871.789156773141,0,0,0.0,0,0.0
4053,38,13911.90267004821,Rent,1,638.5470704869006,0,0.0,0,0,0.0,0,0.0
4054,46,37842.474988138376,Mortgage,1,1294.6704247899986,1,4807.9779222572415,1,0,0.0,1,0.0
4055,91,136434.64885046502,Own,1,20241.882023336686,1,92712.80694044424,1,1,4553.7002406659485,1,13.465001209652852
4056,62,22748.758625674425,Mortgage,1,1671.321360453534,1,3446.0860123865314,1,0,0.0,1,21.372101330226943
4057,44,42346.31959891692,Rent,1,1184.192857027082,1,3585.129180108579,0,0,0.0,0,0.0
4058,30,10802.053496550383,Rent,1,1209.6398540652435,1,2745.9355402140527,0,0,0.0,0,0.0
4059,69,32293.794548212154,Rent,1,1906.5586318908581,1,829.8206181729297,0,0,0.0,0,0.0
4060,60,39647.74475858953,Own,1,2074.7020344182083,1,2416.217604665548,1,0,0.0,1,6551.891197867073
4061,48,20222.503175312715,Mortgage,1,1720.6268824143253,1,4404.817288785136,0,0,0.0,1,3.336151707318385
4062,37,13527.732347113997,Rent,0,0.0,0,0.0,0,0,0.0,0,0.0
4063,59,59663.93182770708,Mortgage,1,2424.2967778782872,1,9639.424043699963,1,0,0.0,1,24.169823154047386
4064,75,35584.574554625724,Own,1,1971.8300175812653,1,36231.28040456981,0,0,0.0,1,0.0
4065,68,83781.84097700853,Own,1,2782.074766649534,1,36872.99984758202,0,0,0.0,1,6.614453277625318
4066,56,20277.218977795208,Mortgage,1,2255.956286385451,1,3328.6095353177434,0,0,0.0,1,0.0
4067,32,108421.52882783917,Own,1,1947.1421019322954,1,37380.88178182464,0,1,10.465248706199796,1,0.0
4068,67,130160.15899032718,Own,1,4303.778164437822,1,45653.275530819716,0,1,10134.103315988104,1,19.392810156098196
4069,56,60164.44503101548,Mortgage,1,2082.2287387239553,1,3201.3443558196177,1,0,0.0,1,2560.993385076223
4070,77,153658.51217882708,Own,1,5313.048209114276,1,76009.2340067787,1,1,4660.4442340430305,1,0.8757304114954721
4071,51,47462.02879722527,Mortgage,1,1108.1314857064135,1,4248.608046960226,0,0,0.0,1,0.0
4072,29,525.5206015037594,Rent,0,0.0,0,0.0,0,0,0.0,0,0.0
4073,31,18387.98864861423,Rent,1,277.1023745956477,1,1506.4635239976465,0,0,0.0,0,0.0
4074,89,142472.40302002954,Own,1,50619.06488584263,1,95170.07609887556,1,1,4783.920159629097,1,5835.108794415616
4075,76,91693.81794438571,Own,1,6485.019242259934,1,45616.74286779616,1,1,10831.11725718094,1,21.1276779170215
4076,28,525.5206015037594,Rent,0,0.0,0,0.0,0,0,0.0,0,0.0
4077,48,45635.51439199329,Mortgage,1,2010.5101731369232,1,4480.964169211724,0,0,0.0,1,0.33554947306985317
4078,43,14838.30067220052,Rent,1,829.8845240114638,1,1752.5851958520864,0,0,0.0,0,0.0
4079,60,65944.50100942192,Mortgage,1,778.3989679897128,1,3157.6285359122166,1,0,0.0,1,16.019927654537636
4080,30,19210.293785465874,Rent,0,0.0,0,0.0,0,0,0.0,0,0.0
4081,35,29590.4943252526,Rent,1,792.9575785312343,1,2337.449681558364,0,0,0.0,1,0.0
4082,41,8514.699501788748,Rent,0,0.0,0,0.0,0,0,0.0,0,0.0
4083,34,13169.765446379055,Rent,1,719.3079722600265,1,797.4704327508412,0,0,0.0,0,0.0
4084,77,82616.93690408845,Own,1,7817.5755912076265,1,95540.68808405496,1,1,5188.482555950211,1,12.46991282167177
4085,57,31388.241735526484,Mortgage,1,751.2617369717209,1,3303.8550210763256,0,0,0.0,1,6.362464911821238
4086,71,35305.30062576383,Own,1,2381.53771882961,1,38720.71206586424,0,0,0.0,1,3.7472233516821807
4087,39,26239.784593447184,Rent,1,1340.629552097224,1,1961.5058093270397,0,0,0.0,0,0.0
4088,30,27408.539388943125,Rent,1,902.9290871435535,1,2320.208652858987,0,0,0.0,0,0.0
4089,76,32210.195058960846,Own,1,2192.5064325488297,1,38363.68563983829,0,0,0.0,1,6.869435384183807
4090,63,39990.777494707516,Mortgage,1,1785.9612587131646,0,0.0,0,0,0.0,1,3752.801537018436
4091,44,38685.31614067325,Mortgage,1,818.5865412088393,1,2136.542099570175,0,0,0.0,0,0.0
4092,50,46545.6332479935,Mortgage,1,581.6531602471562,0,0.0,0,0,0.0,1,0.0
4093,42,14836.364829199294,Rent,1,429.7509041077904,1,1980.0865019897456,0,0,0.0,0,0.0
4094,49,37451.836862566466,Rent,1,929.7726483005432,1,2751.6575649150072,0,0,0.0,0,0.0
4095,30,22201.475049794506,Rent,1,46.95335679821869,1,1219.323638967442,0,0,0.0,0,0.0
4096,78,94893.59579135494,Own,1,25849.440062762293,1,96758.46639356414,1,1,10606.29934703769,1,26.273003130351977
4097,52,40921.870314272834,Mortgage,1,577.7920606740297,1,9437.132413230705,1,0,0.0,1,5027.474151467237
4098,60,45419.94497387094,Mortgage,1,1439.5779601665765,1,4987.138353503403,0,0,0.0,1,3261.0359697925824
4099,35,24640.369263599816,Rent,1,65.87541915077259,1,2149.1295801922865,0,0,0.0,0,0.0
4100,62,39717.1712240378,Mortgage,1,1017.9544894082978,1,8700.11393824331,1,0,0.0,1,1.7619732317006394
4101,39,27872.02606238729,Rent,1,752.3256929468561,1,952.7063684470374,1,0,0.0,1,16.61907029834784
4102,44,12439.446824431641,Rent,1,558.6775860959917,1,1938.553987620082,0,0,0.0,0,0.0
4103,29,3475.543083795552,Rent,0,0.0,0,0.0,0,0,0.0,0,0.0
4104,74,114398.84185802664,Own,1,8492.129820420498,1,43736.461784567204,0,1,10927.313329645238,1,3859.785304840282
4105,26,525.5206015037594,Rent,0,0.0,0,0.0,0,0,0.0,0,0.0
4106,38,8582.070438719325,Rent,1,417.25690541102733,1,2038.0185877440922,0,0,0.0,0,0.0
4107,64,43928.148589320816,Own,1,2273.457094091494,1,8804.136016711735,0,0,0.0,1,10.967880995107508
4108,45,7866.493782425905,Rent,0,0.0,1,0.0,0,0,0.0,0,0.0
4109,29,18767.804123291,Rent,1,818.0967363949107,1,1972.6318764989544,0,0,0.0,0,0.0
4110,31,17329.65682254545,Rent,1,1333.1839584540473,1,1816.4958303666822,0,0,0.0,0,0.0
4111,78,125387.11453215039,Own,1,11793.204898140233,1,96758.46639356414,1,1,29914.17335226257,1,4.19597658013351
4112,63,68531.51247470616,Mortgage,1,1716.6753306033804,1,9006.879750959533,1,0,0.0,1,1.18551793630318
4113,30,5725.15235028132,Rent,0,0.0,0,0.0,0,0,0.0,0,0.0
4114,59,17720.56260263309,Mortgage,1,1504.2418844782128,0,0.0,1,0,0.0,1,0.0
4115,41,25812.23096027411,Rent,1,1006.5128149928577,1,37382.57550894507,0,0,0.0,1,0.0
4116,90,101332.3251117445,Own,1,9112.615667656077,1,95383.27880479561,1,1,5020.335559725078,1,13155.647105743608
4117,44,53683.44019338327,Rent,1,784.6594725426783,1,3131.7766495903097,0,0,0.0,1,0.0
4118,56,48859.65288949484,Mortgage,1,1894.2294567943165,1,9602.93691614706,1,0,0.0,1,2662.0568456789247
4119,73,233045.67166065524,Own,1,2769.983932959031,1,95062.11156143539,1,1,5101.327765893117,1,31.720439839598903
4120,47,24299.16585451852,Mortgage,1,1109.2335192660266,1,2215.7687344615283,0,0,0.0,1,0.0
4121,76,78162.91968869603,Own,1,3496.428145853958,1,48123.98975458858,0,1,12.445472601013527,1,5548.159961253073
4122,33,30159.395812999945,Rent,1,781.4553258152935,1,3703.4116720041693,0,0,0.0,0,0.0
4123,66,30765.81198483422,Own,1,2621.6394510748305,1,8711.232953710996,1,0,0.0,1,3.9756662968907333
4124,73,83706.28047602292,Own,1,2072.3952533184224,1,35476.83885726516,0,0,0.0,1,5449.596244000481
4125,40,25969.098566090655,Rent,1,408.0201433760803,1,2344.8411474550994,0,0,0.0,0,0.0
4126,27,4291.561158912678,Rent,0,0.0,0,0.0,0,0,0.0,0,0.0
4127,32,5299.757020953246,Rent,1,249.78787668554003,1,1698.5929398172377,0,0,0.0,0,0.0
4128,73,85274.41703079594,Own,1,8372.980667010153,1,47948.50965303609,0,1,12175.854637016131,1,3945.4235750366565
4129,29,2413.7951898962947,Rent,0,0.0,0,0.0,0,0,0.0,0,0.0
4130,28,3040.796938806545,Rent,0,0.0,0,0.0,0,0,0.0,0,0.0
4131,63,33228.33159669585,Mortgage,1,1452.6705975362813,0,0.0,0,0,0.0,1,0.0
4132,80,95574.40066863163,Own,1,5649.079649779662,1,46799.76950781888,0,1,7225.86483041799,1,13.144426643665746
4133,61,51407.81299419571,Own,1,7729.748227838816,1,43486.0522475191,0,0,0.0,1,8216.643462057986
4134,43,15779.383003163304,Rent,1,1053.3786084472133,1,2511.937866314495,0,0,0.0,0,0.0
4135,74,89285.47311973348,Own,1,26129.851079680164,1,96758.46639356414,1,1,4781.32184479913,1,24.204372324104764
4136,83,97991.27224892406,Own,1,2156.7339197767774,1,39115.25293244041,0,0,0.0,1,0.0
4137,33,525.5206015037594,Rent,0,0.0,0,0.0,0,0,0.0,0,0.0
4138,31,37391.649378069495,Rent,1,487.83613888231304,1,2297.0117687081834,0,0,0.0,0,0.0
4139,35,15291.655532693127,Rent,1,466.87487929318945,1,484.9459090399405,0,0,0.0,0,0.0
4140,28,10090.30787558892,Rent,0,0.0,1,0.0,0,0,0.0,0,0.0
4141,55,56872.13597941315,Mortgage,1,2601.694115321723,1,8959.421948934716,1,0,0.0,1,5641.68166032742
4142,28,20753.803362214952,Rent,1,396.5982274186987,1,3548.8827569555783,0,0,0.0,0,0.0
4143,56,31016.713807889413,Rent,1,992.9141009042802,1,1448.328692957393,0,0,0.0,0,0.0
4144,69,47341.47071133797,Mortgage,1,1797.9869402134345,1,9542.461395549512,1,0,0.0,1,6057.293911556383
4145,62,58301.40835084168,Mortgage,1,2555.215909807161,1,3244.31789529946,1,0,0.0,1,0.0
4146,56,35181.466090938666,Rent,1,1232.866175833246,1,2176.5061142831205,0,0,0.0,0,0.0
4147,61,59483.29034727217,Mortgage,1,1335.861948912252,1,3136.835854932893,1,0,0.0,1,0.0
4148,44,17356.507365684716,Mortgage,1,1485.5695945307875,0,0.0,0,0,0.0,1,11.455135832287795
4149,68,94166.96479908505,Own,1,3774.327883041316,1,43164.591559703025,1,1,10579.182229602691,1,10637.754243257421
4150,56,35834.778210164266,Mortgage,1,1049.474392695776,0,0.0,0,0,0.0,1,24.120697770644636
4151,46,12968.72378075479,Rent,1,817.6663735511088,0,0.0,0,0,0.0,0,0.0
4152,88,151560.20248322102,Own,1,7069.01720828192,1,78965.60459479493,1,1,12295.871468896341,1,0.0
4153,53,53183.24593615913,Mortgage,1,1337.5773548771128,1,7866.917581726527,1,0,0.0,1,5654.10013907085
4154,40,30880.6105382785,Rent,1,1305.4794940675938,1,1460.776628124017,0,0,0.0,0,0.0
4155,73,151312.24638559285,Own,1,5545.662257232832,1,78663.05491596229,1,1,4298.491208541604,1,0.0
4156,34,20051.287487352438,Own,1,2422.147798836878,1,43484.422072092966,0,0,0.0,1,0.0
4157,77,189704.10045414092,Own,1,7575.502544669724,1,87745.04151765082,1,1,4766.807655290018,1,18.206966414502627
4158,31,2516.0397563182632,Rent,0,0.0,0,0.0,0,0,0.0,0,0.0
4159,28,863.2473737306973,Rent,1,712.0822002017469,1,1594.4517591720794,0,0,0.0,0,0.0
4160,66,58364.85806829215,Own,1,5523.552141133141,1,91137.97745484483,1,1,12531.740406894956,1,0.0
4161,38,6701.734766603971,Rent,0,0.0,0,0.0,0,0,0.0,0,0.0
4162,87,735849.1494090282,Own,1,5459.979970709592,1,96758.46639356414,1,1,33193.057460779884,1,0.0
4163,77,47433.156930721874,Mortgage,1,1464.6320146718924,1,8951.730471069955,1,0,0.0,1,8.070417040985355
4164,54,64225.000417757015,Mortgage,1,1545.2203964655528,1,1920.2324401283279,0,0,0.0,1,37.99994423836194
4165,65,53079.902390876305,Mortgage,1,2139.021266765609,0,0.0,1,0,0.0,1,6.350156031565619
4166,66,68115.62215885171,Mortgage,1,1971.5860207664534,1,9384.723304715772,1,0,0.0,1,1.6742163272402104
4167,41,9223.588542062336,Rent,1,1471.0872278138318,1,1751.940517345448,0,0,0.0,0,0.0
4168,77,111072.45930344751,Own,1,1169.1923199269959,1,93086.3496089496,0,1,14162.983416485953,1,35.18674507521654
4169,30,9291.891540794913,Rent,1,0.0,1,301.6067820303613,0,0,0.0,0,0.0
4170,64,41692.272741678535,Mortgage,1,2161.940268839122,1,9361.26780443266,1,0,0.0,1,0.0
4171,91,93803.09545634885,Own,1,7725.204657033605,1,96758.46639356414,1,1,4496.187229083443,1,0.0
4172,60,32254.248619329814,Mortgage,1,1489.8766613738849,1,3452.817394997591,1,0,0.0,1,0.0
4173,42,54691.145984570416,Mortgage,1,2157.7058749031626,1,3974.96141481931,1,0,0.0,1,2418.0931134371194
4174,26,525.5206015037594,Rent,0,0.0,0,0.0,0,0,0.0,0,0.0
4175,29,28659.483633447155,Mortgage,1,462.70676534277,0,0.0,0,0,0.0,1,0.0
4176,68,32010.192207192773,Own,1,1672.994601980566,1,35116.91737711874,0,0,0.0,1,3855.4595863627437
4177,79,54012.22665218747,Own,1,4024.4558054031013,1,2417.2952954164007,1,0,0.0,1,2.3262014991189592
4178,28,17717.610166212387,Rent,1,451.4643474436882,0,0.0,0,0,0.0,0,0.0
4179,27,13866.691284688724,Rent,1,371.85873169989156,0,0.0,0,0,0.0,0,0.0
4180,37,30854.868478123182,Rent,1,976.2158463201038,1,1465.629179505415,0,0,0.0,0,0.0
4181,29,525.5206015037594,Rent,0,0.0,0,0.0,0,0,0.0,0,0.0
4182,71,89623.50369688359,Own,1,7527.01311783542,1,95854.52172394401,1,1,21302.463857968374,1,25.69844720826927
4183,38,8021.257272952196,Rent,1,675.6536987246175,1,2331.7788145191403,0,0,0.0,0,0.0
4184,78,104772.749576863,Own,1,8125.015341170956,1,93662.06524351246,0,1,4874.006730988915,1,0.29819686254306277
4185,49,21740.37106831424,Mortgage,1,2294.960606423705,1,4545.099736492482,0,0,0.0,1,1.4941003928477687
4186,66,33740.902246034995,Mortgage,1,4762.202786060106,1,3190.440531325586,1,0,0.0,1,0.0
4187,67,40893.601193007635,Own,1,2214.928806739624,1,4140.003894897879,0,0,0.0,1,0.0
4188,66,36436.01639785882,Own,1,1771.8986623101484,1,3010.8780123543243,0,0,0.0,1,0.0
4189,36,525.5206015037594,Rent,0,0.0,0,0.0,0,0,0.0,0,0.0
4190,31,10993.802709262063,Rent,1,1029.3331236191116,1,835.6073314568887,0,0,0.0,0,0.0
4191,68,24215.104016417317,Mortgage,1,1505.9967336217694,1,2888.9907101950016,1,0,0.0,1,1.1370647678499273
4192,29,9964.820997951108,Rent,0,0.0,1,0.0,0,0,0.0,0,0.0
4193,57,77895.36849711614,Own,1,1885.8522891141517,1,9810.965947375853,1,0,0.0,1,14.721788597119156
4194,55,30359.84223760943,Mortgage,1,2058.369595263452,1,4388.673632166248,0,0,0.0,1,2289.753919992747
4195,53,28051.456862164392,Mortgage,1,2497.2726406013435,1,3677.0271022184515,0,0,0.0,1,22.67220784603419
4196,48,21122.38358365524,Mortgage,1,1498.7641498574576,1,3898.650645937523,0,0,0.0,1,0.0
4197,73,92887.65825694056,Own,1,3922.958369502337,1,46898.694349153906,1,1,4434.240806620357,1,5874.1805330591305
4198,40,18528.49260983669,Rent,1,392.96520917813035,0,0.0,0,0,0.0,1,2970.305683442641
4199,44,28524.869823126908,Mortgage,1,1105.7431626778196,1,2344.052560721597,0,0,0.0,0,0.0
4200,45,12529.53364639519,Rent,1,305.5704001988205,0,0.0,0,0,0.0,0,0.0
4201,41,29856.282462615316,Rent,1,128.06750684923202,1,2936.841356733873,0,0,0.0,0,0.0
4202,35,13743.10453553449,Rent,1,859.2428153974201,1,1297.2962846087355,0,0,0.0,0,0.0
4203,66,49563.32685022314,Own,1,4200.115834405396,1,43067.06630646739,0,1,4378.3234997474965,1,0.0
4204,64,60416.91311047969,Mortgage,1,2403.891061216941,1,3371.1997487138215,1,0,0.0,1,8825.511621170386
4205,42,63392.89684759282,Mortgage,1,1323.8419259456966,1,43307.637562463904,0,0,0.0,1,24.521460533801953
4206,28,9639.393216773573,Rent,0,0.0,0,0.0,0,0,0.0,0,0.0
4207,74,98376.34464713339,Own,1,6831.2931991322475,1,78704.16119333806,0,1,5934.400655604416,1,9.349527822093759
4208,65,32400.98669040263,Own,1,4142.080681571525,1,47460.11699356579,0,1,0.0,1,19.72292263995369
4209,31,62450.534044909866,Own,1,1913.7984742206515,1,39636.756497853,0,0,0.0,1,0.0
4210,60,50215.50884665176,Mortgage,1,1452.8514780898518,1,4539.697671351369,1,0,0.0,1,6.845219625984574
4211,53,14535.453467395604,Rent,1,301.5494545609354,1,2076.156337161818,0,0,0.0,0,0.0
4212,49,21427.48283560542,Mortgage,1,1382.5847556436765,1,5382.958402834014,0,0,0.0,1,0.0
4213,68,45345.64202804339,Rent,1,775.1972592916019,1,2853.179718820366,0,0,0.0,1,8.596673111187725
4214,32,24260.395251308124,Rent,1,705.986240460868,1,1967.3038232738459,0,0,0.0,0,0.0
4215,91,207127.58617798245,Own,1,3993.6459181531027,1,96148.90473299347,1,1,8888.694117953122,1,0.0
4216,39,24088.882523091324,Mortgage,1,1098.407457663189,1,3078.603215041852,0,0,0.0,1,0.0
4217,67,37497.2940695377,Own,1,2166.1912135193975,1,37064.9152438519,0,0,0.0,1,21.272637047102272
4218,69,33048.11147073361,Own,1,1113.3314467937419,1,92580.87925532578,1,0,0.0,1,4.793690688953295
4219,53,18648.541153667476,Mortgage,1,964.5868013059846,1,3514.6510744303305,1,0,0.0,1,2593.2237468295934
4220,74,63483.315822211254,Own,1,4673.439980803683,1,45001.35174482872,0,0,0.0,1,6056.8165135805375
4221,52,35818.29370608435,Own,1,789.9266648657122,1,1520.5823948535399,0,0,0.0,1,4.795580049757163
4222,87,42059.445382468504,Mortgage,1,2252.5452317943245,1,96520.13970158513,1,1,13854.397247737046,1,37.29232004412466
4223,27,13741.674212657028,Rent,1,6.266578615339995,1,2516.5348823015215,0,0,0.0,0,0.0
4224,41,23153.403211299294,Mortgage,1,1797.997328361008,1,3285.8659179130955,0,0,0.0,1,0.0
4225,88,216675.1185940198,Own,1,8250.077871556061,1,95215.57324279494,1,1,9705.91172094528,1,9829.085229847087
4226,55,51455.735997859345,Mortgage,1,2390.2709808403033,1,4779.033308117476,0,0,0.0,1,4.61074709633074
4227,73,102276.68266296881,Own,1,2193.6611214032832,1,46410.99780236815,1,1,0.0,1,0.0
4228,57,46862.369086833896,Own,1,2959.7404511874847,1,96758.46639356414,1,1,9662.92667594527,1,10.129907926671832
4229,68,50743.321610040344,Own,1,4092.1941833271057,1,44233.39306095354,0,0,0.0,1,0.0
4230,90,120122.49446331423,Own,1,8652.687956120926,1,96758.46639356414,1,1,4923.349782212832,1,11.927124594122782
4231,28,12487.287146724244,Rent,0,0.0,0,0.0,0,0,0.0,0,0.0
4232,89,146685.84997954415,Own,1,7360.057728066942,1,84154.73314344043,1,1,4956.865659411156,1,29.270684809042848
4233,75,142684.18772521682,Own,1,6736.5368946621875,1,95575.1628973805,1,1,4644.068787752534,1,11224.715751891914
4234,59,36801.436649194795,Mortgage,1,1969.2951993129727,0,0.0,1,0,0.0,1,0.0
4235,70,36286.078200325304,Rent,1,832.6687378974786,1,0.0,0,0,0.0,1,5.109061753033828
4236,75,42538.157765097276,Own,1,4970.229043096051,1,8313.598201231385,0,0,0.0,1,0.0
4237,30,28505.637425415098,Rent,1,1240.0720447070894,1,4225.35611946462,0,0,0.0,0,0.0
4238,73,46092.61757751567,Mortgage,1,3607.7819198908464,1,3097.116908411846,0,0,0.0,1,3.7027542864661784
4239,38,18007.648035347258,Mortgage,1,303.651774591797,0,0.0,0,0,0.0,0,0.0
4240,77,139738.76498393883,Own,1,2521.845893791441,1,36988.80695125867,0,0,0.0,1,5904.614652919684
4241,43,19084.38959989231,Mortgage,1,1471.3911983485161,1,2231.683250740277,1,0,0.0,0,0.0
4242,32,26238.915649311006,Rent,1,581.3507559615812,1,1890.2561196527492,0,0,0.0,0,0.0
4243,49,105387.2431205153,Own,1,3492.652183714688,1,35420.42842657797,0,0,0.0,1,0.0
4244,48,85216.3667172278,Mortgage,1,1098.93169306082,1,2522.6647887638715,1,0,0.0,1,6800.182323620282
4245,73,40556.94360277518,Own,1,1403.5692679326655,1,1571.9172805199112,0,0,0.0,1,0.0
4246,30,13431.17364804616,Rent,1,36.20510526905639,1,3068.3325039740766,0,0,0.0,0,0.0
4247,91,174574.6331805561,Own,1,7115.3085839302175,1,94963.79939592036,1,1,20128.95329125506,1,0.0
4248,72,36730.38782016115,Own,1,4052.9417973441264,1,96513.6176096132,1,1,18165.583042374878,1,15.319436373054334
4249,49,41383.33291078896,Mortgage,1,1556.0692193693728,1,5450.903135118937,0,0,0.0,1,2229.9762347566702
4250,78,159711.89110019113,Own,1,5022.314591010245,1,37955.397321674856,0,1,10803.71653058395,1,9057.201465411086
4251,44,14300.031206840633,Rent,1,115.96524774101408,0,0.0,0,0,0.0,0,0.0
4252,31,48848.24831203223,Own,1,2235.7235503349866,1,38387.85440288626,0,0,0.0,1,13.138167823111969
4253,49,116092.36778358572,Own,1,5910.169534063516,1,96758.46639356414,1,1,10.897919556126347,1,9930.924736243895
4254,34,17574.28934944389,Rent,1,1680.1135858776895,1,3632.96741085539,0,0,0.0,0,0.0
4255,37,9956.764035059556,Mortgage,1,501.5504524983114,0,0.0,0,0,0.0,0,0.0
4256,44,525.5206015037594,Rent,0,0.0,0,0.0,0,0,0.0,0,0.0
4257,73,141891.9004163325,Own,1,6079.996957224817,1,36079.22814683117,0,0,0.0,1,5.781502985274753
4258,49,35951.01970374254,Mortgage,1,1312.6538606480312,1,2800.6378645937248,0,0,0.0,1,3.9808304996920847
4259,46,47804.53517881323,Mortgage,1,1137.7258512822634,1,3258.879044259198,0,0,0.0,1,6156.242005313745
4260,28,525.5206015037594,Rent,0,0.0,0,0.0,0,0,0.0,0,0.0
4261,59,35982.72662407547,Mortgage,1,2248.543199561735,1,9438.781605374188,1,0,0.0,1,11.580599602425739
4262,31,7427.622175105806,Rent,1,0.0,1,1361.3072801091537,0,0,0.0,0,0.0
4263,53,38544.19745288219,Mortgage,1,2050.285320980937,1,3517.747205094902,1,0,0.0,1,4515.14624891962
4264,32,5340.505253054622,Rent,0,0.0,0,0.0,0,0,0.0,0,0.0
4265,72,46088.427356116525,Mortgage,1,1962.8310253485226,1,38687.04607978173,0,0,0.0,1,7.543847078566762
4266,43,10542.339847118936,Rent,1,447.77086607712687,1,2558.5815599118396,0,0,0.0,0,0.0
4267,35,23314.473893566144,Mortgage,1,826.937570902558,1,3592.1251570437717,0,0,0.0,0,0.0
4268,75,534609.3188664503,Own,1,20057.293239385333,1,96758.46639356414,1,1,17791.61206515288,1,6.2591237844821626
4269,57,39988.412126158546,Own,1,2738.2776972717074,1,36602.65340981868,1,0,0.0,1,6054.9888301430565
4270,46,14853.492844030216,Mortgage,1,683.1789789852133,1,2215.7177262491464,0,0,0.0,1,0.0
4271,29,4967.766479386679,Rent,0,0.0,0,0.0,0,0,0.0,0,0.0
4272,43,55095.571979529945,Mortgage,1,3030.1086964362617,1,3107.7639559323,1,0,0.0,1,0.0
4273,60,41085.338684728114,Mortgage,1,1883.6239894695193,1,9711.19968522575,1,0,0.0,1,1.6027540333056698
4274,37,18149.31491514375,Rent,1,882.9542569691424,1,2028.6471134085068,0,0,0.0,0,0.0
4275,27,5875.930332927783,Rent,1,306.67055721468944,1,0.0,0,0,0.0,0,0.0
4276,60,36766.67207602828,Mortgage,1,1249.7919798163207,0,0.0,1,0,0.0,1,0.0
4277,42,35989.800480397935,Mortgage,1,322.10561711627975,0,0.0,0,0,0.0,1,14.972467827125115
4278,42,30919.434384727116,Rent,1,408.30898335333137,1,2289.242172966583,0,0,0.0,0,0.0
4279,91,74995.75260712681,Own,1,3790.7592045316137,1,93120.49726525797,1,1,10629.482632630396,1,4.106180878144265
4280,54,63769.70214696119,Mortgage,1,747.8368599394372,1,2558.6631362641183,1,0,0.0,1,2336.4363290971432
4281,51,20597.508593919993,Mortgage,1,1223.6530257424183,0,0.0,0,0,0.0,1,0.0
4282,76,847409.1174496354,Own,1,5722.017948928376,1,96758.46639356414,1,1,19265.580571218754,1,21.523071971842654
4283,66,49649.79303225161,Own,1,4628.223839299894,1,93560.21843342259,0,0,0.0,1,1.2337585892129133
4284,75,108147.71166426892,Own,1,3324.291386871744,1,44890.48194449662,1,1,4517.356287695847,1,0.0
4285,87,209440.00970943843,Own,1,7340.389667947944,1,94800.62026203844,1,1,5564.209807677446,1,6234.492835273403
4286,43,31479.11042608657,Rent,1,1059.6275729949489,1,3341.571254353597,0,0,0.0,0,0.0
4287,26,525.5206015037594,Rent,0,0.0,0,0.0,0,0,0.0,0,0.0
4288,50,16981.149754234604,Rent,1,425.23824490519473,1,3865.7265405202893,0,0,0.0,0,0.0
4289,68,52063.523855956984,Own,1,2707.973959968379,1,9273.37362676681,0,0,0.0,1,3.0570354445243715
4290,69,42586.42777657358,Own,1,2177.5865909772483,1,38490.843162566416,0,0,0.0,1,0.0
4291,28,525.5206015037594,Rent,0,0.0,0,0.0,0,0,0.0,0,0.0
4292,75,39452.358131341214,Own,1,1161.3821419035382,1,8749.354953771543,0,0,0.0,1,14.322284406579996
4293,75,229593.77492237615,Own,1,6391.731498977182,1,93616.90529692546,1,1,16235.724805820735,1,3.597209906107012
4294,29,11758.8007085683,Rent,0,0.0,0,0.0,0,0,0.0,0,0.0
4295,28,33797.93684242341,Mortgage,1,1207.1467992094163,1,4110.6742992354075,0,0,0.0,1,12.103207614287411
4296,88,625861.2908889991,Own,1,5943.267697256037,1,95248.15273493539,1,1,35573.17686215968,1,3.783735975123971
4297,68,51420.29057865047,Mortgage,1,1577.5947678108505,1,3006.3524101638527,1,0,0.0,1,3768.3565666152226
4298,58,51999.800157726626,Mortgage,1,1552.653935201823,1,4331.569081944943,0,0,0.0,1,1.4156249608207034
4299,53,72193.46066757411,Mortgage,1,2435.725489041847,1,3981.500582575506,0,0,0.0,1,13.383533413591627
4300,84,719923.9846626569,Own,1,9500.101242888984,1,96758.46639356414,1,1,21437.3194980631,1,3.947362931122983
4301,41,33568.030519041786,Mortgage,1,1596.1713688032582,1,3939.5828452649575,1,0,0.0,1,0.0
4302,27,10124.438178534167,Rent,1,582.3267360197656,1,1574.0779962137603,0,0,0.0,0,0.0
4303,62,49673.46141454284,Mortgage,1,1621.9516526289733,0,0.0,0,0,0.0,1,13.08141290641538
4304,26,36105.65516232619,Rent,1,1250.5493055884726,1,1597.5031010164025,0,0,0.0,0,0.0
4305,63,38826.41931517386,Mortgage,1,2767.458432796118,1,8764.772086567891,1,0,0.0,1,5590.0516455194165
4306,77,107002.2110763761,Own,1,7829.419912225376,1,46932.36451649795,0,1,1.4096266729746716,1,5.8022218740476434
4307,26,11287.28835501456,Rent,1,365.12108265411905,1,1572.116530990275,0,0,0.0,0,0.0
4308,79,56597.40762210519,Own,1,8176.784747810643,1,38978.546951045886,0,0,0.0,1,0.5412934303217587
4309,77,35811.010828585306,Rent,1,1212.364345379147,1,1009.6361778911958,0,0,0.0,0,0.0
4310,28,525.5206015037594,Rent,0,0.0,0,0.0,0,0,0.0,0,0.0
4311,53,22534.758028646276,Mortgage,1,1275.7143777869599,0,0.0,0,0,0.0,1,2365.2198912534777
4312,57,28085.8175757753,Mortgage,1,2206.1928425665933,1,3857.8508817254015,1,0,0.0,1,0.0
4313,40,37879.48969914951,Rent,1,507.96509960512816,1,778.1405160139059,0,0,0.0,0,0.0
4314,39,15136.296219482192,Rent,1,533.7774759638064,1,5346.758152264112,0,0,0.0,1,29.675861086997966
4315,68,37782.00418196848,Own,1,2351.0862914660265,1,10237.962062088607,0,0,0.0,1,7453.06208352318
4316,33,11120.373217630424,Rent,1,798.9052617644544,1,3762.921575007332,0,0,0.0,0,0.0
4317,41,25732.170198193948,Rent,1,1315.6261877313045,1,1158.9824297092057,0,0,0.0,0,0.0
4318,88,104481.36165155473,Own,1,6193.295159078178,1,96758.46639356414,1,1,4738.717049724128,1,14.64625321375688
4319,73,44304.00050787248,Mortgage,1,2241.1878714579816,1,39417.544766597086,0,0,0.0,1,2654.1823997345355
4320,74,27500.938765225874,Mortgage,1,822.1044438338579,0,0.0,0,0,0.0,1,0.0
4321,68,620117.4322265391,Mortgage,1,3378.7597295285773,1,9980.452524954042,1,0,0.0,1,0.0
4322,48,26715.212586781676,Mortgage,1,1137.1653114123537,1,3585.099842051784,0,0,0.0,1,3054.5544781932736
4323,33,11393.807049076848,Rent,1,0.0,1,2405.50978874062,0,0,0.0,0,0.0
4324,71,52183.29214655449,Own,1,2060.0061767716275,1,46414.23994719637,0,0,0.0,1,1.461748718616723
4325,44,35444.946490679155,Mortgage,0,0.0,0,0.0,0,0,0.0,1,0.0
4326,42,9811.425692848814,Rent,1,351.10516265303534,1,1646.7057353418338,0,0,0.0,0,0.0
4327,44,23678.576722649952,Rent,1,865.1671683527817,1,3777.1929301834944,0,0,0.0,0,0.0
4328,41,32927.88192431005,Mortgage,1,2169.0959958108415,1,2223.713346886767,0,0,0.0,1,0.0
4329,68,35634.500201612966,Rent,1,1742.156425896279,1,2436.122809426828,0,0,0.0,1,5.341853632344978
4330,28,33623.951835907654,Mortgage,1,2286.7268644538563,1,2456.3487324907965,0,0,0.0,1,0.0
4331,30,24252.04850720835,Rent,1,256.6384729784022,1,149.07022346578015,0,0,0.0,0,0.0
4332,45,62743.35472948879,Mortgage,1,1796.9356028867837,1,4367.197438841786,0,0,0.0,1,4280.530510515579
4333,52,48740.56887690786,Mortgage,1,1208.533550260417,1,4170.655450523889,0,0,0.0,1,0.0
4334,59,36620.776012905124,Mortgage,1,7435.693591925479,1,48912.65410109681,0,0,0.0,1,9918.270322123552
4335,72,38898.28871562335,Own,1,2439.7650950724355,1,2215.2502027014457,0,0,0.0,1,0.0
4336,63,48523.767618622616,Mortgage,1,2096.3907082024625,1,4851.556616638996,0,0,0.0,1,9.657718914619156
4337,28,22063.26338717039,Rent,1,992.9052575071867,1,2226.4958293524614,0,0,0.0,0,0.0
4338,43,21647.12276370373,Rent,1,1287.406013661711,1,2953.4483523186927,0,0,0.0,0,0.0
4339,27,37415.29938935888,Rent,1,633.2363630353111,1,3219.3538760631245,0,0,0.0,0,0.0
4340,91,196706.48552433454,Own,1,24981.248165394354,1,96758.46639356414,1,1,4938.655829760441,1,17.890382835354004
4341,62,27740.44514482552,Mortgage,1,1922.221911153184,1,3120.314942173026,1,0,0.0,1,6220.26252049422
4342,79,86684.57776607583,Own,1,4242.073455482204,1,95418.2106339137,1,1,11578.543967034459,1,2.2687266828897905
4343,36,26535.672512590394,Mortgage,1,615.9506763795368,1,2540.585880977259,0,0,0.0,0,0.0
4344,72,34725.23134349805,Own,1,1870.0404753658406,1,1563.52963124798,0,0,0.0,1,0.0
4345,58,32848.84742489558,Mortgage,1,1998.7858074144913,1,3299.320405940506,0,0,0.0,1,3983.6170233625603
4346,34,33246.34584389349,Rent,1,680.3432554209542,1,3393.8395316764286,0,0,0.0,0,0.0
4347,74,861429.036859052,Own,1,5882.2649423578805,1,94889.5259223828,1,1,12088.977025989932,1,17.773272503046833
4348,48,16930.894292129007,Mortgage,1,606.9101387613023,1,3551.5016051100793,0,0,0.0,1,10.698960972772525
4349,88,138253.15792462352,Own,1,4339.911095455387,1,80233.98915186009,1,1,12255.315990111361,1,14508.109387321614
4350,38,17791.417193139125,Rent,1,564.9141536342679,1,2720.29550409223,0,0,0.0,0,0.0
4351,47,15372.433147413642,Mortgage,1,1537.4567251891992,0,0.0,0,0,0.0,1,1.7710912498938165
4352,28,21412.538499124792,Rent,1,834.3610006432444,1,1625.3697484988252,0,0,0.0,0,0.0
4353,65,103247.6606709088,Own,1,4143.814673513912,1,84216.03854219864,0,0,0.0,1,11.796518398394658
4354,27,14832.024208676525,Rent,1,787.2360188191857,1,2616.925849962595,0,0,0.0,0,0.0
4355,74,91188.27388862023,Own,1,7579.268698147853,1,84640.14335039427,1,1,17502.978709981227,1,18174.901728712324
4356,68,35989.09660489084,Mortgage,1,4116.749170540938,1,9988.862481854092,0,0,0.0,1,0.0
4357,40,35112.42511034582,Mortgage,1,1364.1785507336124,1,4832.044325712017,0,0,0.0,1,7.9558899364863365
4358,64,35827.90773041838,Mortgage,1,2169.4201919594025,1,9997.857489129663,1,0,0.0,1,6863.683557480994
4359,72,119730.88846409609,Own,1,6284.116262309104,1,79964.70165252611,1,1,4406.448904578023,1,2.898313867920352
4360,27,525.5206015037594,Rent,0,0.0,0,0.0,0,0,0.0,0,0.0
4361,44,48941.75806949551,Mortgage,1,2190.2238864675073,1,2606.5449602363865,1,0,0.0,1,6495.214901879685
4362,87,136715.9037723131,Own,1,34175.255068001235,1,83744.95879078211,1,1,5437.228171669627,1,14.544629232034463
4363,91,105115.53346811587,Own,1,11638.107429898766,1,95268.66146983461,1,1,18677.32387262811,1,6465.688814156554
4364,75,121609.07167865697,Own,1,4046.711470846465,1,46875.37189686548,0,1,10843.821358722016,1,1.4994684754020022
4365,43,13408.28093259655,Rent,1,883.3394822173473,1,2316.987743484208,0,0,0.0,0,0.0
4366,44,9073.632864407544,Rent,1,631.2514230320371,1,609.3591351173516,0,0,0.0,0,0.0
4367,35,8671.684261095505,Rent,1,1471.8501388894113,1,1968.209808218943,0,0,0.0,0,0.0
4368,74,34543.3615380729,Own,1,5191.611873291893,1,36006.8954003212,0,0,0.0,1,7150.974057896867
4369,34,11236.862621046956,Rent,1,512.3086039039193,0,0.0,0,0,0.0,0,0.0
4370,49,27541.784869688323,Mortgage,1,1977.5547490442082,0,0.0,0,0,0.0,1,0.0
4371,27,525.5206015037594,Rent,0,0.0,0,0.0,0,0,0.0,0,0.0
4372,40,24576.297999665476,Rent,1,887.9180779167444,1,1357.000839640758,0,0,0.0,0,0.0
4373,58,40493.20684072129,Mortgage,1,2126.2937866073385,1,9190.648869249551,1,0,0.0,1,21.642202828846276
4374,91,195809.8037375066,Own,1,6480.915108004586,1,93568.27962708383,1,1,18010.233946202457,1,5.504878335814299
4375,61,43198.305427926934,Mortgage,1,1850.6793753455693,1,2983.4598968561913,1,0,0.0,1,2519.0915758428605
4376,67,79043.77708814006,Own,1,32923.30141734855,1,96758.46639356414,1,1,4557.3372359210625,1,0.378826423708693
4377,48,11410.285088722792,Rent,1,740.8264323577514,0,0.0,0,0,0.0,0,0.0
4378,46,28096.08819054146,Rent,1,1519.7418977817752,1,3358.581165382988,0,0,0.0,0,0.0
4379,34,7822.9360738274045,Rent,0,0.0,0,0.0,0,0,0.0,0,0.0
4380,54,58234.69198670902,Mortgage,1,1890.2137480118995,1,9708.759404326176,1,0,0.0,1,0.0
4381,35,525.5206015037594,Rent,0,0.0,0,0.0,0,0,0.0,0,0.0
4382,29,17801.586793153303,Rent,1,176.12570348162046,1,816.0560457459562,0,0,0.0,0,0.0
4383,38,17057.467160240405,Rent,1,742.9993665819466,1,1066.363012127372,0,0,0.0,0,0.0
4384,47,44163.81261750835,Rent,1,2243.975151909034,1,2701.6874507025764,0,0,0.0,0,0.0
4385,78,115592.05376816427,Own,1,3452.5443097908715,1,91677.7060896956,1,1,9052.328485594313,1,0.0
4386,45,40868.57988849146,Own,1,3846.019139602844,1,37842.74197227113,0,0,0.0,1,0.0
4387,26,4635.933894711166,Rent,1,848.8706308072547,1,1549.9468926870254,0,0,0.0,0,0.0
4388,90,222077.56929979075,Own,1,5885.004567435269,1,96705.09488798151,1,1,8720.943466592904,1,0.0
4389,64,33886.31780909704,Mortgage,1,1489.901130322234,1,3293.3550317151658,1,0,0.0,1,2025.1128534484542
4390,57,43950.97027254912,Mortgage,1,723.3286076032769,0,0.0,1,0,0.0,1,0.0
4391,27,17077.454132545176,Rent,1,215.0308585267344,1,852.6435455716819,0,0,0.0,0,0.0
4392,47,43353.19232222224,Rent,1,902.4304629627429,1,2459.324085089268,0,0,0.0,0,0.0
4393,76,48387.479854378595,Own,1,5253.928844073076,1,35806.54512735006,1,0,0.0,1,9.222161674887797
4394,62,112043.38304822613,Own,1,2622.404500786614,1,38905.54725794866,0,1,4656.4339569812,1,21.75045609402519
4395,71,64173.946568705134,Own,1,2035.6540786803334,1,37402.91715901306,0,0,0.0,1,13.303836830705833
4396,50,22431.124370741203,Own,1,907.362078113687,1,1904.027026440043,0,0,0.0,1,5.683815922832045
4397,56,100823.99831853401,Own,1,3189.567290819645,1,90824.64195975028,1,1,0.0,1,0.0
4398,31,20085.865528396964,Rent,1,406.50032025452873,1,906.6644728893075,0,0,0.0,0,0.0
4399,62,52966.130745611816,Mortgage,1,1484.0159761994005,1,9217.767382957387,1,0,0.0,1,6700.285944586327
4400,56,50986.849344610826,Own,1,1784.66511799354,1,8679.475304735404,1,0,0.0,1,2776.0847114723565
4401,38,11468.029366156954,Rent,0,0.0,0,0.0,0,0,0.0,0,0.0
4402,72,72891.2963646033,Own,1,4255.142563135153,1,9330.095822240753,0,1,0.0,1,20.52084566485215
4403,42,30273.3942304328,Mortgage,1,2207.57664523236,1,3226.727568983448,0,0,0.0,0,0.0
4404,70,117941.33357926633,Own,1,4787.157179801186,1,83880.94962975442,0,0,0.0,1,0.0
4405,26,23063.140355555686,Rent,1,955.8518374113811,1,3927.692195224191,0,0,0.0,0,0.0
4406,56,40569.2960453727,Mortgage,1,2476.954364224385,1,3455.3721051594935,1,0,0.0,1,2616.5132217413097
4407,76,119407.62222338511,Rent,1,1196.0403494641437,1,3240.9418115161316,0,0,0.0,0,0.0
4408,89,187840.20845218087,Own,1,28044.680556618277,1,96758.46639356414,1,1,9547.427487628302,1,6202.833021436958
4409,77,109516.56992692723,Own,1,3586.931964681814,1,47169.082454116004,1,1,7139.492606312121,1,7.508731701018877
4410,58,42067.624968979944,Own,1,2870.031910804801,1,8286.302351636006,1,0,0.0,1,2.986828218829178
4411,78,38872.39866684204,Own,1,1245.3614629923027,1,34940.084098561965,0,0,0.0,0,0.0
4412,55,44103.61533514374,Mortgage,1,2127.3126918043367,0,0.0,1,0,0.0,1,4353.685538846804
4413,26,525.5206015037594,Rent,0,0.0,0,0.0,0,0,0.0,0,0.0
4414,36,780.4268591176296,Rent,0,0.0,0,0.0,0,0,0.0,0,0.0
4415,78,120630.73488586475,Own,1,4161.7168078102695,1,77172.83326083349,1,1,9788.832559772052,1,14.638153092451478
4416,47,10604.335023238855,Rent,0,0.0,0,0.0,0,0,0.0,0,0.0
4417,63,33286.73398114942,Mortgage,1,2437.611302804363,1,4353.9371889835,0,0,0.0,1,2769.10789373913
4418,59,32821.58210250375,Mortgage,1,2413.669891167071,1,10027.830984184255,1,0,0.0,1,2402.5588260803033
4419,38,19951.515583891516,Rent,1,515.1264929146415,1,1512.3149488425204,0,0,0.0,0,0.0
4420,38,4994.687676282067,Rent,0,0.0,0,0.0,0,0,0.0,0,0.0
4421,38,51963.4272070467,Rent,1,1909.9774159603257,1,4165.909858891871,0,0,0.0,0,0.0
4422,30,622.4049269894567,Rent,0,0.0,0,0.0,0,0,0.0,0,0.0
4423,69,40505.07001722537,Mortgage,1,1083.5819789597515,1,8777.886496268877,1,0,0.0,1,6586.342129972585
4424,56,27489.733270587923,Own,1,2069.954187416852,1,3924.1633512141034,0,0,0.0,1,8.805350859285117
4425,44,68821.06051321438,Mortgage,1,2394.863981273339,1,4729.23991201204,0,0,0.0,1,2.262085384420232
4426,44,11084.751035078114,Rent,1,443.4475161536667,1,877.4120390752717,0,0,0.0,0,0.0
4427,35,4696.150313635118,Rent,1,464.2364292370272,1,751.0475909033942,0,0,0.0,0,0.0
4428,60,28872.352424136832,Mortgage,1,1739.1910125175991,1,6056.09850331651,0,0,0.0,1,11.123920970983939
4429,76,99976.18368351803,Own,1,3676.189026863051,1,76912.7334956157,1,1,8884.53563684506,1,0.0
4430,47,61772.54900801969,Mortgage,1,1283.7924179595846,1,9619.652641161896,0,0,0.0,1,0.0
4431,73,88095.31570045387,Own,1,4337.404732970361,1,96187.21978542689,1,1,11647.555437708435,1,6.49279426162341
4432,36,3584.3196322417516,Rent,0,0.0,0,0.0,0,0,0.0,0,0.0
4433,55,59423.14808740758,Mortgage,1,1580.1238759480614,1,3348.0732667024417,1,0,0.0,1,7.999940478747375
4434,70,30916.20496672458,Rent,1,2133.3680476067134,1,39860.64111147124,0,0,0.0,1,5.347504192862535
4435,38,10661.313013480125,Rent,0,0.0,0,0.0,0,0,0.0,0,0.0
4436,64,37637.47134554519,Mortgage,1,2212.294325124496,1,4147.698007222193,0,0,0.0,1,16.531950439892427
4437,28,2420.079783554389,Rent,0,0.0,0,0.0,0,0,0.0,0,0.0
4438,35,20752.745585060053,Rent,1,797.2112155933957,1,1246.7506754420924,0,0,0.0,0,0.0
4439,91,240089.50389612,Own,1,25415.792683771077,1,96247.63756352135,1,1,5100.8206571726605,1,15.742380852824736
4440,30,5938.181608271801,Rent,1,382.5336945914866,0,0.0,0,0,0.0,0,0.0
4441,89,88981.99588719831,Own,1,31864.35730819332,1,88163.35396665955,1,1,12363.144775660632,1,5.471462581989024
4442,28,57051.410590305684,Rent,1,802.1500127612011,1,1542.1747448103904,0,0,0.0,1,11.00252328151611
4443,72,30107.526325102914,Own,1,1868.8815459109221,1,1405.6524887051924,0,0,0.0,1,0.9506579728688774
4444,40,18262.5877906988,Rent,1,516.4595186660065,1,2774.5619881861635,0,0,0.0,0,0.0
4445,78,35472.145656297515,Rent,1,2416.8033439463193,1,36115.203831986044,0,0,0.0,1,22.854383479071917
4446,78,129563.06389673051,Own,1,4671.679269464501,1,80072.10061461244,1,1,7397.359962391095,1,0.0
4447,74,40153.09427740806,Own,1,2282.260190110095,1,37553.71165426529,0,0,0.0,1,0.0
4448,55,18694.68764962925,Mortgage,1,1986.3286173772144,1,2995.6495375635413,0,0,0.0,1,0.46426677733055555
4449,69,60023.740272882766,Own,1,2541.3218977235674,1,36117.791311702036,0,0,0.0,1,4001.1365479647966
4450,62,32975.596264011045,Own,1,1851.2519764751382,1,35839.10657600198,0,0,0.0,1,0.0
4451,36,22141.124267503343,Rent,1,598.9330547364129,1,2038.4892612242231,0,0,0.0,0,0.0
4452,37,7200.4464837840405,Rent,1,697.2226925200198,1,2715.7324246035023,0,0,0.0,0,0.0
4453,55,26558.20401779649,Mortgage,1,2543.8440707165464,0,0.0,1,0,0.0,1,16.903867159192064
4454,29,17642.017848946212,Rent,0,0.0,0,0.0,0,0,0.0,0,0.0
4455,78,924409.2771371558,Own,1,9994.275146749267,1,94757.94154346318,1,1,9669.219791377205,1,5.060473040214479
4456,38,17789.428830923436,Rent,1,598.2987986253715,1,2077.8953613996305,0,0,0.0,0,0.0
4457,37,7032.053984889446,Rent,0,0.0,1,471.2180896495381,0,0,0.0,0,0.0
4458,44,11117.183301444515,Rent,1,572.094282829353,1,1897.0618590629263,0,0,0.0,0,0.0
4459,29,525.5206015037594,Rent,0,0.0,0,0.0,0,0,0.0,0,0.0
4460,65,72231.93884366623,Own,1,3231.602855007316,1,8110.252386356833,1,0,0.0,1,13.510780411918065
4461,29,43734.872586062535,Rent,1,665.6645313038713,1,2244.451662791411,0,0,0.0,0,0.0
4462,65,61648.83992115492,Mortgage,1,976.6891638457475,1,8230.17238216084,1,0,0.0,1,1.521928164348514
4463,65,30202.116164148312,Mortgage,1,3891.145362722076,1,9705.300880358942,1,0,0.0,1,1.326647531283478
4464,34,31625.155808328618,Rent,1,141.40095596484048,1,1712.3716120545905,0,0,0.0,1,0.0
4465,89,128442.97025614203,Own,1,6685.497207510775,1,81905.89386665958,1,1,8859.537162162307,1,23.108725285559355
4466,60,49920.184785842524,Mortgage,1,2325.5273823420675,1,2770.2507193541887,0,0,0.0,1,0.0
4467,56,42498.245334728075,Mortgage,1,1850.068521730411,1,3786.852968219553,0,0,0.0,1,2699.351377033918
4468,54,31582.789420357094,Mortgage,1,1071.3875327931098,0,0.0,0,0,0.0,0,0.0
4469,59,67352.98466138897,Mortgage,1,838.6118118078382,1,9242.057974056384,1,0,0.0,1,5276.512949733508
4470,28,525.5206015037594,Rent,0,0.0,0,0.0,0,0,0.0,0,0.0
4471,59,33299.32143440133,Mortgage,1,1543.4590088344178,1,9092.733791457087,1,0,0.0,1,6364.8381760501925
4472,56,37838.63381577433,Mortgage,1,450.6836756942467,1,3722.0736191282494,0,0,0.0,1,0.996916962140028
4473,43,24876.302270793327,Mortgage,1,689.1197618567916,1,3205.728142074109,0,0,0.0,0,0.0
4474,41,36408.73219415953,Rent,1,1343.8020635477878,1,3867.464751408761,0,0,0.0,0,0.0
4475,42,20229.484347245885,Mortgage,1,593.2361634478359,0,0.0,0,0,0.0,0,0.0
4476,47,64836.87533944613,Mortgage,1,2301.0839173867394,1,1775.3420321431754,0,0,0.0,1,4.217258672643642
4477,75,126197.06398307421,Own,1,7398.292642560939,1,38721.583232219265,0,1,6455.512078364325,1,0.0
4478,71,66416.37935485243,Own,1,5927.458661820736,1,41292.58900612539,0,0,0.0,1,0.0
4479,73,73990.47950067693,Own,1,2904.6337882979983,1,40622.30455397698,0,0,0.0,1,4.340356236146853
4480,28,525.5206015037594,Rent,0,0.0,0,0.0,0,0,0.0,0,0.0
4481,74,209647.0880131435,Own,1,29478.110221137358,1,96270.32649842817,1,1,6650.693397970546,1,9161.536080931246
4482,38,5872.544712799647,Rent,1,573.0267034311768,0,0.0,0,0,0.0,0,0.0
4483,32,12344.393942343606,Rent,1,828.7057368575274,1,816.8041202098095,0,0,0.0,0,0.0
4484,59,30176.152223115125,Mortgage,1,1382.3583491160534,0,0.0,0,0,0.0,1,0.0
4485,75,74633.82495227118,Own,1,5425.417532219477,1,38566.10557535569,0,1,10069.556126435114,1,9.486413864648517
4486,72,80930.62667561337,Own,1,33701.00506566551,1,93221.61370290176,1,1,21094.578532285603,1,7.403322990182192
4487,39,39402.49433339352,Mortgage,1,1497.761390465079,1,3963.537046747038,0,0,0.0,1,0.0
4488,41,48377.029057098924,Mortgage,1,420.34067259602085,0,0.0,0,0,0.0,1,13.248736982058423
4489,49,18777.17453838235,Rent,1,789.7630804894002,1,3873.7883442272546,0,0,0.0,0,0.0
4490,65,95891.41218386838,Own,1,6758.508858035425,1,37669.514461537074,0,1,0.0,1,0.0
4491,56,43522.3625521145,Mortgage,1,2627.610132087087,1,2433.1168312079403,1,0,0.0,1,0.0
4492,88,207832.89403329676,Own,1,12277.577835324868,1,94315.7053821907,1,1,4602.365005831793,1,3.9827724261780957
4493,74,53990.787404792194,Own,1,2777.2146743579588,1,36192.08313852459,0,0,0.0,1,0.0
4494,76,62722.954516041136,Own,1,2763.9560926365248,1,38423.59840340487,0,0,0.0,1,2.0779082504567308
4495,27,4812.168918794483,Rent,1,745.6933002740091,0,0.0,0,0,0.0,0,0.0
4496,76,106288.193643489,Own,1,4419.029375229145,1,79035.78162625228,1,1,4562.910079859008,1,4.354515929039436
4497,58,21035.452865737956,Mortgage,1,1998.6093224368283,1,4082.2255810274223,0,0,0.0,1,2873.056014645207
4498,27,7954.071586934289,Rent,0,0.0,0,0.0,0,0,0.0,0,0.0
4499,59,38575.96867172158,Mortgage,1,1303.7054066566757,1,3658.713349085047,0,0,0.0,1,0.0
4500,37,17540.100502274086,Rent,1,854.1379690426467,1,2596.6627255068597,0,0,0.0,0,0.0
4501,78,230548.6689989578,Own,1,34344.88943518663,1,96758.46639356414,1,1,11333.649396171782,1,10.400435958254834
4502,82,130461.0001886111,Own,1,8248.292323635662,1,79744.02127737948,1,1,5008.670352329158,1,7469.8911710863795
4503,29,6713.811500083339,Rent,0,0.0,0,0.0,0,0,0.0,0,0.0
4504,50,33153.80819884613,Mortgage,1,1209.4239185512497,1,3637.8997911812958,0,0,0.0,1,0.0
4505,29,15387.022005667814,Rent,1,979.0245373112925,1,1511.4721464836869,0,0,0.0,0,0.0
4506,67,30506.539790417064,Own,1,1892.1901686552922,1,41915.93099814408,0,0,0.0,1,3.0197022958156126
4507,78,44788.27399688269,Rent,1,1571.729664527841,1,37231.064372357236,0,0,0.0,0,0.0
4508,74,117323.06962111077,Own,1,4191.697978432155,1,37942.265340123085,0,0,0.0,1,11.979008424274156
4509,56,62877.440938910724,Mortgage,1,3359.9407989086085,1,8564.926871444854,1,0,0.0,1,13.259263134751091
4510,55,50158.7429880578,Mortgage,1,1059.5861856010324,1,2033.5865983265362,1,0,0.0,1,0.0
4511,45,33204.65295726192,Rent,1,1430.1467763789863,1,2061.120646283034,1,0,0.0,0,0.0
4512,61,71615.76280760577,Mortgage,1,4177.708505235654,1,8630.302062494675,1,0,0.0,1,0.0
4513,70,50386.04726504575,Own,1,2503.432008543068,1,9132.754929269462,0,0,0.0,1,7513.684921482312
4514,75,132465.3547218725,Own,1,3716.7236843126475,1,85058.38980445535,1,1,11253.13570091732,1,0.0
4515,27,25060.3719902663,Rent,1,1260.2833073878178,1,3281.494639419495,0,0,0.0,1,5.84008919021208
4516,91,820807.0897543663,Own,1,6707.549779098576,1,43001.36330913401,1,1,4732.066059563129,1,14.609911804251212
4517,69,37822.7237116855,Own,1,2096.3017479517603,1,602.2094782670986,0,0,0.0,1,16.77503317789046
4518,75,245540.41919545838,Own,1,2651.2923050251325,1,44549.64673385515,1,1,3859.7940110804034,1,18.810128080181787
4519,88,127712.58506838087,Own,1,7317.625219686621,1,96712.89246288524,1,1,4079.60828262126,1,11.922851254477361
4520,50,38440.69441198491,Mortgage,1,7720.699797980035,1,3837.069053068027,1,0,0.0,1,0.0
4521,60,38874.468466383514,Mortgage,1,1208.9413660662353,1,3448.78906827135,1,0,0.0,1,0.0
4522,75,139423.5898566168,Own,1,5379.073223023992,1,44149.61307977862,1,1,10061.507378930593,1,25.282795841426992
4523,33,525.5206015037594,Rent,0,0.0,0,0.0,0,0,0.0,0,0.0
4524,35,1292.9156692513643,Rent,0,0.0,0,0.0,0,0,0.0,0,0.0
4525,54,43196.8942501063,Mortgage,1,2103.4661725085034,1,9737.345127520703,0,0,0.0,1,0.0
4526,42,31081.73136757011,Rent,1,758.4013210011841,1,3222.8080413831894,0,0,0.0,0,0.0
4527,30,6393.023121856693,Rent,1,820.1876393608222,0,0.0,0,0,0.0,0,0.0
4528,52,67448.4703467725,Mortgage,1,1834.5844434619453,0,0.0,1,0,0.0,1,6764.762250670126
4529,59,55453.57883605233,Mortgage,1,814.7381341638721,1,8897.210196199681,1,0,0.0,1,16.453558487174856
4530,30,13512.518627845133,Rent,1,555.2683346149636,0,0.0,0,0,0.0,0,0.0
4531,28,4860.434771914544,Rent,0,0.0,0,0.0,0,0,0.0,0,0.0
4532,64,26509.107299423744,Mortgage,1,1347.8890871669635,0,0.0,1,0,0.0,1,10.2302813457848
4533,77,29000.33176316214,Mortgage,1,575.6059315398854,0,0.0,0,0,0.0,1,0.0
4534,34,10759.117096928798,Rent,1,1067.479504850444,1,1597.1689782567298,0,0,0.0,0,0.0
4535,60,37645.541114290034,Mortgage,1,1211.2938426765352,1,2008.8360042565005,1,0,0.0,1,4025.4406170388415
4536,46,52897.09377622619,Own,1,2219.5837035787017,1,9251.559637233124,1,0,0.0,1,5709.973696780871
4537,77,47590.3282087505,Own,1,2147.559888645435,1,37554.3062847295,0,0,0.0,1,0.0
4538,78,143808.95719742432,Own,1,8794.592954502054,1,40305.17417080929,1,1,7181.947681825869,1,0.4857677370707989
4539,73,44768.74929611927,Own,1,773.4853028426433,0,0.0,0,0,0.0,1,0.0
4540,27,35941.481683705606,Rent,1,897.7038326180146,1,4657.204957978233,0,0,0.0,0,0.0
4541,56,28282.304421912027,Mortgage,1,1293.9764582270982,1,2486.88875291813,0,0,0.0,1,2700.127435858944
4542,63,37656.23181263177,Mortgage,1,4473.854670164398,1,9463.1866271172,1,0,0.0,1,7330.869938101892
4543,49,66796.70010514726,Mortgage,1,1191.162606459731,1,3621.8568404313437,1,0,0.0,1,3559.2159353573998
4544,62,37476.20579239481,Mortgage,1,821.4395710869596,1,2535.290637632281,1,0,0.0,1,4.074624948215749
4545,27,5718.068680586122,Rent,0,0.0,0,0.0,0,0,0.0,0,0.0
4546,48,47579.86448551941,Mortgage,1,1326.1957204480252,1,4177.111110582375,1,0,0.0,1,0.0
4547,52,56945.6866912577,Mortgage,1,1434.9502555341223,1,3501.4403038026257,0,0,0.0,1,0.0
4548,67,122649.08993211112,Own,1,2409.0813661904067,1,36371.13392413902,0,0,0.0,1,27.7295090711764
4549,52,39536.67245668663,Mortgage,1,967.4135263258329,1,3624.3387112798246,1,0,0.0,1,0.0
4550,44,5704.412378196203,Rent,0,0.0,0,0.0,0,0,0.0,0,0.0
4551,58,46494.70328670544,Mortgage,1,1239.293855314727,0,0.0,1,0,0.0,1,5098.906098895351
4552,47,30107.64983235884,Mortgage,1,1486.2744066299729,1,4468.040157396203,0,0,0.0,1,6.1767894056039
4553,47,24713.937104884993,Mortgage,1,968.9452588509891,0,0.0,0,0,0.0,1,21.81407358568188
4554,27,9704.771689289213,Rent,1,653.6097768266571,1,1946.1835148334737,0,0,0.0,0,0.0
4555,86,31268.327470434433,Mortgage,1,7668.5336038585565,1,9944.24717495935,0,1,11775.506020752777,1,23.10202891827993
4556,75,38092.73947210527,Own,1,2416.526583413166,1,39801.01664871721,0,0,0.0,1,3690.9459305778496
4557,84,69806.91971479057,Own,1,3427.114279637251,0,0.0,1,1,12561.867634391432,1,12.554111029451146
4558,54,36816.53128492384,Mortgage,1,919.8324113885277,1,9901.82590180483,1,0,0.0,1,2398.0015590635385
4559,26,525.5206015037594,Rent,0,0.0,0,0.0,0,0,0.0,0,0.0
4560,37,39739.92595517048,Rent,1,1595.8132774581397,0,0.0,0,0,0.0,0,0.0
4561,38,17281.608931771934,Rent,1,0.0,1,2808.3571303930653,0,0,0.0,0,0.0
4562,36,9845.597227188417,Rent,0,0.0,0,0.0,0,0,0.0,0,0.0
4563,65,61200.856856979655,Mortgage,1,1093.306312809107,1,8926.33197322326,1,0,0.0,1,11.368819978456388
4564,56,57947.482590420856,Mortgage,1,1905.397673175356,1,2875.148435595567,0,0,0.0,1,4.477312366277801
4565,58,37426.451812213716,Mortgage,1,2494.912386242177,1,2822.7085444358104,0,0,0.0,1,6552.827505089665
4566,75,119346.09480008448,Own,1,4599.757298525968,1,47857.50577084413,0,1,4246.960225049703,1,1.6488824218879732
4567,43,41241.9553959941,Mortgage,1,1220.4101808412859,1,4272.672427100739,0,0,0.0,1,0.0
4568,37,2036.6278160401598,Rent,0,0.0,0,0.0,0,0,0.0,0,0.0
4569,60,30799.512299307222,Mortgage,1,652.9277935470366,0,0.0,1,0,0.0,1,0.0
4570,35,525.5206015037594,Rent,0,0.0,0,0.0,0,0,0.0,0,0.0
4571,26,2482.9013297330257,Rent,0,0.0,1,0.0,0,0,0.0,0,0.0
4572,35,13181.97981141423,Rent,1,0.0,0,0.0,0,0,0.0,0,0.0
4573,91,85493.73220944055,Own,1,5774.834738834281,1,96247.7198215253,1,1,5557.671141153828,1,18.555157488010817
4574,27,8393.649354473226,Rent,0,0.0,0,0.0,0,0,0.0,0,0.0
4575,46,35264.50465226689,Mortgage,1,1632.4531452459032,1,4792.752482437851,0,0,0.0,0,0.0
4576,59,39302.027406734895,Mortgage,1,3061.6835477916293,1,4693.22675753015,1,0,0.0,1,5.624771645521761
4577,69,48605.031707722526,Own,1,2931.4338114669276,1,35133.708691017455,0,0,0.0,1,1.9858256909815104
4578,66,84435.86823904645,Own,1,1809.9426222428283,1,7746.003714685397,0,0,0.0,1,10.373239976190888
4579,26,525.5206015037594,Rent,0,0.0,0,0.0,0,0,0.0,0,0.0
4580,37,3442.7774819311144,Rent,0,0.0,0,0.0,0,0,0.0,0,0.0
4581,34,21702.728815870003,Rent,1,838.7235806741121,1,3366.814031113898,0,0,0.0,0,0.0
4582,79,47157.407376503295,Own,1,8592.226748996623,1,43959.55415305937,0,1,14774.976046528533,1,0.0
4583,64,62751.53042909626,Mortgage,1,2075.5332448859717,1,8608.67974428971,1,0,0.0,1,5813.877684827102
4584,37,20893.826350260602,Rent,1,677.6561629867936,1,2556.928834050925,0,0,0.0,0,0.0
4585,91,725369.936900834,Own,1,11449.011613251283,1,92675.33527448658,1,1,4112.212315587132,1,0.0
4586,88,76010.65278751207,Own,1,10873.410308390032,1,79474.70799876907,0,1,4670.103322391317,1,17023.959931394
4587,43,8060.236039439433,Rent,1,772.8874703574979,1,2324.483226127761,0,0,0.0,0,0.0
4588,29,5826.226177393111,Rent,1,130.05421996470523,1,558.6311517606641,0,0,0.0,0,0.0
4589,49,118475.38461181751,Mortgage,1,2311.021710480626,1,4381.7277782434485,0,0,0.0,1,8.112194242650112
4590,60,38235.182096762794,Mortgage,1,1950.0024779856394,0,0.0,1,0,0.0,1,0.0
4591,91,209042.26688739215,Own,1,10929.741094443625,1,96758.46639356414,1,1,22665.029342594367,1,6.278677216988119
4592,46,25091.90397783719,Mortgage,1,448.91709445830526,0,0.0,0,0,0.0,0,0.0
4593,46,33489.881106429515,Rent,1,1325.0993351742761,1,3762.5108422122044,0,0,0.0,1,0.0
4594,29,13590.305924202632,Rent,1,753.6283024360371,1,1018.4307892362215,0,0,0.0,0,0.0
4595,47,19876.09964816121,Mortgage,1,1608.9110026433518,1,4555.115142087961,0,0,0.0,1,2612.2863791696013
4596,59,65183.72188673294,Mortgage,1,2102.568759063473,1,9185.8406642858,1,0,0.0,1,0.0
4597,72,44203.178000266984,Mortgage,1,2808.7285581755878,1,38161.93200845507,0,0,0.0,1,3.678544035147932
4598,37,39027.65935185523,Own,1,2072.9045475870967,1,36536.328563138406,0,0,0.0,1,0.0
4599,34,21185.783182099793,Rent,1,882.7445938395534,1,3480.0649083159287,0,0,0.0,0,0.0
4600,42,28661.24438820333,Rent,1,1041.4307283078065,1,3451.0586750600114,0,0,0.0,0,0.0
4601,28,525.5206015037594,Rent,0,0.0,0,0.0,0,0,0.0,0,0.0
4602,72,43444.783852535315,Own,1,4128.346357848064,1,37952.49672639671,0,0,0.0,1,15.294383068319629
4603,28,14492.031001899706,Rent,1,101.93786161437549,1,2577.578641452723,0,0,0.0,0,0.0
4604,44,18008.22209992302,Rent,1,660.9419060650193,1,3522.077557459118,0,0,0.0,0,0.0
4605,40,6572.06725786797,Rent,0,0.0,0,0.0,0,0,0.0,0,0.0
4606,51,23960.32946346696,Mortgage,0,0.0,0,0.0,0,0,0.0,0,0.0
4607,47,44755.300906278,Mortgage,1,1109.0220165325309,1,9234.491263526408,1,0,0.0,1,0.0
4608,68,46721.367365125465,Mortgage,1,1932.241428824795,1,9001.387728065783,1,0,0.0,1,0.0
4609,87,226119.69181095634,Own,1,5037.090717142505,1,76795.47111101016,1,1,19001.754202291446,1,0.0
4610,73,51345.82200724646,Own,1,902.7632511431112,1,1168.675392586432,0,0,0.0,1,3.8945309161908663
4611,72,47116.30368872541,Own,1,2039.2300316529781,1,8426.161823937806,0,0,0.0,1,5899.205736040233
4612,59,66198.71271995966,Mortgage,1,1404.781989945444,1,9005.637451426472,1,0,0.0,1,6.131423219412665
4613,49,34904.61499103708,Mortgage,1,2765.6072827098365,1,2246.773921735292,1,0,0.0,1,9.110235820716518
4614,61,32487.50145352488,Mortgage,1,2361.113762572486,1,3857.7778584743196,1,0,0.0,1,16.77084494458756
4615,87,101819.07267097347,Own,1,5053.406416351314,1,96758.46639356414,1,1,5408.5939603721035,1,3.232591305990943
4616,54,15046.272841600805,Rent,1,1109.053134651627,1,2177.361102511939,0,0,0.0,0,0.0
4617,51,71149.53431216991,Mortgage,1,1482.8891217155037,1,4646.614011444127,1,0,0.0,1,4325.074866590629
4618,37,13307.521277095275,Rent,1,824.8682492285204,1,4425.776140303225,0,0,0.0,0,0.0
4619,44,12421.813725019856,Rent,1,590.2883348647817,0,0.0,0,0,0.0,0,0.0
4620,53,38165.31350253673,Mortgage,1,1980.9732799500548,1,3893.422034009937,0,0,0.0,1,0.0
4621,73,43208.46663317098,Own,1,4753.311456837925,1,37442.74846600264,0,0,0.0,1,6.689331840273584
4622,73,106711.70361462176,Own,1,4514.101557633855,1,45065.82730808431,0,1,10568.671134773007,1,9614.396662251997
4623,75,222222.49911829154,Own,1,3531.5566983800445,1,93728.16193879646,1,1,8152.945065334716,1,10.127335712625653
4624,44,30090.38607332467,Mortgage,1,1777.2253103731161,1,3526.1510408809263,0,0,0.0,1,10.167241576006134
4625,42,63426.48954448977,Mortgage,1,1139.2721528793231,1,2174.8311204692236,0,0,0.0,1,0.0
4626,91,923787.4751722883,Own,1,34521.68556384544,1,76587.17586006608,1,1,7895.181272470716,1,0.0
4627,31,18116.925549752814,Rent,0,0.0,1,1275.2101540031967,0,0,0.0,0,0.0
4628,61,73240.09118894445,Own,1,2335.835118348462,1,8128.718963446408,0,0,0.0,1,14.412022536631657
4629,58,25354.795463740535,Mortgage,1,1845.6617298703097,1,2739.197535847228,0,0,0.0,1,6564.314434379043
4630,59,46631.5656174907,Mortgage,1,2188.9893149389536,1,3413.2353900645294,1,0,0.0,1,5152.195644322565
4631,39,22694.448961160084,Rent,1,859.8028750494427,1,2386.1995073489065,0,0,0.0,0,0.0
4632,59,34832.875718517345,Own,1,4329.017818889265,1,7915.401908815891,1,0,0.0,1,3.632492242273894
4633,68,54892.92455580408,Own,1,2371.117209766915,1,2515.4798618672835,0,0,0.0,1,0.0
4634,76,79309.52917054792,Own,1,2948.716173433699,1,83342.25023929372,1,1,3705.083362283089,1,4.446541917828159
4635,34,16760.74757162171,Rent,1,1056.910248997792,1,2299.145835012885,0,0,0.0,0,0.0
4636,27,2389.832200365012,Rent,0,0.0,0,0.0,0,0,0.0,0,0.0
4637,29,4567.171543402028,Rent,0,0.0,0,0.0,0,0,0.0,0,0.0
4638,65,44971.37481805039,Mortgage,1,3413.35470097875,1,9051.160885602018,1,0,0.0,1,8.164857546773828
4639,35,12186.584555149722,Rent,1,564.1920832430103,1,2348.2540187704585,0,0,0.0,0,0.0
4640,65,63497.6259069306,Mortgage,1,2020.3321110205927,1,9270.392550436914,1,0,0.0,1,2916.62129316782
4641,31,525.5206015037594,Rent,0,0.0,0,0.0,0,0,0.0,0,0.0
4642,33,525.5206015037594,Rent,0,0.0,0,0.0,0,0,0.0,0,0.0
4643,46,12050.71898061139,Mortgage,1,1031.3116508665983,0,0.0,1,0,0.0,1,10.555329501635011
4644,29,3263.326839214915,Rent,0,0.0,0,0.0,0,0,0.0,0,0.0
4645,58,61785.92078933257,Mortgage,1,1261.9259714484283,1,4393.779741612172,0,0,0.0,1,0.0
4646,67,46606.35325455532,Own,1,5081.272116803488,1,8160.403860453161,0,1,4079.4910200848553,1,5816.91374525533
4647,29,17978.6673203036,Rent,1,358.17001000330174,1,1732.6916711322265,0,0,0.0,0,0.0
4648,59,32294.467947490983,Mortgage,1,1268.6009471624352,1,9376.544864400455,1,0,0.0,1,0.0
4649,28,14786.170833085194,Rent,1,492.33984386830275,1,1717.647731798995,0,0,0.0,0,0.0
4650,50,24697.271179974676,Mortgage,1,9200.02094842634,1,9629.19603042982,1,0,0.0,1,11.111971039243523
4651,53,44258.08688356646,Mortgage,1,852.2067266341305,1,3169.7642828851413,0,0,0.0,1,0.0
4652,27,19986.21766873365,Rent,1,199.7077411086542,1,1420.8149758603945,0,0,0.0,0,0.0
4653,54,36830.51325030766,Mortgage,1,1064.5998819833196,1,3884.4436689424156,0,0,0.0,1,2377.3728515356215
4654,90,109781.11272333392,Own,1,6014.102395292835,1,81860.98061428638,1,1,5153.501786774959,1,6.233664472431099
4655,29,1502.7625604661716,Rent,0,0.0,1,575.8398074318534,0,0,0.0,0,0.0
4656,53,5081.349002752435,Mortgage,1,1183.3277533269238,0,0.0,0,0,0.0,0,0.0
4657,40,8144.688968834695,Rent,1,362.10608267058484,1,301.0750182548511,0,0,0.0,0,0.0
4658,54,27402.301182106763,Own,1,2943.9097969658515,0,0.0,1,0,0.0,1,5.6597057966226405
4659,29,4540.375782861302,Rent,1,570.9122671336206,0,0.0,0,0,0.0,0,0.0
4660,36,33025.93775903733,Rent,1,1024.79979288346,1,2767.3039000852486,0,0,0.0,1,0.0
4661,58,43773.8991258982,Mortgage,1,1896.3999528588697,1,3396.3259089975836,0,0,0.0,1,22.8282928782096
4662,69,54203.988001628466,Mortgage,1,2114.259031097038,1,8889.764364891447,1,0,0.0,1,6896.15592249242
4663,49,56824.099771384725,Mortgage,1,1240.3521964345643,1,3905.209127148036,0,0,0.0,1,10.748308633916904
4664,44,40771.438929656186,Rent,1,836.8345734287827,1,2095.8623546813046,0,0,0.0,0,0.0
4665,67,147099.60133375227,Own,1,2894.12845667068,1,37528.864019095054,0,0,0.0,1,4.879495404104057
4666,88,121002.58954491766,Own,1,8346.436499813666,1,50552.08300670068,1,1,10884.222013640941,1,5.364286162355716
4667,63,39630.071542037156,Mortgage,1,1316.6472639430888,1,2065.949061594589,0,0,0.0,1,0.0
4668,30,19123.024780872263,Rent,1,923.5235359934577,1,1742.9820635296387,0,0,0.0,0,0.0
4669,56,62810.000033371995,Mortgage,1,2239.688340245858,0,0.0,1,0,0.0,1,1.1046395016638817
4670,29,34102.96677873073,Rent,1,814.4361657683794,1,923.0549738481241,0,0,0.0,0,0.0
4671,62,42170.82591810884,Own,1,1599.7097744380612,1,8448.985932595639,1,0,0.0,1,0.0
4672,40,23102.40108777996,Rent,1,82.75255120397912,1,3060.3548517466324,0,0,0.0,0,0.0
4673,44,32659.771542965227,Rent,1,570.418484938011,1,2731.654528310732,0,0,0.0,0,0.0
4674,68,37932.0111686978,Rent,1,2159.3080671734656,1,2771.5157506119094,0,0,0.0,0,0.0
4675,46,54193.034868858645,Mortgage,1,2289.1286645589607,1,40822.00209463491,0,0,0.0,1,14.00599719775355
4676,82,81160.10383464226,Own,1,6236.818402740466,1,94145.15292964509,1,1,4384.226791437748,1,16836.83147143969
4677,86,34763.92863415617,Own,1,2031.718928112601,1,85983.85215135921,1,1,10099.897020825047,1,0.0
4678,29,16146.039855801751,Rent,0,0.0,1,2299.554028589714,0,0,0.0,0,0.0
4679,59,40896.080053523576,Mortgage,1,1540.8580298101447,1,37070.16405527128,0,0,0.0,1,0.0
4680,63,33146.84548708484,Mortgage,1,1223.1614008333179,1,8819.907720524143,1,0,0.0,1,4.427232289962236
4681,30,2154.549603899375,Rent,0,0.0,0,0.0,0,0,0.0,0,0.0
4682,61,43934.204488018695,Mortgage,1,2549.2927699635284,1,8981.51942300307,1,0,0.0,1,2418.6445141139193
4683,69,34565.434602975925,Own,1,3688.108058303355,1,39062.565838486684,0,0,0.0,1,26.060795972167867
4684,48,54860.09839414163,Mortgage,1,1400.8606959108388,0,0.0,0,0,0.0,1,13.55012257093576
4685,40,18240.915668404923,Own,1,436.29475199018947,0,0.0,0,0,0.0,0,0.0
4686,73,911789.6697408112,Own,1,7210.194722129499,1,93426.3878061569,1,1,4455.200568038013,1,5.48124029949309
4687,34,28777.97691344632,Mortgage,1,638.611242372577,1,1187.8512615329869,0,0,0.0,1,0.0
4688,56,47505.08552662177,Mortgage,1,1143.6777161050868,1,3155.694155509189,1,0,0.0,1,2552.459185262791
4689,26,525.5206015037594,Rent,0,0.0,0,0.0,0,0,0.0,0,0.0
4690,91,204868.3222382416,Own,1,7664.05660641001,1,96758.46639356414,1,1,18339.573156730174,1,0.0
4691,72,105403.13347467527,Own,1,7259.850644492979,1,82767.72644669887,0,0,0.0,1,0.0
4692,26,15209.502850523857,Rent,1,0.0,1,156.30430770204475,0,0,0.0,0,0.0
4693,36,35571.57385288883,Rent,1,1081.6490156003158,1,1310.7677868697108,0,0,0.0,0,0.0
4694,56,39570.52163995721,Mortgage,1,2541.9887407229,1,10117.22078933375,1,0,0.0,1,0.0
4695,73,775974.8856335739,Own,1,5742.671874763369,1,95681.74870599715,1,1,4730.70295974772,1,5739.722104138861
4696,28,4940.619961631992,Rent,0,0.0,0,0.0,0,0,0.0,0,0.0
4697,36,94019.4696495582,Own,1,1553.4323311409125,1,35869.15025109536,0,0,0.0,1,6231.164343654763
4698,41,24709.84067874711,Mortgage,1,1205.142148108861,1,3120.892782332405,0,0,0.0,0,0.0
4699,56,29880.659557333373,Rent,1,736.1190263319427,1,2319.761822298054,0,0,0.0,0,0.0
4700,29,10693.336762662193,Rent,1,329.47573528350995,1,3152.942632050919,0,0,0.0,0,0.0
4701,37,21352.49018831949,Rent,1,343.03230101751876,0,0.0,0,0,0.0,0,0.0
4702,27,2498.3392929382335,Rent,0,0.0,1,0.0,0,0,0.0,0,0.0
4703,38,15269.125769658624,Rent,1,118.71859546768508,1,1837.2909485200028,0,0,0.0,0,0.0
4704,30,17477.382361238513,Rent,1,975.9541718993381,1,1243.2649648133113,0,0,0.0,0,0.0
4705,44,14659.03934546404,Rent,1,444.0304858928965,1,2182.1499194940934,0,0,0.0,0,0.0
4706,69,103558.96667729068,Own,1,3121.3651479249415,1,3414.321358010089,1,0,0.0,1,0.0
4707,68,25884.422465622665,Own,1,3678.903624128943,1,96383.22899594216,0,1,9217.587356805005,1,0.0
4708,52,53295.94863855772,Mortgage,1,1164.5577671554865,1,2705.620405752026,0,0,0.0,1,4028.532730287512
4709,59,44355.78468787996,Mortgage,1,1850.7286945125522,1,4307.64817317935,1,0,0.0,1,0.0
4710,77,40085.71230034316,Own,1,3471.939113498313,1,44475.88217432986,0,0,0.0,1,0.0
4711,47,640.9787990612058,Rent,0,0.0,0,0.0,0,0,0.0,0,0.0
4712,62,17620.215587732553,Mortgage,1,1306.211671198387,1,3077.217244772579,1,0,0.0,1,5.234053933909122
4713,32,7650.409336186005,Rent,1,176.4120019980527,1,1151.8128156228258,0,0,0.0,0,0.0
4714,44,26998.52983143638,Rent,1,1694.6120378991357,1,2052.644770162799,0,0,0.0,0,0.0
4715,28,17577.29139553676,Rent,1,793.969634034705,1,862.0877327635476,0,0,0.0,0,0.0
4716,74,104132.81011137512,Own,1,7289.6933545788515,1,96758.46639356414,1,1,40564.337208387115,1,0.0
4717,57,20685.509775213937,Mortgage,1,1400.066421117634,0,0.0,1,0,0.0,1,0.30973626569267454
4718,63,39953.80646585634,Mortgage,1,1300.3184963893575,1,2026.1382784486573,1,0,0.0,1,9.6246045373715
4719,53,83190.91328669665,Mortgage,1,1645.154184343794,1,5535.444562479712,0,0,0.0,1,3060.5441209587802
4720,55,67511.49657716442,Mortgage,1,2134.535487289697,1,9783.123580817954,0,0,0.0,1,2448.6608789171983
4721,28,11076.719043312722,Rent,1,760.291421665703,1,2979.3295766973947,0,0,0.0,0,0.0
4722,30,4033.1843358165625,Rent,0,0.0,0,0.0,0,0,0.0,0,0.0
4723,28,31296.85906515916,Rent,1,678.8334503833281,1,3194.81989795918,0,0,0.0,0,0.0
4724,36,40880.116877651635,Own,1,2582.9617126878265,1,35487.95988041941,0,0,0.0,1,0.0
4725,66,58259.44764430149,Mortgage,1,3820.46463236298,1,8293.880062680932,1,0,0.0,1,2.929238759350384
4726,47,70298.389202392,Mortgage,1,644.0759889464726,1,2655.1712259037195,1,0,0.0,1,0.0
4727,86,138442.78755074742,Own,1,11376.454877780212,1,86944.51585599026,1,1,5044.473411876604,1,0.0
4728,54,53700.27114238052,Mortgage,1,4268.444115695988,1,8992.487284124898,1,0,0.0,1,0.0
4729,41,20271.712554115107,Rent,1,1600.4719933386987,1,1838.97673717533,0,0,0.0,0,0.0
4730,30,23340.55146483025,Rent,0,0.0,0,0.0,0,0,0.0,0,0.0
4731,73,53021.47225326607,Own,1,2177.735589897385,1,38307.336483112085,0,0,0.0,1,8.220006456724573
4732,49,26970.540028867013,Mortgage,1,1610.9166289556165,1,5617.937292181672,0,0,0.0,1,4569.485067745698
4733,44,14446.276930089149,Rent,1,687.0170133238153,1,3428.0293121331943,0,0,0.0,0,0.0
4734,59,43134.00773794997,Mortgage,1,1638.975760899537,1,9800.890171117193,1,0,0.0,1,18.810612685708588
4735,43,26465.81143173024,Rent,1,1488.863623270737,1,3327.8953973521884,0,0,0.0,1,0.0
4736,73,67497.83143051488,Own,1,3360.129625785648,1,48361.72722955383,0,1,0.0,1,4.685224157292545
4737,30,20573.712773164127,Rent,1,0.0,1,865.8857695392733,0,0,0.0,0,0.0
4738,29,8670.377051677247,Rent,1,489.10704660296574,0,0.0,0,0,0.0,0,0.0
4739,35,3388.3892077080145,Rent,1,555.9488550770197,1,3877.0307973004797,0,0,0.0,0,0.0
4740,29,10712.585435864112,Rent,1,308.3420700848834,0,0.0,1,0,0.0,0,0.0
4741,30,20738.55879142021,Rent,1,1055.6551071997771,1,1744.8385693257978,0,0,0.0,0,0.0
4742,59,34286.2507199198,Mortgage,1,1350.4817613765163,1,5158.909457128128,1,0,0.0,1,0.0
4743,60,42584.09425109447,Mortgage,1,2281.8866583882327,1,4117.384712953209,1,0,0.0,1,2357.117362464094
4744,91,228089.99859500997,Own,1,28648.606331148134,1,96758.46639356414,1,1,17210.485862421694,1,13.61759888428726
4745,74,107279.5728496813,Own,1,7240.473462415142,1,46101.23582368699,0,1,19893.411340063998,1,9.143179985279144
4746,45,85377.87379845654,Mortgage,1,2652.917824556239,1,3344.443532885759,1,0,0.0,1,20.02052249846567
4747,36,21850.456643295685,Rent,1,994.8960857205556,1,2344.579726055603,0,0,0.0,0,0.0
4748,30,525.5206015037594,Rent,0,0.0,0,0.0,0,0,0.0,0,0.0
4749,32,4035.1146619410774,Rent,0,0.0,0,0.0,0,0,0.0,0,0.0
4750,41,30905.189714016877,Mortgage,1,774.6648306380171,1,4939.052082821872,0,0,0.0,0,0.0
4751,28,8470.267738216915,Rent,1,843.8040033318375,0,0.0,0,0,0.0,0,0.0
4752,76,96593.9240761195,Own,1,5014.862094383451,1,95757.64175495508,1,1,12312.113855674368,1,0.0
4753,38,47970.56588898657,Rent,1,1165.3789355495933,1,3427.8655156468258,0,0,0.0,1,0.0
4754,28,18581.247867251346,Rent,1,252.01044633413608,1,318.3923810831923,0,0,0.0,0,0.0
4755,55,67411.09702239184,Mortgage,1,1411.490089818914,1,8332.432410472855,1,0,0.0,1,7.921422368392665
4756,28,29149.20342197729,Rent,1,755.1795318074172,1,1783.8514941305446,0,0,0.0,0,0.0
4757,47,13997.033013831031,Mortgage,1,1489.5747594700997,1,3770.314397444311,0,0,0.0,1,0.0
4758,29,13680.294023109273,Rent,1,158.57171539823594,1,2264.387286243239,0,0,0.0,0,0.0
4759,91,244397.67131348472,Own,1,12913.325685388456,1,95890.38947979231,1,1,5350.233677938236,1,15630.590602971542
4760,79,104437.08116144846,Own,1,3439.4076151727977,1,94625.49811275673,1,1,8250.995334820112,1,0.0
4761,70,69892.08294281823,Own,1,2517.753975586851,1,36813.23101357847,0,0,0.0,1,0.0
4762,39,28424.22081942775,Rent,1,690.6747369276925,1,2338.5392132960887,0,0,0.0,0,0.0
4763,28,1045.3809606993818,Rent,0,0.0,0,0.0,0,0,0.0,0,0.0
4764,63,57598.27847411807,Mortgage,1,1898.103808709457,1,8125.298372289344,1,0,0.0,1,4.429301875962021
4765,59,49228.51901575447,Mortgage,1,2067.701386231885,1,2011.9100279135419,0,0,0.0,1,2555.8673930224695
4766,64,65199.35305430799,Mortgage,1,2281.181774009744,1,9028.996586566413,1,0,0.0,1,0.0
4767,29,19121.35858752107,Rent,1,458.5198268511689,1,2508.6013291281,0,0,0.0,0,0.0
4768,91,213367.145923921,Own,1,11169.836942290647,1,93156.39121060312,1,1,10879.023108744552,1,16.321988086648577
4769,60,49088.308693850406,Mortgage,1,1765.3348426500493,1,3908.5783132691085,1,0,0.0,1,25.92925961417859
4770,44,28597.81943848503,Rent,1,713.6684411510939,1,3135.1627579761166,0,0,0.0,0,0.0
4771,70,27376.67240979617,Own,1,2609.6990179186214,1,42936.50167107415,0,0,0.0,1,0.0
4772,30,16580.28926411544,Rent,1,471.5214675705654,1,1063.2862868859472,0,0,0.0,0,0.0
4773,26,525.5206015037594,Rent,0,0.0,0,0.0,0,0,0.0,0,0.0
4774,45,35283.766035337176,Mortgage,1,1747.5989332550262,1,4987.721068010776,1,0,0.0,1,2673.7568199966913
4775,30,22490.27128128064,Rent,1,254.27792870759583,1,1391.0638410652614,0,0,0.0,0,0.0
4776,79,108169.02308329269,Own,1,7644.261064829972,1,74675.09295360047,1,1,10463.982267297792,1,7.106679827085205
4777,81,121293.89373314733,Own,1,5323.811784074846,1,86069.81795166891,0,1,6805.595045045503,1,24.499497089926145
4778,40,20014.514600463266,Mortgage,1,991.7502965484272,1,4527.8042622457,0,0,0.0,1,2553.906411163042
4779,61,29864.92295715088,Mortgage,1,1743.988375852514,1,9530.04194061451,1,0,0.0,1,0.0
4780,72,692262.0926264818,Own,1,42948.28655458253,1,42541.62572671916,1,1,4753.769887908131,1,14102.302422737153
4781,30,11297.405145452338,Rent,1,588.4268330224427,1,1255.4700562841144,0,0,0.0,0,0.0
4782,57,57950.91721241678,Own,1,3594.4186392935,1,8726.366655315689,1,0,0.0,1,7.035443315271106
4783,74,198078.4112773228,Own,1,3334.188535252361,1,93924.70086666362,1,1,11524.382878495895,1,8.800662000437997
4784,31,13765.487665793287,Rent,0,0.0,0,0.0,0,0,0.0,0,0.0
4785,29,525.5206015037594,Rent,0,0.0,0,0.0,0,0,0.0,0,0.0
4786,71,53318.52292562782,Own,1,5363.082840802077,1,37440.638409219966,0,0,0.0,1,6.727229193970674
4787,31,1046.123125797796,Rent,0,0.0,0,0.0,0,0,0.0,0,0.0
4788,29,18482.29341318424,Rent,0,0.0,0,0.0,0,0,0.0,0,0.0
4789,30,9068.123537108124,Rent,1,676.0607757336857,1,3285.3591696593667,0,0,0.0,0,0.0
4790,54,42119.01641779237,Own,1,1119.6837237935865,1,1924.9414741503897,0,0,0.0,1,0.0
4791,28,10811.30907349759,Rent,1,443.6807099597326,1,896.4024068915592,0,0,0.0,0,0.0
4792,63,49912.96264756994,Mortgage,1,2311.7020642916455,1,8958.138460691944,1,0,0.0,1,5150.141173162874
4793,78,138523.59593405135,Own,1,4695.6377080731645,1,95698.93748366347,0,1,4067.488006521813,1,2.8108951360150405
4794,70,84011.91747398235,Own,1,5355.123367848495,1,37788.42465366704,0,0,0.0,1,0.0
4795,68,41161.17932560449,Own,1,871.3381448230002,1,1735.266601345831,0,0,0.0,1,0.0
4796,66,49339.78523378798,Mortgage,1,1892.5456085558797,1,9485.207761405089,1,0,0.0,1,0.0
4797,54,32774.65541950698,Mortgage,1,1687.9100662556693,1,4093.317389810133,0,0,0.0,1,0.3674607532674722
4798,53,44603.63154800373,Mortgage,1,737.6196710231663,1,2471.894936597291,1,0,0.0,1,2510.4148444614275
4799,40,6380.525944299663,Rent,0,0.0,1,523.8970997674976,0,0,0.0,0,0.0
4800,59,41674.173630658464,Mortgage,1,2400.3456131238086,1,4218.132519674984,0,0,0.0,1,13.029655233901149
4801,59,38224.706951509404,Mortgage,1,1481.9861938799268,1,4871.399259603615,1,0,0.0,1,2671.924523935498
4802,26,525.5206015037594,Rent,0,0.0,0,0.0,0,0,0.0,0,0.0
4803,58,53729.6978740582,Mortgage,1,2337.347780380694,1,2862.4487357566054,1,0,0.0,1,0.0
4804,26,4569.8300972522175,Rent,0,0.0,0,0.0,0,0,0.0,0,0.0
4805,43,37647.60070771937,Mortgage,1,1692.368852399279,1,4848.508217797235,0,0,0.0,1,9.457430649391723
4806,91,114449.90874415389,Own,1,4753.560514842265,1,92450.44781910561,0,1,4335.069348397035,1,4.669772850495887
4807,75,32959.90610163878,Mortgage,1,4987.544376052915,1,3227.873408637388,0,0,0.0,1,21.973777139290878
4808,49,17744.951335347298,Rent,1,1849.7682881410742,1,2911.0512734657786,0,0,0.0,1,0.0
4809,55,48403.326272327686,Mortgage,1,1366.7342851056815,1,3081.0356986285815,0,0,0.0,1,0.0
4810,60,49460.452973993895,Mortgage,1,2627.6921258255134,1,9895.506801401341,1,0,0.0,1,18.932937533684303
4811,91,807100.8958658351,Own,1,10273.2952499402,1,96555.96862681684,1,1,4966.574154907407,1,16.950220078330947
4812,30,7680.296289855731,Rent,1,0.0,1,976.4043447685208,0,0,0.0,0,0.0
4813,90,843394.2646936539,Own,1,30787.998715112353,1,96248.2472404918,1,1,20236.281718376238,1,21.137189802361586
4814,91,89775.49047204142,Own,1,5218.977616867784,1,88380.43305829851,1,1,18913.29313269413,1,9.022774535639948
4815,57,28761.583447886664,Mortgage,1,1641.0627168710448,1,2936.439728852923,0,0,0.0,1,25.354285169140923
4816,57,38880.95369148038,Mortgage,1,755.7444822939225,1,9031.984111474037,0,0,0.0,1,14.732213623451893
4817,70,23618.826419436125,Rent,1,1146.130550865862,1,37723.188042170856,0,0,0.0,1,0.0
4818,42,61466.48734007696,Mortgage,1,1470.647259573468,1,5606.837022266594,0,0,0.0,1,6.405849121482926
4819,35,14815.340883144596,Rent,1,510.80340895801123,1,1492.5114386150992,0,0,0.0,0,0.0
4820,41,14639.653621430178,Rent,1,801.6823618066273,1,2894.490630171318,0,0,0.0,0,0.0
4821,26,525.5206015037594,Rent,0,0.0,0,0.0,0,0,0.0,0,0.0
4822,60,46666.52277629492,Mortgage,1,1280.1494633308403,1,3318.0279696043044,1,0,0.0,1,1.9386750250379194
4823,55,19045.99338954226,Mortgage,1,2418.449509686535,0,0.0,1,0,0.0,1,4798.127381827088
4824,64,12160.059992653565,Mortgage,1,561.2011680335153,0,0.0,0,0,0.0,1,0.0
4825,35,37501.120953344755,Rent,1,2053.0178783116116,1,3378.1337386575415,0,0,0.0,0,0.0
4826,88,221221.33454035944,Own,1,6091.895705025023,1,86463.93456882332,1,1,20617.177459560124,1,0.0
4827,30,7523.93987377001,Rent,1,474.97141197656543,1,2480.9009612904583,0,0,0.0,0,0.0
4828,76,81299.73257619435,Own,1,7189.534234326862,1,96758.46639356414,1,1,21282.84548343963,1,6724.878417648854
4829,64,33225.236542159604,Rent,1,1106.3975888386774,1,2097.254080187523,0,0,0.0,1,0.0
4830,28,525.5206015037594,Rent,0,0.0,0,0.0,0,0,0.0,0,0.0
4831,33,39456.303814293555,Rent,1,1079.9551075081404,1,2599.66941648418,0,0,0.0,0,0.0
4832,89,88597.7483765631,Own,1,7585.725961172097,1,96758.46639356414,1,1,18292.013961816643,1,16.46532018371065
4833,28,2040.2283039980412,Rent,0,0.0,0,0.0,0,0,0.0,0,0.0
4834,28,2094.5526985960805,Rent,0,0.0,0,0.0,0,0,0.0,0,0.0
4835,62,25324.718655544995,Mortgage,1,1354.832919609634,1,5575.857505792526,1,0,0.0,1,0.0
4836,44,25090.844895173846,Rent,1,1057.2333986960978,1,3845.394807317316,0,0,0.0,0,0.0
4837,31,10425.86173878606,Rent,1,1.668366749132474,1,2773.3514024758488,0,0,0.0,0,0.0
4838,71,38618.36445329606,Mortgage,1,2457.5715848928994,1,2006.4389631576623,0,0,0.0,1,7.1122497868901435
4839,33,17621.053572268556,Mortgage,1,433.3588919144799,0,0.0,1,0,0.0,0,0.0
4840,88,683976.4772057033,Own,1,27619.214732898265,1,95214.32751790574,1,1,12648.613582642536,1,10044.309916397706
4841,29,44857.96378002412,Mortgage,1,782.213774558505,1,2079.9866693670306,0,0,0.0,0,0.0
4842,82,106429.69271368395,Own,1,9444.142065927164,1,94193.6050638282,1,1,7116.636218723901,1,9536.330372637745
4843,27,23918.580749401994,Rent,1,1478.9788922747236,1,1027.1526532366556,0,0,0.0,0,0.0
4844,35,4215.048466912269,Rent,1,130.3396910287778,1,765.583643768055,0,0,0.0,0,0.0
4845,89,204537.3765033273,Own,1,31631.03686195357,1,94856.31122909716,1,1,4834.387427743532,1,0.0
4846,71,27766.78675769319,Rent,1,1728.1765779371856,1,1630.0225895657095,0,0,0.0,0,0.0
4847,44,47873.163653680574,Mortgage,1,1201.0773474959155,1,4931.202727112386,0,0,0.0,1,16.24313055217489
4848,80,87525.15800408459,Own,1,4124.996119284409,1,85688.29725178995,1,1,20298.26820099979,1,0.0
4849,61,59648.39904464329,Mortgage,1,2224.174761832557,1,2178.003941641976,0,0,0.0,1,18.593114916773214
4850,32,10133.43707553341,Rent,1,122.79255716032662,1,1463.1781182150098,0,0,0.0,0,0.0
4851,50,26532.88290532149,Mortgage,1,1210.0520435478195,1,3048.2752057600555,0,0,0.0,1,5216.5939371250915
4852,69,28990.43673332264,Rent,1,2045.7856252580705,1,2097.124175652051,0,0,0.0,0,0.0
4853,53,35918.121730123166,Rent,1,1154.8917590754795,1,2732.1766353590842,0,0,0.0,0,0.0
4854,58,34016.22503167455,Mortgage,1,1282.8195338878884,1,5477.622287508479,1,0,0.0,1,4032.7861117464367
4855,61,18497.568338164583,Mortgage,1,827.2124069874191,1,2048.810572392697,0,0,0.0,1,3.1549355231361442
4856,56,52105.65893961796,Mortgage,1,2447.8865706414217,1,8675.417655739544,0,0,0.0,1,0.0
4857,78,112498.35515040884,Own,1,7118.466704769246,1,38088.512151053874,1,1,8159.31314967741,1,11049.825583121301
4858,76,133929.87955538463,Own,1,4375.642335644941,1,36306.396177447175,0,1,9741.88976883761,1,13.944601482262089
4859,27,1204.6560949264403,Rent,0,0.0,0,0.0,0,0,0.0,0,0.0
4860,72,55133.74120594606,Own,1,8700.490293724888,1,8057.80338516987,0,1,10027.073869505775,1,24.62249878363764
4861,45,24763.398621735643,Rent,1,942.3797013699246,0,0.0,0,0,0.0,0,0.0
4862,81,134789.63208590305,Own,1,4465.584947634538,1,45086.3603565251,0,1,6346.65454222121,1,7.184775910106142
4863,74,43803.31477405627,Own,1,4270.352475929906,1,36141.42804330624,0,0,0.0,1,4350.759609347749
4864,29,12679.735841330323,Rent,0,0.0,0,0.0,0,0,0.0,0,0.0
4865,64,36788.15216951445,Mortgage,1,1544.8375760606555,1,9033.45776953846,1,0,0.0,1,5.003209487964969
4866,26,525.5206015037594,Rent,0,0.0,0,0.0,0,0,0.0,0,0.0
4867,44,38363.07529620166,Mortgage,1,1003.8142268812722,1,3368.119068812703,0,0,0.0,1,4.850897670516309
4868,45,42950.98601967843,Rent,0,0.0,0,0.0,0,0,0.0,0,0.0
4869,65,64866.222519434734,Mortgage,1,1668.0648762321937,1,8597.125963498796,1,0,0.0,1,4600.176079943807
4870,76,46918.882370961386,Own,1,2732.2027296817414,1,36387.82951253118,0,0,0.0,1,0.0
4871,29,15481.989956890713,Rent,1,717.2497436191853,1,2146.893935768157,0,0,0.0,0,0.0
4872,76,114806.68377891861,Own,1,6962.360779074182,1,78733.6212891178,1,1,5044.7544933358095,1,9695.677935625372
4873,89,123155.3582260385,Own,1,9722.191827008282,1,93219.13199101939,1,1,10720.148266001497,1,19.935634428686367
4874,89,221058.07073164187,Own,1,7462.194818998842,1,96758.46639356414,1,1,7264.705244023705,1,0.0
4875,66,47889.274614056274,Own,1,3913.318274178728,1,10353.597452151906,1,0,0.0,1,13.522009442874811
4876,66,58807.50909918117,Mortgage,1,1972.3763610288634,1,8334.306164852544,1,0,0.0,1,12.335609005674074
4877,78,73742.2900600139,Own,1,4433.994341508563,1,80791.85964043177,1,1,0.0,1,31.1747539914
4878,67,23900.57467999874,Mortgage,1,1497.8624260037268,1,4072.457019771872,0,0,0.0,1,0.0
4879,37,525.5206015037594,Rent,0,0.0,0,0.0,0,0,0.0,0,0.0
4880,62,62062.25674136844,Mortgage,1,1812.7243980936503,1,7590.467370596613,1,0,0.0,1,5392.242101159921
4881,40,3936.064076772067,Rent,0,0.0,0,0.0,0,0,0.0,0,0.0
4882,32,525.5206015037594,Rent,0,0.0,0,0.0,0,0,0.0,0,0.0
4883,28,10667.743100520307,Rent,0,0.0,0,0.0,0,0,0.0,0,0.0
4884,47,26725.713105601608,Mortgage,1,2209.219053278075,0,0.0,0,0,0.0,1,0.0
4885,29,7988.471926476377,Rent,0,0.0,0,0.0,0,0,0.0,0,0.0
4886,55,16016.85667076847,Mortgage,1,833.7928374298468,0,0.0,0,0,0.0,1,0.0
4887,35,37314.316441670584,Rent,1,574.2749744194196,1,1230.2406150041747,0,0,0.0,0,0.0
4888,78,104930.67288070888,Own,1,3693.206617605087,1,47252.10968815012,1,1,12730.157866092639,1,0.0
4889,35,40638.113629093285,Mortgage,1,780.9841729641263,1,4224.070027344811,0,0,0.0,0,0.0
4890,68,20357.226756372147,Rent,1,2656.885358850734,1,2169.920203369037,0,0,0.0,0,0.0
4891,30,21286.754569790424,Rent,0,0.0,0,0.0,0,0,0.0,0,0.0
4892,29,525.5206015037594,Rent,0,0.0,0,0.0,0,0,0.0,0,0.0
4893,52,71086.50098422954,Own,1,2025.710775708556,1,51715.242858442405,0,1,5496.707695779554,1,0.0
4894,55,40619.84715140813,Mortgage,1,1436.5713676576308,1,8585.653738249748,1,0,0.0,1,0.0
4895,28,50149.70146856744,Rent,1,287.61421116491556,1,3043.8457109970154,0,0,0.0,0,0.0
4896,35,46975.01422909767,Rent,1,1804.844839941115,1,2949.0303880344736,0,0,0.0,1,9.640944955134684
4897,75,130228.57881547148,Own,1,4282.3458163662235,1,96758.46639356414,1,1,8767.60483354718,1,2.115842525287706
4898,78,73739.36489312646,Own,1,5820.659078089243,1,39928.143654924796,0,0,0.0,1,8491.180222130126
4899,74,131588.85474650978,Own,1,7690.094379278931,1,9228.890009944707,1,0,0.0,1,5.451376984529566
4900,65,60668.62196165124,Own,1,4664.5858145482935,1,8211.34629686288,0,1,0.0,1,0.0
4901,58,26590.99569134316,Own,1,3631.7390779066586,1,46684.17383863181,0,0,0.0,1,3894.5636949295804
4902,91,143458.20849177463,Own,1,5253.503807650752,1,91242.75697446888,1,1,5156.5622336603665,1,13.076097264386904
4903,62,30835.424201523398,Mortgage,1,1261.5363657789985,0,0.0,0,0,0.0,1,9.85594159885116
4904,44,11212.32387283604,Rent,1,763.379436932007,1,1631.7853561318118,0,0,0.0,0,0.0
4905,28,8695.247131884373,Rent,0,0.0,0,0.0,0,0,0.0,0,0.0
4906,86,113555.99239550988,Own,1,7480.400801011134,1,83565.50941043696,1,1,6244.092113947445,1,22.606960317605534
4907,88,171722.289352064,Own,1,5644.311106566562,1,96207.42356087324,1,1,7224.014469367804,1,7.318676722540745
4908,34,2467.8176080849644,Rent,0,0.0,0,0.0,0,0,0.0,0,0.0
4909,32,14345.624418140815,Rent,1,559.1450080235732,1,1656.810948499884,0,0,0.0,0,0.0
4910,72,73251.80924146439,Own,1,1532.8664691397876,1,35394.59008862945,0,0,0.0,1,4.378084879035542
4911,72,105751.32267697089,Own,1,5836.476182503851,1,76257.03635160592,1,1,10801.68339623349,1,0.0
4912,77,110721.72673426554,Own,1,8233.437922177349,1,47543.788131833106,0,1,13211.133584766285,1,11.986626943806023
4913,89,419795.072298898,Own,1,9925.875917643103,1,96758.46639356414,1,1,5093.828120354837,1,9.505112228724954
4914,46,13823.479912317453,Rent,1,749.273317235756,0,0.0,0,0,0.0,0,0.0
4915,76,231560.2951762054,Own,1,30451.951970829483,1,96758.46639356414,1,1,4592.884271658767,1,10428.906587019375
4916,72,104577.03460675651,Own,1,4953.044624035651,1,38688.038509152626,0,0,0.0,1,6.431483652474465
4917,77,150507.91601073346,Own,1,4502.358175077935,1,44543.993043845876,0,1,4499.901020132905,1,1.2506540755482456
4918,37,13239.682857454038,Rent,1,112.55951293251428,1,804.7514210904453,0,0,0.0,0,0.0
4919,71,68233.59169485571,Mortgage,1,1101.5039026004067,1,9184.527841336498,1,0,0.0,1,0.0
4920,59,40604.3518101426,Mortgage,1,2234.374538009314,1,9877.790408854225,1,0,0.0,1,5156.96893298627
4921,31,29599.484025658032,Rent,1,1733.7351791929848,1,1673.480574857987,0,0,0.0,0,0.0
4922,29,525.5206015037594,Rent,0,0.0,0,0.0,0,0,0.0,0,0.0
4923,72,38455.377587817195,Rent,1,1405.0477230580495,1,1241.2612430350914,0,0,0.0,0,0.0
4924,69,40984.717279725926,Mortgage,1,1308.5475182307332,1,3051.5316380954528,0,0,0.0,1,0.0
4925,44,22017.742169629226,Mortgage,1,642.3634580807371,1,2452.7877683668044,0,0,0.0,1,27.001683634978946
4926,40,32253.87977043717,Mortgage,1,583.1325268586959,0,0.0,0,0,0.0,1,0.0
4927,30,5630.424673557223,Rent,1,729.7791750080626,1,1323.1469753358513,0,0,0.0,0,0.0
4928,59,33057.621205312345,Mortgage,1,1076.205462812669,1,1763.0791382626683,0,0,0.0,1,5.4264788737135685
4929,75,62973.14546537201,Own,1,2291.9901278104326,1,2718.0824121496516,0,0,0.0,1,10.514438407183516
4930,38,7897.575285084238,Rent,1,0.0,1,11.124519793052059,0,0,0.0,0,0.0
4931,28,23028.738588504915,Mortgage,1,626.4175497786198,1,2092.0971134155798,0,0,0.0,0,0.0
4932,64,224680.6307274248,Own,1,10391.974834219545,1,96758.46639356414,1,1,17108.454697413494,1,9.1434433143154
4933,47,43462.77110456636,Own,1,2340.0549670512137,1,3860.9101328891115,0,0,0.0,1,0.0
4934,69,64742.98896831729,Mortgage,1,1086.3507527625557,1,8674.163660256681,1,0,0.0,1,6627.116925050888
4935,42,13410.32624204617,Rent,1,765.5946081663807,1,3245.4554577586932,1,0,0.0,0,0.0
4936,62,20244.904598373236,Mortgage,1,1546.4801358353989,1,4107.289110537902,0,0,0.0,1,0.0
4937,76,28649.020645367214,Own,1,1378.4314316991927,0,0.0,0,0,0.0,1,22.556339065076674
4938,45,19580.10963074446,Mortgage,1,2080.075453111321,0,0.0,1,0,0.0,1,0.0
4939,55,38684.196635787506,Mortgage,1,1060.048858743255,0,0.0,1,0,0.0,1,0.0
4940,76,94333.54220195791,Own,1,4763.074281411588,1,93148.73547027237,1,1,3798.016664199191,1,6.021787226480628
4941,31,10078.560993264404,Rent,0,0.0,0,0.0,0,0,0.0,0,0.0
4942,56,43119.556996154315,Mortgage,1,4009.9620208973683,1,10518.949732749685,1,0,0.0,1,3718.5533661443415
4943,50,52136.112154242765,Mortgage,1,1853.2683391152887,0,0.0,0,0,0.0,1,4.168525279042015
4944,61,149185.8952865542,Own,1,5097.328812968748,1,34326.6194803159,0,0,0.0,1,4073.638837406703
4945,60,56965.5503635689,Mortgage,1,1302.635628963153,1,3339.3652899953495,1,0,0.0,1,2729.0172469052873
4946,37,29383.411242085058,Rent,1,447.6210085444238,1,2680.1329459193025,0,0,0.0,0,0.0
4947,69,40564.53939967235,Own,1,2444.879443951448,1,38014.98082804604,0,0,0.0,1,22.753281149166572
4948,76,98941.5357326154,Own,1,31101.42959091859,1,45023.507204361864,1,1,6625.917667730864,1,11.75909263396022
4949,34,22152.67831162309,Rent,1,844.3998872382515,1,4013.758833662977,0,0,0.0,0,0.0
4950,70,96261.50269826462,Own,1,5752.926458819167,1,49092.51248369938,0,1,9897.945701795063,1,17.70296665411943
4951,36,15121.120162739728,Rent,1,144.04052899206215,1,3050.1771211660657,0,0,0.0,0,0.0
4952,42,30031.484413229206,Mortgage,1,915.8417157835578,1,2341.900076238039,1,0,0.0,1,0.0
4953,68,29124.572399189256,Own,1,2459.3396012660187,1,36034.6446346025,0,0,0.0,1,4.662518786360209
4954,50,26158.43429042283,Mortgage,1,870.6760956649296,1,3096.496486684141,0,0,0.0,1,2972.6068444985776
4955,28,20526.42261463817,Rent,1,241.81206339106018,1,1939.5429169538054,0,0,0.0,0,0.0
4956,49,21229.401700240716,Rent,1,1510.2679055203355,1,3129.9289038252155,0,0,0.0,1,3.8793930009848876
4957,46,22626.853556348844,Mortgage,1,596.7767434390855,0,0.0,0,0,0.0,1,10.66319728514488
4958,65,45019.34609109735,Mortgage,1,6911.296823399809,1,9529.375271475776,1,0,0.0,1,16.188600415396795
4959,48,29609.522323386132,Mortgage,1,1046.793048100328,1,3116.1411207576025,0,0,0.0,0,0.0
4960,45,37089.31473883304,Mortgage,1,963.5295314414341,1,2118.295591817953,0,0,0.0,0,0.0
4961,69,31319.470298355194,Own,1,2412.2974038060925,1,39010.63683914868,0,0,0.0,1,7.052666836494285
4962,87,787725.0597439352,Own,1,4735.089143976364,1,92585.37961491535,1,1,27719.910716536855,1,7.273323051988115
4963,88,101325.4669694743,Own,1,9116.340791911769,1,96758.46639356414,1,1,8662.600699659948,1,10.603093183557494
4964,28,14650.196082460396,Rent,1,356.6805366522267,1,0.0,0,0,0.0,0,0.0
4965,43,44681.63400535886,Rent,1,1182.4345207628671,1,2950.3417372074928,0,0,0.0,1,0.0
4966,44,26233.05019241441,Rent,0,0.0,0,0.0,0,0,0.0,0,0.0
4967,59,33988.37479699612,Mortgage,1,1360.5703919765422,1,8717.150503708164,1,0,0.0,1,13.735848640333064
4968,41,21512.64744209623,Mortgage,1,568.4198624189331,0,0.0,0,0,0.0,1,0.0
4969,38,525.5206015037594,Rent,0,0.0,0,0.0,0,0,0.0,0,0.0
4970,44,21105.888412655302,Mortgage,1,772.5503352367209,0,0.0,0,0,0.0,0,0.0
4971,29,14804.931407879274,Rent,1,546.5783708303825,1,2353.016279752928,0,0,0.0,0,0.0
4972,30,21700.431472263328,Mortgage,1,1592.2871892196722,1,3092.5354811415173,0,0,0.0,1,0.0
4973,82,146191.13200903882,Own,1,13283.430394722382,1,83091.49288385065,1,1,7802.443570888278,1,14.650105026694073
4974,57,41362.871697175804,Mortgage,1,794.3666190801729,1,9280.241614933457,1,0,0.0,1,0.0
4975,73,98036.56448442629,Own,1,3278.134269201615,1,47576.960578607715,0,0,0.0,1,0.0
4976,52,29556.50649569172,Mortgage,1,1253.0200665971454,0,0.0,1,0,0.0,1,4.26670120232865
4977,75,102114.34303795686,Own,1,5845.178865245703,1,45870.931895117814,1,1,4538.257578995039,1,20.370914321866234
4978,28,10516.154338260578,Rent,0,0.0,0,0.0,0,0,0.0,0,0.0
4979,28,5788.790394212987,Rent,1,362.7323458993453,1,816.9178856526157,0,0,0.0,0,0.0
4980,65,29412.607254709932,Rent,1,3654.8962461069755,1,0.0,0,0,0.0,0,0.0
4981,36,5248.105117578134,Rent,1,444.902945750517,1,86.06440129369798,0,0,0.0,0,0.0
4982,60,21454.296017862074,Mortgage,1,1126.0741695357344,1,2992.0635809099754,0,0,0.0,1,22.321657824961655
4983,54,26955.055059686725,Mortgage,1,2186.627772830548,1,4119.629120282429,0,0,0.0,1,2604.6687585360014
4984,61,39276.85137755872,Own,1,5492.660562984212,1,9226.759671714895,0,0,0.0,1,5965.750319800452
4985,29,3234.524096999603,Rent,0,0.0,0,0.0,0,0,0.0,0,0.0
4986,46,35144.88579653321,Mortgage,1,1934.5380933138426,1,4663.589802037559,0,0,0.0,1,0.0
4987,79,136046.25137531926,Own,1,4650.620093072001,1,44104.66182070993,0,1,10829.43519042532,1,16.72857712988947
4988,34,11050.598664626028,Rent,1,454.0356260993705,1,1609.1704967221556,0,0,0.0,0,0.0
4989,49,32237.21308725559,Mortgage,1,1283.4626121306715,1,3966.010272525492,0,0,0.0,1,0.0
4990,55,31070.774493823832,Mortgage,1,2664.543371357566,1,9270.282071127294,1,0,0.0,1,2.257932695530967
4991,57,59321.633034600854,Mortgage,1,2238.1402545542333,1,8655.923518335814,1,0,0.0,1,4148.53570398864
4992,41,35541.07161400657,Rent,1,671.996196759765,1,2793.4436488452993,0,0,0.0,0,0.0
4993,28,525.5206015037594,Rent,0,0.0,0,0.0,0,0,0.0,0,0.0
4994,88,55754.45130887172,Own,1,5934.551819311625,1,79067.7948065924,1,1,12762.953311373029,1,9.110282879517674
4995,28,525.5206015037594,Rent,0,0.0,0,0.0,0,0,0.0,0,0.0
4996,88,109190.33420062016,Own,1,8118.605008765582,1,96758.46639356414,1,1,4374.966573658865,1,1.8571821976994833
4997,57,19407.230972002064,Mortgage,1,2630.2474425284126,1,2540.7578626895047,1,0,0.0,1,6054.287979242453
4998,36,29884.508078098163,Mortgage,1,1034.6422057178515,1,4551.740253899425,0,0,0.0,1,2448.890916632022
4999,48,37594.14476654378,Mortgage,1,869.98253013014,1,3559.134466193561,0,0,0.0,1,2.649245650915678
5000,89,203331.8919518101,Own,1,8234.822505459022,1,96758.46639356414,1,1,35543.173085258815,1,0.0
5001,29,21942.272461062126,Rent,1,4334.438319869731,1,1447.987212691314,0,0,0.0,0,0.0
5002,34,45723.92381777274,Mortgage,1,663.2788383917061,1,3473.6649813684708,0,0,0.0,1,0.0
5003,68,128236.8619528303,Own,1,3711.6716935969125,1,94053.91011187341,1,1,3618.3194715576346,1,20.391225701446132
5004,39,12909.419679021456,Rent,1,975.4901188849352,1,1271.5660730490217,0,0,0.0,0,0.0
5005,88,200811.67920682434,Own,1,9177.776270219902,1,95573.90580153193,1,1,5347.998245082573,1,14.995128141758471
5006,30,35445.673246757644,Mortgage,1,1077.1301408245565,1,3291.3383392092187,0,0,0.0,1,24.33049992371434
5007,40,20641.668208663996,Mortgage,1,831.4840115865323,1,1105.9469484058645,0,0,0.0,0,0.0
5008,31,10191.652320021418,Rent,1,0.0,1,2148.556634499083,0,0,0.0,0,0.0
5009,35,525.5206015037594,Rent,0,0.0,0,0.0,0,0,0.0,0,0.0
5010,61,21843.13926913762,Mortgage,1,1538.7854712973408,0,0.0,1,0,0.0,1,0.0
5011,59,60470.36047673605,Mortgage,1,1475.8505164257856,1,4946.2832240555745,1,0,0.0,1,0.0
5012,79,134286.60207741256,Own,1,8866.252222938676,1,94434.1520842918,1,1,7742.535001227702,1,15.223254190997535
5013,42,10359.686512291817,Rent,1,1026.979376278402,0,0.0,0,0,0.0,0,0.0
5014,60,73215.32311064217,Mortgage,1,2117.193072740042,1,9739.716939697922,1,0,0.0,1,5.846590814154802
5015,74,140760.73285932542,Own,1,3201.8821162936483,1,42113.88027847515,0,0,0.0,1,0.0
5016,52,61695.54297299619,Mortgage,1,2620.816473757939,1,2675.6574207568087,0,0,0.0,1,1.2685939919251967
5017,42,48507.07752587214,Mortgage,1,1464.610285365083,1,3811.649972060467,0,0,0.0,1,2367.0562734335617
5018,44,27730.330096559337,Mortgage,1,2086.7732691200636,1,2511.0911552803827,0,0,0.0,1,0.2339216193217423
5019,63,105674.82212197996,Own,1,7663.199003853933,1,72591.22259337477,1,1,7621.720753483013,1,1.1922469693993623
5020,88,215843.65043622992,Own,1,10298.403250029163,1,83052.40390269496,1,1,11862.522194270417,1,4.288175535047761
5021,29,9387.276596933256,Rent,1,457.4342093553335,0,0.0,0,0,0.0,0,0.0
5022,49,23496.60781834568,Rent,1,1727.6572350023187,1,1837.7140051383608,0,0,0.0,0,0.0
5023,36,23778.058098559763,Own,1,1286.9347204391615,1,2874.2629137151625,0,0,0.0,0,0.0
5024,67,26341.853600026796,Mortgage,1,1274.3687333871105,1,4119.628016656468,1,0,0.0,1,4.301809571118917
5025,64,24042.15390569532,Mortgage,1,1656.0446659551005,1,9195.712267193721,1,0,0.0,1,4533.926357984169
5026,30,2923.2421684294877,Rent,0,0.0,0,0.0,0,0,0.0,0,0.0
5027,29,14596.871984718397,Rent,1,831.0166413747235,0,0.0,0,0,0.0,0,0.0
5028,33,8343.648449043963,Rent,1,1107.1528312039952,1,546.6490847027999,0,0,0.0,0,0.0
5029,66,98584.24957387902,Own,1,7129.553346322377,1,82447.66679813553,0,1,20753.69141874756,1,0.0
5030,60,39552.52663128095,Mortgage,1,2098.1401894307983,1,3538.890931098633,0,0,0.0,1,3.2376779118329417
5031,65,57869.27411239447,Mortgage,1,4165.602264964684,1,8361.983650128905,1,0,0.0,1,7036.7218692090355
5032,91,80009.30471160488,Own,1,9684.20853431983,1,96549.45016387451,1,1,5178.891795091006,1,0.0
5033,54,37183.07727042858,Mortgage,1,2460.6781849339195,1,4242.8048137823125,1,0,0.0,1,2492.2900165208944
5034,89,107106.2178029103,Own,1,10715.6232451746,1,96758.46639356414,1,1,4585.049761503518,1,0.0
5035,37,9387.737110957547,Rent,1,231.8832852166321,1,1360.4929880876443,0,0,0.0,0,0.0
5036,89,91174.65952399501,Own,1,5429.85447209021,1,95977.33812544862,1,1,4306.100036432223,1,0.4781718082666149
5037,62,25997.490736533997,Mortgage,1,1118.8351877915707,1,2300.0818606977386,1,0,0.0,1,13.887847566816589
5038,60,68429.90988546834,Mortgage,1,1634.3311871650142,1,8904.990326202877,1,0,0.0,1,2632.5356165772146
5039,33,8282.793814593284,Rent,1,75.4636415754727,1,1250.2363860708733,0,0,0.0,0,0.0
5040,65,71581.81286743596,Mortgage,1,1194.518812334133,0,0.0,1,0,0.0,1,7.461774026222581
5041,61,55876.84587061407,Mortgage,1,1385.7758847723321,1,2845.1316028503393,0,0,0.0,1,0.0
5042,71,32225.36593434756,Mortgage,1,1342.4854105501774,1,3440.537992712085,0,0,0.0,1,14.905745455843203
5043,42,17745.60381490394,Rent,1,836.5851408701591,1,3862.0249790473154,0,0,0.0,0,0.0
5044,91,175559.06846169132,Own,1,3655.6579046634647,1,76849.0603110224,1,1,10118.724322835675,1,14.380029560603042
5045,89,99360.30030276472,Own,1,12555.443986876806,1,95702.56893260249,1,1,5383.951541580501,1,14603.656941472847
5046,65,39218.51936424834,Mortgage,1,1908.457504183164,1,4686.690532776516,1,0,0.0,1,16.05062100665347
5047,61,155878.17322100865,Own,1,7181.756488266047,1,37510.7863937019,0,0,0.0,1,10009.132018742544
5048,61,45580.76441485111,Mortgage,1,1741.400453761098,1,9277.994886197774,1,0,0.0,1,2.9301253671891896
5049,46,35751.024608619686,Rent,1,387.0601249654962,1,3821.91792406334,0,0,0.0,0,0.0
5050,87,195659.9716345197,Own,1,28930.561928929845,1,96758.46639356414,1,1,5452.065641172259,1,24.732932773687157
5051,30,14148.775823383454,Rent,1,74.34853131339048,1,1105.8946181415504,0,0,0.0,0,0.0
5052,91,170049.50207129185,Own,1,32142.334428878636,1,96758.46639356414,1,1,18383.03923824985,1,38.44122362806368
5053,88,660310.1352314834,Own,1,9330.888538820553,1,88959.97811121843,1,1,4834.41179539975,1,11.050400104811585
5054,50,33493.186993727235,Mortgage,1,1179.308967233712,1,2925.2393048818903,1,0,0.0,1,2678.5599008707595
5055,84,129704.93930820598,Own,1,4587.7683882487045,1,75309.80978274402,1,1,35.451368375122144,1,0.0
5056,46,35081.31860091297,Mortgage,1,829.0945286470414,1,4146.710078049497,0,0,0.0,0,0.0
5057,88,180358.69391947173,Own,1,5265.64125871957,1,95063.39587500588,1,1,4917.5150540619825,1,0.0
5058,75,35997.753248171764,Mortgage,1,1989.5846702172016,1,8920.23043329143,0,0,0.0,1,12.721839610533912
5059,76,134157.88563024937,Own,1,11109.859630464129,1,84123.99382569255,1,1,19863.074177873015,1,5.81897480725926
5060,62,42676.393430331744,Mortgage,1,1814.1342011554234,1,3119.8594205576505,0,0,0.0,1,6025.539967060281
5061,42,20721.351191573747,Rent,0,0.0,0,0.0,0,0,0.0,1,0.0
5062,76,59374.27436865998,Own,1,2772.329502622189,1,93785.59871102135,0,0,0.0,1,8.080427048741937
5063,66,88653.58878174172,Own,1,765.6479492917069,1,3494.265907337082,0,0,0.0,1,6077.457588908967
5064,30,525.5206015037594,Rent,0,0.0,0,0.0,0,0,0.0,0,0.0
5065,68,48186.67745578567,Own,1,1475.4383860469497,1,38234.417578487686,0,0,0.0,1,3951.8838041372337
5066,71,820175.6978089461,Own,1,7733.994817750219,1,95726.85403568888,1,1,11486.477521861907,1,28.018786530641346
5067,62,21016.81405550806,Mortgage,1,1940.7024690906362,1,8894.572901767287,1,0,0.0,1,6589.760890396057
5068,71,35656.483350668066,Own,1,2040.892199260786,1,36662.32035478157,0,0,0.0,1,4579.8766580439315
5069,36,22848.59563109193,Rent,1,149.406498440527,1,647.7724001577833,0,0,0.0,0,0.0
5070,88,228289.0443660217,Own,1,6580.7179456854465,1,83808.34780634101,1,1,4205.779902873579,1,19.02667265808098
5071,28,11399.9772401337,Rent,1,409.0583005687169,1,2126.9003590202633,0,0,0.0,0,0.0
5072,28,21695.72557642999,Rent,1,1389.591208498849,1,1549.6974272354391,0,0,0.0,0,0.0
5073,79,115591.82621297141,Own,1,4319.591547961266,1,94354.32861484076,1,1,4504.683801376622,1,13.085587122203048
5074,58,62489.20740358484,Mortgage,1,2015.1678460255894,1,9717.769521504464,1,0,0.0,1,0.0
5075,77,102647.17752543853,Own,1,2067.0567938505496,1,47943.54342450322,0,1,0.0,1,6054.779130919679
5076,40,17091.277955622292,Rent,1,0.0,1,1439.532564126671,0,0,0.0,0,0.0
5077,62,36055.68338371209,Mortgage,1,1940.9804118198122,1,3802.072338096158,0,0,0.0,1,5.66606574353635
5078,51,29259.067728447597,Mortgage,1,1773.3410943706156,1,4894.444073293886,0,0,0.0,1,0.3931722867255303
5079,74,800806.990284091,Own,1,34000.50341217777,1,84670.73678457369,1,1,5143.333465253326,1,10.332674288343132
5080,40,11055.3193689179,Rent,0,0.0,0,0.0,0,0,0.0,0,0.0
5081,29,5800.946106137881,Rent,0,0.0,1,158.9535618212676,0,0,0.0,0,0.0
5082,61,50893.93116563026,Own,1,2387.3207262232754,1,37241.17111771724,0,0,0.0,1,17.82371353037978
5083,34,32602.293270935144,Rent,1,768.4008241884582,1,2797.941568417917,0,0,0.0,0,0.0
5084,37,20543.264549879677,Rent,1,783.3154756595807,1,1893.772570862984,0,0,0.0,0,0.0
5085,28,9871.762321612649,Rent,0,0.0,0,0.0,0,0,0.0,0,0.0
5086,47,14864.314923601034,Mortgage,1,1248.5419061640089,1,4625.555724483538,0,0,0.0,1,3820.859948710176
5087,72,65665.52950105509,Own,1,5076.800446414834,1,35000.16422115176,0,1,1.035466961465567,1,3.371982729081726
5088,28,11391.98880265812,Rent,1,145.7748100341081,0,0.0,0,0,0.0,0,0.0
5089,68,30742.23688640793,Mortgage,1,702.3394658248208,0,0.0,1,0,0.0,1,5.664637458858705
5090,51,10771.013225286406,Rent,1,218.9932323583057,1,2072.84168280893,0,0,0.0,0,0.0
5091,45,21635.26118841604,Rent,1,1186.2590055690798,1,2835.1439718415436,0,0,0.0,0,0.0
5092,34,18039.02570650263,Rent,0,0.0,0,0.0,0,0,0.0,0,0.0
5093,35,21661.656632576403,Rent,1,192.08909171483492,1,36148.95205206076,0,0,0.0,0,0.0
5094,52,25926.170877327037,Mortgage,1,1863.8535074260537,1,3802.3979077546337,1,0,0.0,1,17.322517273044188
5095,78,103231.05089225447,Own,1,7369.263932011167,1,78177.2972043623,1,1,6681.830829775307,1,5772.5010748934055
5096,85,843166.7951970103,Own,1,32465.273202548186,1,96758.46639356414,1,1,12988.51975438878,1,0.8576945627486107
5097,91,641597.5436105018,Own,1,6214.385165313786,1,82162.35370659115,1,1,4778.012237721008,1,9690.593714914174
5098,66,43276.30298634824,Mortgage,1,2931.8958196776916,1,4044.8106376374863,0,0,0.0,1,17.019434563571963
5099,60,20856.06390990688,Rent,1,2803.173438612359,1,3207.0021862771773,1,0,0.0,1,11.496210155688473
5100,35,10478.60308013036,Rent,0,0.0,0,0.0,0,0,0.0,0,0.0
5101,44,19838.116242377168,Mortgage,1,1604.1842401427016,1,3523.704118187875,0,0,0.0,0,0.0
5102,63,28521.986392325838,Mortgage,1,1927.5300926809591,1,9618.945194252228,1,0,0.0,1,15.429083379748343
5103,59,32699.61171406049,Mortgage,1,601.0039020257386,0,0.0,0,0,0.0,1,14.634874996387959
5104,57,10723.119186036367,Mortgage,0,0.0,0,0.0,1,0,0.0,1,0.0
5105,87,96244.95475197195,Own,1,10971.671027166965,1,95633.9126525096,1,1,12581.96883562722,1,9868.535730891777
5106,61,50496.28731088432,Own,1,1061.68642222506,1,1062.0342685340224,0,0,0.0,1,0.0
5107,27,13850.267455587327,Rent,0,0.0,0,0.0,0,0,0.0,0,0.0
5108,76,20013.907453663272,Rent,1,1715.3749466444601,1,2153.6427148582306,0,0,0.0,1,0.0
5109,27,525.5206015037594,Rent,0,0.0,0,0.0,0,0,0.0,0,0.0
5110,71,58819.46314518765,Own,1,2548.760655089489,1,38573.235519461974,0,0,0.0,1,2607.4334344166227
5111,64,39635.20389623951,Rent,1,1136.0268551729819,1,3504.442902167008,0,0,0.0,1,1.949931590399598
5112,72,34980.1397105486,Own,1,1887.4782203028017,1,35086.98099168707,0,0,0.0,1,4155.451516965831
5113,30,9970.213019029965,Rent,1,775.1644936557541,1,878.0840553166506,0,0,0.0,0,0.0
5114,91,52159.349084328765,Own,1,10675.510110892921,1,9729.596149837862,1,1,10645.788439930162,1,22.119240899920218
5115,27,525.5206015037594,Rent,0,0.0,0,0.0,0,0,0.0,0,0.0
5116,67,63745.20969012439,Mortgage,1,1379.9308362474571,0,0.0,1,0,0.0,1,0.0
5117,28,38905.73060434949,Rent,1,1187.7376924876098,1,2162.7952631418675,0,0,0.0,0,0.0
5118,70,31904.284606275913,Own,1,5833.757994980323,1,9294.800290697987,0,1,0.0,1,17.130553409365962
5119,44,20298.708739561218,Mortgage,1,2350.8196640416386,1,2415.9311217598556,0,0,0.0,1,3153.259273570973
5120,78,182799.6832477523,Own,1,6042.385264711421,1,83013.47339624906,1,1,4792.532346645863,1,8.838980880843316
5121,87,202326.35864592352,Own,1,34167.185349825726,1,96758.46639356414,1,1,5243.905646081686,1,0.0
5122,80,146133.21587898736,Own,1,3642.18978850537,1,77334.44229645259,0,1,4747.2714588853905,1,0.940055161889751
5123,43,13956.239194906319,Rent,1,124.671405950348,1,1880.1545162712796,0,0,0.0,0,0.0
5124,27,26752.306151386947,Rent,1,199.55850416522082,0,0.0,0,0,0.0,0,0.0
5125,41,18664.99973906397,Mortgage,1,443.15193835005863,1,2462.104187861484,0,0,0.0,0,0.0
5126,60,51117.51304936425,Mortgage,1,3628.7352743199963,1,9236.475433994367,1,0,0.0,1,0.0
5127,76,105996.16156194248,Own,1,29939.82583234826,1,96758.46639356414,1,1,18198.62805577945,1,5953.694303273138
5128,45,43159.38993059133,Rent,1,877.4676182314361,1,3781.8572213697234,0,0,0.0,0,0.0
5129,39,5381.522941028974,Rent,0,0.0,0,0.0,0,0,0.0,0,0.0
5130,36,26514.113139132925,Rent,1,925.7616801127624,1,2424.858766017589,0,0,0.0,0,0.0
5131,58,44276.441426882055,Mortgage,1,1287.036822149966,1,5213.665859179886,1,0,0.0,1,9.880646468207091
5132,55,27225.05326559362,Mortgage,1,603.98033681894,1,1624.9719833087383,1,1,22.835948256540593,1,4.607562617243987
5133,62,16708.913502429452,Rent,1,1013.311267011128,1,3062.8755334414063,0,0,0.0,0,0.0
5134,27,525.5206015037594,Rent,0,0.0,0,0.0,0,0,0.0,0,0.0
5135,61,76148.56718527079,Own,1,1871.4357569438805,1,2677.4167384917832,0,0,0.0,1,0.0
5136,29,16336.921176698423,Mortgage,1,1446.6433985542426,1,2226.62403390159,0,0,0.0,1,31.95295437235856
5137,56,32141.62886670464,Mortgage,1,1833.1235876079832,1,9180.809920169053,0,0,0.0,1,13.919738415234185
5138,27,13209.234343807655,Rent,1,147.73273962821406,1,223.91611282208646,0,0,0.0,0,0.0
5139,65,42717.84085996641,Own,1,2427.058472229707,1,38322.71873682779,0,0,0.0,1,4746.120263285495
5140,75,71368.22928096236,Own,1,3364.2484060923694,1,79500.5595114355,1,1,4173.315357489724,1,0.031222380584738155
5141,41,27243.15551791586,Mortgage,1,1795.4285800113337,1,2340.587497095168,0,0,0.0,1,26.58064954228527
5142,74,98242.19736009242,Own,1,6051.2343111554965,1,85062.80365075578,1,1,32257.393101860103,1,0.0
5143,35,15648.128085744582,Rent,1,1.151327231843311,0,0.0,0,0,0.0,0,0.0
5144,76,131560.52776736126,Own,1,5779.009462649766,1,35856.76231049855,0,1,4565.665990054272,1,0.0
5145,65,33933.31694273236,Mortgage,1,2715.2904022672456,1,2436.7536466245397,1,0,0.0,1,10.773301863586303
5146,59,29873.763899728827,Mortgage,1,3684.937569982271,1,10334.689842922757,1,0,0.0,1,25.241332031352915
5147,78,73824.95047531655,Own,1,4709.992392506712,1,38632.45893089069,0,1,0.0,1,7.806220921285587
5148,64,67811.33724387534,Mortgage,1,1192.122362866934,1,8467.519334652463,1,0,0.0,1,15.088336608082631
5149,71,48385.01242470824,Own,1,4906.548720335023,1,37164.265197685985,0,0,0.0,1,14.16260488299712
5150,63,49802.57610277555,Mortgage,1,1690.0796250122594,1,1823.261287429285,1,0,0.0,1,2212.8632160833567
5151,49,21656.298200757683,Rent,1,1297.637787159114,1,4220.019352192861,0,0,0.0,0,0.0
5152,60,49643.80616154019,Mortgage,1,1986.751854108635,1,8087.228055682654,1,0,0.0,1,0.0
5153,61,22226.88337008293,Mortgage,1,1357.2943579127082,0,0.0,0,0,0.0,1,15.514659309025397
5154,39,36750.08745368661,Own,1,2304.1983283657664,1,37219.7067658621,0,0,0.0,1,0.0
5155,37,17583.39747697246,Rent,1,575.6183728771499,1,2418.9515160928577,0,0,0.0,0,0.0
5156,38,2246.019419745455,Rent,0,0.0,0,0.0,0,0,0.0,0,0.0
5157,73,31610.91256647408,Mortgage,1,851.9072553716517,0,0.0,1,0,0.0,1,8.37869223860218
5158,42,20087.47877929164,Rent,1,1148.0895147754175,1,2035.2431696341582,0,0,0.0,0,0.0
5159,70,77453.60525124795,Own,1,4791.881529105292,1,37193.95672505659,0,0,0.0,1,6372.351773887009
5160,75,47584.08246754357,Own,1,1688.887475321339,1,36790.94058252358,0,0,0.0,1,2.594954312522174
5161,27,8939.418287815059,Rent,0,0.0,0,0.0,0,0,0.0,0,0.0
5162,31,10343.516256293886,Rent,0,0.0,0,0.0,0,0,0.0,0,0.0
5163,36,23437.568188883557,Rent,1,1167.7223858367238,1,2379.2587576961755,0,0,0.0,1,0.0
5164,29,7991.6531318043235,Rent,0,0.0,0,0.0,0,0,0.0,0,0.0
5165,44,15892.128799221135,Rent,1,1244.772949321501,1,736.4238225659076,0,0,0.0,0,0.0
5166,41,31231.761420112864,Rent,1,1859.6386940825485,1,3372.749147594143,0,0,0.0,0,0.0
5167,42,22717.81451016265,Mortgage,1,1725.5347387742547,0,0.0,0,0,0.0,1,7.501289902304118
5168,42,42358.16113846327,Mortgage,1,1205.4490442786741,1,5391.218307400966,0,0,0.0,0,0.0
5169,33,43748.00907711689,Rent,1,1702.7013514031134,1,35347.46551391867,0,0,0.0,1,0.0
5170,49,14762.205811020385,Rent,1,0.0,1,1458.322531862219,0,0,0.0,0,0.0
5171,61,26293.16909183781,Mortgage,0,0.0,1,1778.3451556987652,0,0,0.0,1,3.9820209872362287
5172,69,52275.49582367313,Own,1,1973.4410235451298,1,37306.253269443136,0,0,0.0,1,12.813982745699983
5173,63,13233.361968554433,Own,1,1804.0120989517152,0,0.0,0,0,0.0,1,26.01650062401571
5174,42,24991.471427536355,Rent,1,1083.1969328697585,1,4996.745601430996,0,0,0.0,0,0.0
5175,77,220029.80776784325,Own,1,9359.635731879383,1,96758.46639356414,1,1,4365.544634173495,1,0.0
5176,34,7859.879918336826,Rent,1,392.14700655380557,1,2683.3962299325403,0,0,0.0,0,0.0
5177,41,18938.707236631388,Rent,1,1094.511339124128,1,3124.4342260722137,0,0,0.0,0,0.0
5178,73,88234.11233393052,Own,1,7787.708804336097,1,95546.67779738661,1,1,11842.865736656446,1,5.185628425017187
5179,64,235549.95703226246,Own,1,5256.546514304345,1,91054.48074213072,1,1,4794.081399641099,1,0.0
5180,69,42855.20206551295,Mortgage,1,1603.2262867252093,1,4135.544326327403,0,0,0.0,1,0.0
5181,78,113032.912055658,Own,1,4022.427346326068,1,42689.58407621377,1,1,4256.008869110068,1,4789.201102097564
5182,27,525.5206015037594,Rent,0,0.0,0,0.0,0,0,0.0,0,0.0
5183,75,51579.022566523854,Own,1,2907.9364217723414,1,39646.63887149951,0,0,0.0,1,6.450721190262021
5184,68,55794.57966498254,Rent,1,953.9168730420002,1,3415.959840066509,0,0,0.0,0,0.0
5185,57,41682.509166563366,Mortgage,1,3011.7854180687655,1,5771.890906480093,1,0,0.0,1,9.692574467509596
5186,51,71783.21053690187,Mortgage,1,1983.454339965283,1,8863.451536168952,1,0,0.0,1,0.0
5187,44,19129.32621552242,Rent,1,952.9019697492978,1,1822.4232674496154,0,0,0.0,0,0.0
5188,56,48844.602635636285,Mortgage,1,1568.5522502173267,1,5759.765000171987,0,0,0.0,1,0.0
5189,35,28171.129242398787,Rent,1,1286.120566421025,1,2821.029561473909,0,0,0.0,0,0.0
5190,50,26958.62393297895,Mortgage,1,587.0088160929956,1,5337.035790848895,0,0,0.0,1,2527.0352800326227
5191,90,101049.6805571158,Own,1,4325.779792805378,1,82678.37840532283,1,1,4381.4211154796085,1,4.45063703477984
5192,50,16590.52278004992,Rent,1,0.0,1,475.6379276854202,0,0,0.0,0,0.0
5193,69,38194.18700201806,Own,1,2263.4437248947324,1,38158.97672435984,0,0,0.0,1,3.0100685081555074
5194,39,45831.28721852488,Rent,1,1071.727275866413,1,4001.1609433189114,0,0,0.0,0,0.0
5195,65,74990.14317798795,Mortgage,1,923.7748192379393,0,0.0,0,0,0.0,1,3.011329583901386
5196,47,13090.045706838744,Rent,1,981.8538111799272,0,0.0,0,0,0.0,0,0.0
5197,37,38527.116095364465,Rent,1,950.1158342228765,1,2685.7454357436345,0,0,0.0,1,5.18018562410048
5198,65,103437.07061174847,Own,1,6567.441686688331,1,8571.968907988832,0,0,0.0,1,19.014677670041582
5199,75,37038.228656895764,Own,1,1864.4090825818057,1,2888.4587624818314,0,0,0.0,1,2921.9464957660603
5200,29,29321.11435833152,Rent,0,0.0,0,0.0,0,0,0.0,0,0.0
5201,28,525.5206015037594,Rent,0,0.0,0,0.0,0,0,0.0,0,0.0
5202,27,6894.675624684938,Rent,0,0.0,0,0.0,0,0,0.0,0,0.0
5203,87,91390.50074876467,Own,1,5201.652702721002,1,83331.08623871107,1,1,4267.026209163324,1,0.0
5204,69,109526.05197677131,Own,1,4886.068371911474,1,93417.19801453633,0,1,4938.92634342835,1,10.565049647201494
5205,90,264851.18454492296,Own,1,11215.671785610424,1,85795.02063401758,1,1,5103.829463510911,1,0.0
5206,56,31544.090904965524,Mortgage,1,505.8407634311264,1,9279.110426923518,1,0,0.0,1,6.636959900216601
5207,57,58632.85144356678,Mortgage,1,822.5867451279776,1,8801.507695759745,1,0,0.0,1,10.387419694105239
5208,28,21951.96663461476,Rent,1,789.582134389471,1,1368.7605260674939,0,0,0.0,0,0.0
5209,69,45577.40732139442,Mortgage,1,1661.9989017762566,1,48855.46308934923,0,0,0.0,1,0.0
5210,29,525.5206015037594,Rent,0,0.0,0,0.0,0,0,0.0,0,0.0
5211,29,525.5206015037594,Rent,0,0.0,0,0.0,0,0,0.0,0,0.0
5212,28,1578.2706001815586,Rent,0,0.0,0,0.0,0,0,0.0,0,0.0
5213,36,17693.172580103106,Rent,0,0.0,0,0.0,0,0,0.0,0,0.0
5214,37,66161.39617596673,Rent,1,1723.4884212796503,1,2608.0369245823244,0,0,0.0,0,0.0
5215,61,39031.48786864024,Mortgage,1,2587.2787547921525,1,41189.575512002266,0,0,0.0,1,4247.168642295321
5216,62,65360.05692963516,Mortgage,1,2213.8072404844474,1,9451.08239383471,1,0,0.0,1,5.2987022135613495
5217,75,31382.011312311057,Own,1,2833.1993261521993,1,42247.99361601347,0,0,0.0,1,10.746833791063647
5218,59,13775.426754728629,Mortgage,1,502.4433326980929,1,1251.5521841227974,1,0,0.0,1,2.487554864208918
5219,74,24152.78652828733,Rent,1,736.0884992502463,0,0.0,0,0,0.0,1,0.0
5220,47,10045.695506895328,Rent,1,625.0802833339118,1,1721.4469641695114,0,0,0.0,0,0.0
5221,40,36994.46709339505,Rent,1,2262.4731419601594,1,1882.7270224018025,0,0,0.0,1,12.859640796583497
5222,42,16172.812677749842,Rent,1,1077.3332360510408,0,0.0,0,0,0.0,0,0.0
5223,31,13179.976023720898,Rent,0,0.0,0,0.0,0,0,0.0,0,0.0
5224,41,20786.76061431826,Rent,1,991.1945293055203,1,5102.029494789873,0,0,0.0,0,0.0
5225,47,24310.73413802634,Mortgage,1,1405.5615709733802,1,4675.305159488198,0,0,0.0,1,1.8403645586362765
5226,65,42117.509179151915,Mortgage,1,2296.092094681215,1,8770.180024077932,1,0,0.0,1,3797.8315192954988
5227,44,16272.829224476422,Mortgage,1,273.5476983624144,0,0.0,1,0,0.0,1,4.271770786902145
5228,59,25747.012338714514,Mortgage,1,855.7162069762028,1,3551.4974665127256,0,0,0.0,1,0.0
5229,61,94501.0525811215,Own,1,1556.459069618476,1,93049.25318465116,1,0,0.0,1,0.0
5230,29,19843.132825477835,Rent,0,0.0,0,0.0,0,0,0.0,0,0.0
5231,31,16793.063475443825,Rent,1,137.29206396187453,1,1294.784523890479,0,0,0.0,0,0.0
5232,66,34870.38583421162,Mortgage,1,797.7994381775155,1,4037.9427732825916,0,0,0.0,1,16.166012190841805
5233,31,12412.429517736731,Rent,1,79.04444166177439,0,0.0,0,0,0.0,0,0.0
5234,40,16609.059485794358,Rent,1,630.4284034529045,0,0.0,0,0,0.0,0,0.0
5235,68,34334.034433286615,Rent,1,1414.7983568535483,1,36390.18779711652,0,0,0.0,1,0.0
5236,49,24812.553707256513,Mortgage,1,858.4207211612165,1,3166.7867920113704,0,0,0.0,1,8.551623820965977
5237,77,117474.7052050416,Own,1,3961.0601947240248,1,81046.36394586232,0,1,4129.395144764162,1,6.632603957356385
5238,74,165849.91527892626,Own,1,28333.21952202474,1,78204.48799114289,1,1,8070.5803795581005,1,9.036085167609542
5239,48,30801.746480936727,Rent,1,939.6636628791119,1,1887.1181661627002,0,0,0.0,0,0.0
5240,69,29963.052017308688,Own,1,574.1719861525155,1,36984.124893863525,0,0,0.0,1,5931.919882198411
5241,40,23376.825634138662,Rent,1,348.0638024014729,1,1757.8807610879696,0,0,0.0,0,0.0
5242,38,53907.70300007645,Mortgage,1,1133.7732000159178,1,3985.581055628401,0,0,0.0,1,4287.404521296693
5243,28,38729.33796003347,Mortgage,1,1306.2596634352456,1,2572.346258803103,0,0,0.0,1,8.288837963424264
5244,47,19272.089047395548,Rent,1,651.1877498903432,1,2382.1402561035525,0,0,0.0,0,0.0
5245,38,9834.014108993597,Rent,0,0.0,1,593.4956155548812,0,0,0.0,0,0.0
5246,64,46215.18726886365,Mortgage,1,2618.991838639594,1,9385.33041934254,0,0,0.0,1,3369.6907363581495
5247,44,25441.529518652045,Mortgage,1,313.41713092519797,0,0.0,0,0,0.0,0,0.0
5248,59,39428.88733938096,Mortgage,1,1789.3895691245018,0,0.0,0,0,0.0,1,5.045645012220369
5249,60,27052.29399719852,Own,1,1023.8958688477079,1,2582.5264265576666,0,0,0.0,1,0.0
5250,42,3239.691377943025,Rent,0,0.0,0,0.0,0,0,0.0,0,0.0
5251,77,224819.30753277245,Own,1,8565.867881497985,1,96758.46639356414,1,1,8243.837598462214,1,10973.059541996803
5252,30,15827.712875673407,Rent,1,387.01694968344543,0,0.0,0,0,0.0,0,0.0
5253,62,22258.82301951685,Rent,1,214.8909008704769,1,1866.8531793381558,0,0,0.0,0,0.0
5254,60,39560.850736340246,Mortgage,1,1533.656338269583,1,10051.915916230782,1,0,0.0,1,8.579811041607469
5255,31,12562.07160450487,Rent,1,15.978505167804883,1,706.0717174506308,0,0,0.0,0,0.0
5256,91,795908.2318451072,Own,1,7384.735086712577,1,96758.46639356414,1,1,5171.727704162939,1,0.0
5257,68,33568.43753879383,Rent,1,1207.3654717187728,1,999.3292311043695,0,0,0.0,1,18.484224855902056
5258,46,11635.054841075282,Rent,1,701.8478261397852,1,921.8310526574478,0,0,0.0,0,0.0
5259,75,765501.5508553957,Own,1,40335.00710997281,1,91353.45595308697,1,1,7481.081391478087,1,0.0
5260,57,60554.01053960377,Mortgage,1,2081.3030370169554,1,3858.4404019262006,1,0,0.0,1,32.359141913912985
5261,60,31579.941098581774,Rent,1,1524.9160742237896,1,3573.8116417275533,0,0,0.0,0,0.0
5262,60,45036.08656446969,Mortgage,1,2546.21796255126,1,2900.580990036734,1,0,0.0,1,0.0
5263,74,96324.48122352589,Own,1,6853.681513973872,1,44278.01331509403,0,1,5675.102607617306,1,6.491933185687359
5264,50,36752.120918745044,Mortgage,1,1067.660894228423,1,6075.503190712298,0,0,0.0,1,3687.5884294406746
5265,27,4125.978523745929,Rent,0,0.0,0,0.0,0,0,0.0,0,0.0
5266,38,7412.7189509754935,Rent,1,650.2782024358892,1,3108.204670566033,0,0,0.0,0,0.0
5267,70,50380.56045916066,Own,1,2000.9821798500216,1,1675.2574586395062,0,0,0.0,1,0.0
5268,28,23054.712624777836,Rent,1,953.5708763264493,1,1241.5714507762575,0,0,0.0,0,0.0
5269,73,49871.23379427968,Mortgage,1,1729.189466600854,0,0.0,0,0,0.0,1,0.0
5270,35,31986.17926655578,Rent,1,90.6196136169076,1,536.0586899816738,0,0,0.0,0,0.0
5271,90,194656.78956933762,Own,1,28894.830761980265,1,87442.41821184792,1,1,4693.362704194242,1,4.333032084434985
5272,47,36457.1820373317,Mortgage,1,1464.7121211090575,1,2845.0762835990477,0,0,0.0,1,11.57859009149126
5273,72,54057.02793744635,Own,1,2030.7002340220356,1,2997.6425021113287,0,0,0.0,1,0.0
5274,56,32345.516862311008,Mortgage,1,1559.0224222877205,1,4070.4649749123855,0,0,0.0,1,0.0
5275,30,17204.304776661327,Rent,1,0.0,1,0.0,0,0,0.0,0,0.0
5276,45,46894.48649699699,Mortgage,1,1969.0021933373387,1,4647.0687053400325,0,0,0.0,1,13.86143155935053
5277,40,24842.442102528792,Rent,1,342.0266508818677,1,2131.909406862143,0,0,0.0,0,0.0
5278,34,6117.6335387846375,Rent,0,0.0,0,0.0,0,0,0.0,0,0.0
5279,28,16324.108811264114,Rent,1,1095.2905923838102,1,1655.7400634424575,0,0,0.0,0,0.0
5280,74,68964.9672516276,Own,1,24260.41812930046,1,84562.64834895548,1,1,18730.216914772664,1,16.17160918442613
5281,32,525.5206015037594,Rent,0,0.0,0,0.0,0,0,0.0,0,0.0
5282,57,63782.42805136352,Mortgage,1,2798.470558844717,1,10254.276837299949,0,0,0.0,1,0.0
5283,60,16395.03659424784,Mortgage,1,666.2044587444652,1,2958.3106523960796,0,0,0.0,0,0.0
5284,70,44577.67454712679,Own,1,2280.2278262620603,1,7860.0421334405455,0,0,0.0,1,6142.906122016202
5285,71,36426.467151098535,Own,1,2072.991861207625,1,36580.445293062636,0,0,0.0,1,0.0
5286,38,20552.019542855967,Rent,1,1565.710429036084,1,2712.3820001237655,0,0,0.0,0,0.0
5287,73,48837.012554161905,Own,1,2538.4897360449418,1,37058.989758704345,0,0,0.0,1,0.0
5288,36,13443.005025692913,Rent,1,842.6370129150015,1,2867.104197935147,0,0,0.0,0,0.0
5289,65,68561.409714701,Mortgage,1,1719.250406868372,1,10040.112743018339,1,0,0.0,1,3.5061336039756648
5290,81,118026.83481734719,Own,1,5042.308729477572,1,74379.22284132078,0,1,5181.030733675931,1,5099.329893089968
5291,31,8702.079928870246,Rent,0,0.0,0,0.0,0,0,0.0,0,0.0
5292,71,95481.53014315118,Own,1,31360.17282481701,1,96758.46639356414,1,1,11906.536964039937,1,27.35987119935403
5293,45,18299.466092515046,Rent,1,776.424784867114,0,0.0,0,0,0.0,0,0.0
5294,28,525.5206015037594,Rent,0,0.0,0,0.0,0,0,0.0,0,0.0
5295,58,27359.568190587263,Mortgage,1,1463.9457229128195,1,3102.4059438607937,0,0,0.0,1,13.825491651531323
5296,62,25567.384697118752,Mortgage,1,4138.816623445726,1,8864.222631173016,1,0,0.0,1,0.0
5297,28,5343.173098486637,Rent,0,0.0,0,0.0,0,0,0.0,0,0.0
5298,52,17540.67975618098,Mortgage,1,1455.6664710173152,1,2372.0430672259263,0,0,0.0,1,24.65420039559952
5299,91,96481.54069285117,Own,1,9206.149888320353,1,76283.20334834357,1,1,11140.752172501056,1,4596.39453476704
5300,59,36170.97897481745,Own,1,2445.6091122251255,1,36957.37407179728,0,0,0.0,1,0.0
5301,66,56104.40776531207,Mortgage,1,3109.3689443304347,1,9114.169432820005,1,0,0.0,1,11.006257948075955
5302,30,18333.564006559136,Rent,1,420.7866103141218,1,1674.0280193190256,0,0,0.0,0,0.0
5303,49,13894.130196909024,Mortgage,1,1885.0725184252024,0,0.0,1,0,0.0,1,0.0
5304,43,28310.928524378884,Mortgage,1,2155.1232410278835,1,1630.006954864596,0,0,0.0,1,0.0
5305,79,116212.81383174307,Own,1,8619.776743445225,1,77159.6681371347,1,1,7984.180611372812,1,23.156547040044966
5306,31,36697.06894647723,Rent,1,1019.9811831708909,1,3522.786177294868,0,0,0.0,0,0.0
5307,90,226934.74468673003,Own,1,34695.75293715821,1,86983.73595868664,1,1,19337.516791605474,1,0.0
5308,57,40705.57521383285,Mortgage,1,4202.260010366274,1,8616.940641051131,1,0,0.0,1,22.28602129622224
5309,39,23219.872814644437,Mortgage,1,522.6873684026366,0,0.0,0,0,0.0,0,0.0
5310,49,20201.834051539026,Rent,1,678.2923556438695,1,2888.128962257172,0,0,0.0,0,0.0
5311,33,38726.590474646066,Rent,1,786.00549372887,1,2558.331128787537,0,0,0.0,0,0.0
5312,29,30559.229456693378,Own,1,6337.417626632251,0,0.0,0,0,0.0,1,16.554169202795784
5313,29,13652.713704628046,Rent,1,1201.6082763920986,1,1090.9853671599678,0,0,0.0,0,0.0
5314,41,23786.050707468807,Mortgage,1,1267.9600262061613,1,3539.3150913429517,0,0,0.0,1,0.9653637856520054
5315,40,12697.233051357893,Rent,1,516.8622515501868,1,880.002095896868,0,0,0.0,0,0.0
5316,41,15908.023937288413,Mortgage,1,740.8908111065177,1,2323.83486886792,0,0,0.0,1,9.543902698392923
5317,54,25591.387634697654,Rent,1,1298.4131395719578,1,3906.988907947703,0,0,0.0,0,0.0
5318,72,62236.726311948434,Own,1,4131.718193437108,1,3079.784554664202,0,0,0.0,1,0.0
5319,30,4857.988762998644,Rent,1,613.8583744326008,1,345.1231215453231,0,0,0.0,0,0.0
5320,35,21246.06353898967,Rent,1,957.0906222493581,1,1938.0304550548638,0,0,0.0,0,0.0
5321,43,60323.76784170333,Mortgage,1,1237.7124436195004,1,8992.090380487822,0,0,0.0,1,8.926297985763153
5322,89,119662.4035198602,Own,1,6142.456992463173,1,44276.46568591483,1,1,5694.09303730644,1,14.375833317291429
5323,36,7744.206693279693,Rent,0,0.0,0,0.0,0,0,0.0,0,0.0
5324,59,65394.315613163315,Mortgage,1,2287.879378912054,1,9735.005431789428,0,0,0.0,1,22.244575508667754
5325,47,31545.622004558812,Mortgage,1,1044.4439699550765,1,4264.076100553361,0,0,0.0,1,5.752382598618844
5326,42,28294.736781597974,Mortgage,1,1015.7279302830393,1,2881.8139685242904,0,0,0.0,0,0.0
5327,30,525.5206015037594,Rent,0,0.0,0,0.0,0,0,0.0,0,0.0
5328,75,95259.36275708681,Own,1,32580.539736556544,1,95633.91603960388,1,1,15913.15540012007,1,11.880761662473013
5329,38,12428.783572837674,Rent,1,86.23695309038385,0,0.0,0,0,0.0,0,0.0
5330,75,174336.25314310493,Own,1,5758.951090958027,1,95904.7208805303,1,1,22085.346401223334,1,0.0
5331,31,26303.694451162923,Rent,1,1223.1523062984452,1,430.9973611915864,0,0,0.0,0,0.0
5332,71,90670.58057358666,Own,1,7952.557926368049,1,96366.14618593975,1,1,10995.924481097589,1,0.0
5333,31,6173.806831817299,Rent,1,475.7981550913164,1,1643.3744403787534,0,0,0.0,0,0.0
5334,28,525.5206015037594,Rent,0,0.0,0,0.0,0,0,0.0,0,0.0
5335,30,7702.8893517914275,Rent,0,0.0,1,1754.0799882395495,0,0,0.0,0,0.0
5336,88,202833.31966683274,Own,1,29982.9208875659,1,96758.46639356414,1,1,11041.934841913982,1,25.362327217883195
5337,33,13619.661576575108,Rent,0,0.0,0,0.0,0,0,0.0,0,0.0
5338,67,49756.59142263583,Own,1,4922.282430216723,1,40900.7609548356,0,0,0.0,1,6979.006352221588
5339,56,68839.12968868804,Mortgage,1,2003.8632548890832,1,9901.721586576865,0,0,0.0,1,2868.1761892072227
5340,78,95299.84657632143,Own,1,6192.284486973023,1,90272.76188223386,1,1,4475.911967067646,1,5.322652640222149
5341,73,68999.30597957912,Own,1,2362.020464700551,1,44767.22103717718,0,1,11077.659523957587,1,0.0
5342,86,134376.25931260435,Own,1,9166.602139687551,1,96492.01544809973,1,1,4239.701623204635,1,5.806772560244559
5343,55,30172.102437818987,Mortgage,1,1623.4713271933324,1,3698.6280052764996,0,0,0.0,0,0.0
5344,63,75806.00637433364,Own,1,9766.413115960608,1,95576.3234610421,0,1,4199.971067627176,1,1.774903137943857
5345,66,61427.15745816873,Mortgage,1,1836.520391043961,1,8531.138663335534,1,0,0.0,1,0.0
5346,45,26951.512611457343,Rent,1,1221.6865261060161,1,3179.077322525316,0,0,0.0,0,0.0
5347,33,14366.63268465118,Rent,1,271.57440179591526,1,1913.4785251539,0,0,0.0,0,0.0
5348,76,123258.3637097241,Own,1,11228.522522968095,1,96402.97720720782,1,1,7603.852849834547,1,24.51713312659776
5349,34,14064.585136607231,Mortgage,1,833.8729625923635,1,1486.886441029877,0,0,0.0,0,0.0
5350,26,23425.244612097064,Rent,0,0.0,0,0.0,0,0,0.0,0,0.0
5351,63,52608.242839979,Own,1,2116.738708365133,1,45567.80976050454,0,0,0.0,1,26.722544844035443
5352,35,8707.960338718874,Rent,1,547.9529465109489,1,831.1016865025442,0,0,0.0,0,0.0
5353,85,177543.55574373857,Own,1,8690.701279532423,1,83807.434297329,1,1,4860.201600328767,1,0.0
5354,41,25077.65542880434,Mortgage,1,1187.705953779244,1,3238.029250636396,0,0,0.0,1,27.500887402648562
5355,45,26951.373237729946,Mortgage,1,1800.0159716067287,1,3787.063944715752,1,0,0.0,1,0.0
5356,73,38934.79516225003,Rent,1,2718.4646830305605,1,1838.80275514103,0,0,0.0,1,5528.088216508617
5357,41,18564.088514634146,Rent,1,1723.7791212820784,1,1968.0841558048492,0,0,0.0,0,0.0
5358,65,37751.851244269594,Mortgage,1,1626.6946652930226,1,4601.824271507907,1,0,0.0,1,4070.3001152254283
5359,61,80338.44641117731,Mortgage,1,936.6190002060786,1,10522.742002225063,0,0,0.0,1,2436.058327970907
5360,64,47603.28955409728,Mortgage,1,2038.2393091647336,1,10589.47820669844,1,0,0.0,1,2702.3371442827265
5361,80,97518.49920417361,Own,1,28354.246422654498,1,95264.63397280009,1,1,10542.587787878232,1,18.112248061537112
5362,34,15865.043838196048,Rent,1,778.0087207706019,0,0.0,0,0,0.0,0,0.0
5363,89,102540.57842013029,Own,1,6886.160026617362,1,74737.44689050697,1,1,12335.611249866268,1,10.459011149430188
5364,39,21610.446567337945,Mortgage,1,1028.823634604604,0,0.0,0,0,0.0,0,0.0
5365,27,961.402482701149,Rent,0,0.0,0,0.0,0,0,0.0,0,0.0
5366,80,215821.7843466734,Own,1,7327.184034368713,1,96685.33312833872,1,1,4598.61622713138,1,8.10151439791537
5367,69,62290.594338967705,Mortgage,1,4337.205998804029,1,9525.891269304377,1,0,0.0,1,21.091036132189302
5368,89,201116.1940627812,Own,1,6349.855625018906,1,95853.50124082444,1,1,34479.13223369442,1,16.45080905168603
5369,89,213642.63470589707,Own,1,32731.003027180406,1,96758.46639356414,1,1,4722.5945222737655,1,11199.772467166244
5370,69,62727.255630412474,Own,1,2167.2208640338154,1,37201.54534049738,0,0,0.0,1,6.105115847689701
5371,30,13731.805681671183,Rent,1,709.5098429028101,0,0.0,0,0,0.0,0,0.0
5372,50,40891.18030320863,Mortgage,1,2120.8455729051516,1,2856.4222482436785,0,0,0.0,1,7.935033375688787
5373,77,96598.53644483634,Own,1,3896.312139551122,1,77856.41088224437,1,1,4433.179297405508,1,7.72580043386286
5374,50,63415.93075821953,Mortgage,1,875.3933432715029,1,2941.756079044404,0,0,0.0,0,0.0
5375,75,52450.92337802544,Own,1,3057.516691925023,1,36913.732797293866,0,1,5.287245493402569,1,22.288270106166856
5376,44,32342.177133105342,Rent,1,932.1752670462433,1,1777.9303799046793,0,0,0.0,0,0.0
5377,43,64344.76326767383,Mortgage,1,1823.0557915232446,1,3491.773368104312,1,0,0.0,1,0.0
5378,27,4335.844837899145,Rent,1,197.7428372732312,0,0.0,0,0,0.0,0,0.0
5379,27,8617.423746122522,Rent,0,0.0,0,0.0,0,0,0.0,0,0.0
5380,38,56767.44359074245,Mortgage,1,1108.7408009377364,1,2740.364528332086,0,0,0.0,1,6342.958269179151
5381,28,525.5206015037594,Rent,0,0.0,0,0.0,0,0,0.0,0,0.0
5382,61,28226.714995055223,Own,1,2202.03480582731,1,38786.833174616535,0,0,0.0,1,3213.2505180826897
5383,47,22953.703258014968,Mortgage,1,1012.2378692135322,1,3511.2927406312074,0,0,0.0,1,25.915434339149545
5384,43,27311.660711026125,Rent,1,729.9223242662787,1,3687.329082688454,0,0,0.0,0,0.0
5385,64,74241.17674179848,Own,1,5212.289779120774,1,8197.505183424062,1,0,0.0,1,19.84759842548504
5386,77,76287.83054960221,Own,1,2101.3898985224855,1,39276.86312502814,0,0,0.0,1,10.63983208974527
5387,27,1520.8428172533713,Rent,0,0.0,0,0.0,0,0,0.0,0,0.0
5388,63,39529.34610114988,Rent,0,0.0,1,2144.8479396937264,0,0,0.0,0,0.0
5389,51,31251.80744908427,Mortgage,1,1656.05137729769,1,5626.838403431928,0,0,0.0,1,3112.5909280464602
5390,89,196859.0894273118,Own,1,8198.316241923209,1,84530.24092207065,1,1,18480.774519250717,1,12.345521391449534
5391,29,36468.67840616557,Rent,1,962.3311513976964,1,359.22672557542364,0,0,0.0,0,0.0
5392,58,47021.38357989125,Mortgage,1,1985.6817872676936,1,10092.630086484958,1,0,0.0,1,5393.1607432284
5393,53,50838.92401383712,Mortgage,1,2854.7015437756245,1,8879.425477178247,1,0,0.0,1,3032.860067743701
5394,61,40420.23762962787,Mortgage,1,2329.9893701230244,1,9694.347528537004,1,0,0.0,1,9.514962536932932
5395,64,8657.154286339584,Mortgage,1,2062.758392444223,0,0.0,0,0,0.0,1,0.0
5396,28,17142.987848040466,Rent,1,805.0330119294717,1,1914.4307474283187,0,0,0.0,0,0.0
5397,27,10819.78209190485,Rent,0,0.0,0,0.0,0,0,0.0,0,0.0
5398,29,31198.615029724067,Rent,1,668.1915264823783,1,3399.3276796424952,0,0,0.0,0,0.0
5399,61,45374.161876508995,Own,1,860.0699722383509,1,38528.94255663157,0,0,0.0,1,4201.07436969967
5400,48,27712.585770331563,Mortgage,1,841.3748784057511,1,2730.1905684735525,0,0,0.0,0,0.0
5401,55,28159.979269010866,Mortgage,1,2184.122319467032,0,0.0,1,0,0.0,1,0.0
5402,48,16771.002900996333,Rent,1,877.560669451183,1,836.5228811603138,0,0,0.0,1,0.0
5403,61,220139.96736097938,Mortgage,1,2451.4999527845684,1,8286.393706487166,1,0,0.0,1,0.0
5404,27,17295.230025509136,Rent,1,642.4900730676956,1,2736.4944799624095,0,0,0.0,0,0.0
5405,74,69429.54635551025,Own,1,1976.105851709946,1,36922.093922391025,0,0,0.0,1,9.97715305561654
5406,29,16130.237790108247,Rent,0,0.0,0,0.0,0,0,0.0,0,0.0
5407,42,43051.691769361074,Own,1,1657.3909338971487,0,0.0,0,0,0.0,1,0.0
5408,32,4864.833174461801,Rent,0,0.0,0,0.0,0,0,0.0,0,0.0
5409,50,21726.34859759756,Mortgage,1,1426.5415664480756,1,2962.0819262422524,1,0,0.0,1,0.0
5410,37,21905.372698635525,Rent,1,1399.0734579177765,1,3161.5375790658463,0,0,0.0,0,0.0
5411,37,20654.568989306626,Rent,1,1113.0579372996508,1,2286.763911894682,0,0,0.0,0,0.0
5412,46,22505.811515865604,Own,1,1435.483844098604,0,0.0,0,0,0.0,1,2948.077588630309
5413,66,39386.69037287092,Mortgage,1,7145.764031191558,1,3303.121937531775,0,0,0.0,1,0.0
5414,37,17915.38402606246,Rent,1,435.46159611965135,1,1142.0323903881954,0,0,0.0,0,0.0
5415,39,26676.167738352604,Rent,1,1644.3992962597517,1,1652.4211842714376,0,0,0.0,0,0.0
5416,75,40126.56450951797,Own,1,4357.604943054954,1,9188.721503164823,1,1,9117.516958178281,1,0.0
5417,38,14959.636390476247,Rent,0,0.0,0,0.0,0,0,0.0,0,0.0
5418,29,4169.446544754126,Rent,1,517.0635884404069,1,1184.2262181266378,0,0,0.0,0,0.0
5419,55,51078.48706667831,Mortgage,1,938.0922939083359,1,2902.3322604990767,0,0,0.0,1,3941.086852451324
5420,63,72966.26776906611,Own,1,1090.3156101995905,1,38308.34593748918,0,0,0.0,0,0.0
5421,67,36519.052917964626,Mortgage,1,1689.3274316822224,1,9319.153976704567,1,0,0.0,1,5547.1093456986155
5422,72,43699.43288227645,Own,1,2891.6846886067724,1,36634.10931720708,0,0,0.0,1,8.023140467717393
5423,27,38841.42311650488,Rent,1,111.6788672069074,0,0.0,0,0,0.0,0,0.0
5424,28,11161.046536353322,Rent,1,1295.16015837942,1,2594.3521925888135,0,0,0.0,0,0.0
5425,28,14832.342445354092,Rent,0,0.0,1,1653.1659018729931,0,0,0.0,0,0.0
5426,32,9974.465079163449,Rent,1,559.2800305175429,1,1585.1714144509974,0,0,0.0,0,0.0
5427,91,124196.06264592038,Own,1,10634.527074606463,1,93196.3992053384,1,1,18337.505650053237,1,3.824821562599395
5428,59,44337.496151418614,Mortgage,1,2003.154665592702,1,10264.59418233804,0,0,0.0,1,2855.9638087213525
5429,60,27152.938579344744,Mortgage,1,1927.8319273806458,1,3885.3951784584015,0,0,0.0,1,0.0
5430,48,19219.642713774247,Mortgage,1,528.8254100063768,0,0.0,1,0,0.0,1,0.0
5431,74,19599.356706955754,Mortgage,1,1601.4535291484406,0,0.0,1,0,0.0,0,0.0
5432,30,16041.592168220071,Rent,1,0.0,1,87.59807350407641,0,0,0.0,0,0.0
5433,29,18140.453722290797,Rent,1,225.33665945845428,1,356.73271484137217,0,0,0.0,0,0.0
5434,42,45554.48112757783,Mortgage,1,1251.0673794212116,1,4071.531997278949,0,0,0.0,1,3874.200479842199
5435,36,525.5206015037594,Rent,0,0.0,0,0.0,0,0,0.0,0,0.0
5436,30,13297.272662340329,Rent,1,559.3469950549329,0,0.0,0,0,0.0,0,0.0
5437,61,60560.914088413214,Mortgage,1,2432.621337835445,1,3147.343477706949,0,0,0.0,1,0.0
5438,54,60512.48988106856,Mortgage,1,1985.0565422263726,1,3119.286178839775,1,0,0.0,1,0.0
5439,36,17425.989424411582,Rent,1,205.37703095066354,0,0.0,0,0,0.0,0,0.0
5440,87,117412.7797539779,Own,1,9463.842316729975,1,96758.46639356414,1,1,12948.853879905855,1,0.0
5441,60,39955.95424009454,Mortgage,1,1000.411801882211,1,2268.9719784070353,0,0,0.0,1,15.252354552631674
5442,37,14105.27965175117,Rent,0,0.0,0,0.0,0,0,0.0,0,0.0
5443,59,38108.7001985103,Mortgage,1,1628.4034874224374,1,1168.667391298215,0,0,0.0,1,4270.624126789001
5444,58,46669.29294775019,Mortgage,1,2447.1045479724567,1,3786.478103268156,0,0,0.0,1,2752.681058872937
5445,74,125671.04039755734,Own,1,5938.05283342945,1,76907.45086056381,1,1,3995.554068004151,1,12.298654830502286
5446,65,68865.75969053831,Mortgage,1,2088.796956493718,1,8977.984780530096,1,0,0.0,1,6.669180660867834
5447,35,19202.93586892582,Rent,1,422.08878391322054,1,1069.1062583909345,0,0,0.0,0,0.0
5448,38,11013.701212467993,Rent,0,0.0,0,0.0,0,0,0.0,0,0.0
5449,72,129881.24907163507,Own,1,5618.063690912399,1,44705.265903843945,0,1,4166.256581320274,1,0.0
5450,81,51562.420079787626,Own,1,2648.6975536406217,1,9748.462538746626,0,0,0.0,1,5.8605968150053105
5451,91,721908.4448529987,Own,1,9499.691329549665,1,96758.46639356414,1,1,27025.901484739188,1,9.810314586751387
5452,33,18691.893553666898,Rent,1,450.651641467181,1,1216.7564210446485,0,0,0.0,0,0.0
5453,26,525.5206015037594,Rent,0,0.0,0,0.0,0,0,0.0,0,0.0
5454,29,18261.165525364955,Rent,1,1355.0918530944584,1,2100.6198907651287,0,0,0.0,0,0.0
5455,28,12961.230991097284,Rent,1,1453.9508667571008,1,1642.1918131927823,0,0,0.0,0,0.0
5456,27,7371.293121728635,Rent,0,0.0,0,0.0,0,0,0.0,0,0.0
5457,30,10239.564361711247,Rent,0,0.0,0,0.0,0,0,0.0,0,0.0
5458,90,117263.72672766162,Own,1,4342.230699047776,1,44599.93252530735,0,1,12322.6254224444,1,5.718875230318978
5459,59,31694.930914567507,Mortgage,1,1103.3589473591537,1,3157.534543767877,1,0,0.0,1,2591.219540728239
5460,61,65514.448718525186,Mortgage,1,1504.549074482184,0,0.0,1,0,0.0,1,4.644550334327238
5461,40,17295.535266221792,Rent,1,765.4038139057784,1,0.0,0,0,0.0,0,0.0
5462,26,2865.2452761144104,Rent,0,0.0,0,0.0,0,0,0.0,0,0.0
5463,29,30149.559585574272,Rent,1,252.94910997609873,1,587.3550407082425,0,0,0.0,0,0.0
5464,61,61864.891662356844,Mortgage,1,1593.0196849247523,1,8402.12885984121,1,0,0.0,1,11.82853340194722
5465,63,31995.16309470365,Own,1,2273.8537208570838,1,35777.656101026274,0,0,0.0,1,0.0
5466,69,23916.8408114048,Rent,1,229.63793413503436,0,0.0,1,0,0.0,1,0.0
5467,27,13818.079827372723,Rent,1,796.5357928289121,1,657.3120509952698,0,0,0.0,0,0.0
5468,32,24404.32591887211,Rent,1,288.85137065004335,1,768.4079145709161,0,0,0.0,0,0.0
5469,45,30154.616455597792,Mortgage,1,1362.6997751594724,1,3957.8519015469446,0,0,0.0,1,0.0
5470,62,54168.8607556066,Own,1,1871.6866437448869,1,2902.8373533138647,0,0,0.0,1,27.53422505888894
5471,38,29306.447184464523,Mortgage,1,1127.9065627861364,1,3502.162351087567,1,0,0.0,1,0.0
5472,77,95266.98498083539,Own,1,2734.3905814700447,1,44887.01667547283,1,1,4121.717081498611,1,3745.9609840103512
5473,68,50670.387919843204,Own,1,6267.073792461464,1,1126.5832834356759,0,0,0.0,0,0.0
5474,62,38961.19551663822,Mortgage,1,2175.951381660885,0,0.0,1,0,0.0,1,0.0
5475,78,46901.85939240509,Own,1,2013.4663387340647,1,37700.99000389725,0,0,0.0,1,17.166260025681567
5476,31,7611.1082679541505,Rent,1,887.1720965582944,1,1012.5437724541073,0,0,0.0,0,0.0
5477,51,67091.64228049082,Mortgage,1,2290.982179037287,1,9277.597792896646,1,0,0.0,1,14.699835165754232
5478,44,26983.396093772102,Mortgage,1,1106.4066169349583,1,4818.4686227665625,0,0,0.0,1,17.837314525165016
5479,37,24818.627680222864,Rent,1,443.5959256447404,1,1858.1534108491478,0,0,0.0,0,0.0
5480,40,19093.86649047111,Rent,0,0.0,0,0.0,0,0,0.0,0,0.0
5481,68,50683.89706829205,Mortgage,1,1810.4839308020082,1,9083.003298603,0,0,0.0,1,2.020140943753354
5482,49,42061.470275116575,Own,1,2541.585274108893,1,38748.7970621782,0,0,0.0,1,6166.333847384244
5483,87,112467.97828258638,Own,1,6566.074445150075,1,92123.98080142186,1,1,5059.092080889351,1,9783.487871536076
5484,60,49970.74994781631,Mortgage,1,1942.2790541506633,1,4114.955264337872,0,0,0.0,1,5615.535045951404
5485,70,55078.17913146979,Own,1,2677.2090817736544,1,35672.62128894997,0,1,0.0,1,8.830705540597439
5486,77,201545.34562921032,Own,1,36733.73119520478,1,95992.89069464228,1,1,4468.080989723212,1,6676.087285001647
5487,30,26323.554410342804,Mortgage,1,1378.347135695048,1,3539.0737651328272,1,0,0.0,1,1.0364354039274795
5488,88,222992.4578613932,Own,1,9072.29345200302,1,93357.2008409709,1,1,4893.47332886427,1,3.8338050376775645
5489,71,95934.01139118432,Mortgage,1,378.54392617643754,1,47859.25756518833,1,0,0.0,1,11.87005928958878
5490,41,43402.318261153814,Mortgage,1,681.79736995959,1,1798.1126637587759,0,0,0.0,1,3.8603779912517346
5491,68,37828.42566241445,Mortgage,1,4623.9791931558975,1,2780.3723949328228,1,0,0.0,1,10699.108464636487
5492,77,60407.20248125133,Own,1,6237.614301286036,1,36457.152045208924,0,0,0.0,1,5.458510898534633
5493,60,31104.43710936454,Mortgage,1,908.5438593264129,1,10532.02668972763,1,0,0.0,1,3795.501423244129
5494,50,17220.934929664443,Rent,1,1250.1448586958334,1,2385.106273865771,0,0,0.0,0,0.0
5495,44,42995.031517218806,Mortgage,1,2785.0729846480517,1,3040.6366426091085,0,0,0.0,1,0.0
5496,63,60890.63780002204,Own,1,5937.495632741775,1,8501.800843152703,1,0,0.0,1,2.209160878918821
5497,71,35060.828314557184,Own,1,1633.7634375251496,1,36404.76594051576,0,0,0.0,1,24.070236718289923
5498,62,53928.61435887233,Mortgage,1,3014.0579737517437,1,8525.466633452192,1,0,0.0,1,0.0
5499,41,12035.3390897926,Rent,1,0.5755385970203406,1,611.3826333167249,0,0,0.0,0,0.0
5500,56,28374.13983541377,Mortgage,1,2554.071375172116,1,3987.1196941556036,0,0,0.0,1,5864.413337111367
5501,73,31380.566739199123,Own,1,2446.699772498568,1,51048.65980945594,0,0,0.0,1,6404.436154001332
5502,32,9431.311145381995,Rent,1,480.0291849729378,1,3242.944984604058,1,0,0.0,0,0.0
5503,59,35716.388738225556,Own,1,1232.0145121181777,1,8954.586068824878,0,0,0.0,1,9.472229140478724
5504,34,11654.457406101206,Rent,1,1238.1252857198383,1,3792.6056185409234,0,0,0.0,0,0.0
5505,65,67781.23772374917,Mortgage,1,1849.697356379717,0,0.0,1,0,0.0,1,14.418989241704955
5506,39,25377.583691072366,Rent,1,630.7622066003405,1,2234.1265866489557,0,0,0.0,0,0.0
5507,49,16890.371489772653,Rent,1,711.3101428224065,1,3831.1385350292862,0,0,0.0,0,0.0
5508,64,66935.12240998527,Mortgage,1,2183.976297147595,1,9658.652058732345,1,0,0.0,1,17.940649644997563
5509,48,39402.19291923879,Mortgage,1,1656.7106204133556,1,2243.900930444697,0,0,0.0,1,0.0
5510,79,50261.49840443209,Own,1,1882.9408279429463,1,36051.61262309386,0,0,0.0,1,2.530867234105011
5511,42,30288.928129256004,Rent,1,264.2823005654502,1,1295.9890396580088,0,0,0.0,0,0.0
5512,69,40752.40983769816,Mortgage,1,2799.3941917086777,1,39712.875461190095,0,0,0.0,1,0.16193469328368634
5513,57,53853.57434477434,Mortgage,1,2509.008849394645,1,8675.706869709084,1,0,0.0,1,0.579356584941273
5514,72,260382.27667455544,Own,1,3716.9944950901563,1,82202.75064682416,1,1,9032.665589105574,1,7212.836835216371
5515,68,100352.36392496017,Own,1,1789.7657977310407,1,42503.29950259033,0,0,0.0,1,8.538185028857065
5516,44,37333.98851869327,Mortgage,1,1296.2393631194682,1,4367.000257670099,0,0,0.0,1,3.9597524120912206
5517,68,36561.41930593615,Own,1,1257.5864253983855,0,0.0,0,0,0.0,1,4.784099204151676
5518,42,27152.793991660474,Mortgage,1,397.5590769194498,1,1592.9243408421462,1,0,0.0,0,0.0
5519,26,525.5206015037594,Rent,0,0.0,0,0.0,0,0,0.0,0,0.0
5520,29,22878.464430628905,Rent,1,892.1967696132897,1,1775.1882372670775,0,0,0.0,0,0.0
5521,49,32975.595957827674,Mortgage,1,976.5476768802182,1,2184.3253444527036,0,0,0.0,1,1.4805027772849542
5522,26,525.5206015037594,Rent,0,0.0,0,0.0,0,0,0.0,0,0.0
5523,76,796497.5112672308,Own,1,10236.754927463871,1,96107.9414567035,1,1,11698.36816946065,1,5.989149945376607
5524,63,38403.355146607806,Mortgage,1,4339.857518219323,1,2660.825929421057,0,0,0.0,1,0.0
5525,91,104204.75256081055,Own,1,27229.96650642865,1,79564.63398438637,0,1,10772.986162775627,1,25.94029139867092
5526,28,3899.364651451715,Rent,0,0.0,1,867.1228422726506,0,0,0.0,0,0.0
5527,44,31404.279007772544,Rent,1,301.15682841629064,1,1438.2919965777508,0,0,0.0,1,24.534350640314408
5528,57,61326.01384373181,Mortgage,1,2427.8133043901516,1,10054.290510147413,1,0,0.0,1,3.1925642912287624
5529,68,23747.89781246014,Mortgage,1,2114.260783280429,1,8445.464092446096,0,0,0.0,1,38.295717814888626
5530,77,64601.04154774038,Own,1,2347.4903889355,1,9155.710190618458,0,0,0.0,1,11.986920310374932
5531,77,60794.12415303546,Mortgage,1,1464.1796558080932,1,9528.539990995836,1,0,0.0,1,0.0
5532,77,148346.95387554535,Own,1,5949.834287664745,1,36880.24507186001,0,1,4083.260780027265,1,5388.052777828721
5533,61,57414.937559416,Own,1,4679.652586665127,1,49121.7336877823,0,0,0.0,1,12.551851205744558
5534,58,39021.86554611705,Mortgage,1,1952.033216314143,0,0.0,1,0,0.0,1,0.0
5535,52,72616.06526427888,Mortgage,1,806.395729922206,1,3233.477253391692,0,0,0.0,1,12.195880411279262
5536,57,41305.81218192672,Mortgage,1,1264.4147770194536,1,2378.6410490489575,1,0,0.0,1,1.806350432129278
5537,45,20535.65096965842,Mortgage,1,913.3210779510817,1,2384.2914300312814,0,0,0.0,1,0.0
5538,72,41420.819552425324,Own,1,8489.086788605251,1,43094.32326796951,0,1,7422.187542109078,1,5859.273311604462
5539,74,119411.31648760132,Own,1,6761.813565342929,1,96758.46639356414,1,1,5239.603138722411,1,6514.318142538651
5540,30,15503.46091513986,Rent,0,0.0,1,915.2004678841542,0,0,0.0,0,0.0
5541,49,40128.76902973966,Mortgage,1,837.186443850732,0,0.0,0,0,0.0,1,0.0
5542,30,13255.988712474253,Rent,1,504.8464316616802,1,370.63380350764123,0,0,0.0,0,0.0
5543,91,153469.65582681412,Own,1,7161.239775684546,1,94842.73279151446,1,1,20779.99363246809,1,22.504380141093666
5544,27,525.5206015037594,Rent,0,0.0,0,0.0,0,0,0.0,0,0.0
5545,72,42933.49274347484,Own,1,5113.804989819472,1,39241.89938375598,1,0,0.0,1,0.0
5546,51,21433.64315435658,Mortgage,1,661.934952328121,1,3098.573234836129,0,0,0.0,1,2664.961782244926
5547,35,2962.83940583207,Rent,1,612.8130065836874,1,962.5029801957617,0,0,0.0,0,0.0
5548,31,27596.19322629366,Rent,1,305.3643054575325,1,233.01330161806845,0,0,0.0,0,0.0
5549,36,34115.173977759696,Rent,1,1438.5458461218436,1,2293.4343536597107,0,0,0.0,1,23.470605463948566
5550,70,49591.65738453876,Mortgage,1,1603.8650456830776,1,8962.474860523871,1,1,32.67161678335944,1,2.7687179345404553
5551,35,3739.8967169017487,Rent,1,0.0,0,0.0,0,0,0.0,0,0.0
5552,58,66646.36693105593,Mortgage,1,1148.388609251554,1,3560.611945448762,1,0,0.0,1,15.168134317328354
5553,46,39209.73557589836,Mortgage,1,1708.765658118233,1,9556.268685565927,0,0,0.0,1,0.0
5554,63,67098.2950492544,Mortgage,1,1381.34517290521,1,3042.6748558212944,1,0,0.0,1,3.969400717892108
5555,84,195746.39656774944,Own,1,12666.093669387308,1,95559.55480403418,1,1,21513.887166773027,1,38.588243332884446
5556,28,16271.523103915411,Rent,1,1108.401648901833,1,2782.66076336282,0,0,0.0,0,0.0
5557,58,36404.60382179993,Mortgage,1,1400.5608035342125,1,5144.112040243921,0,0,0.0,1,0.0
5558,27,20740.428431900917,Rent,1,583.598175674078,1,2159.5770984618607,0,0,0.0,0,0.0
5559,34,11999.327822251293,Rent,1,1287.8176416587573,1,3905.886201675069,0,0,0.0,0,0.0
5560,62,51859.9698895318,Mortgage,1,987.1095669292762,1,4392.323691094379,0,0,0.0,1,2686.018469081562
5561,54,41041.29180052624,Mortgage,1,1493.895715692091,1,2496.6502555659717,1,0,0.0,1,0.0
5562,76,198264.20793417987,Own,1,32791.76110289607,1,96228.16975527504,1,1,4722.97024175399,1,30.062714470034805
5563,67,61771.29629071517,Own,1,5927.672897872483,1,8905.851432604406,1,0,0.0,1,12.541477243217331
5564,73,43636.83874917969,Mortgage,1,2914.5731013582,1,8628.050125900263,0,0,0.0,1,3684.153121763828
5565,37,13634.791404731903,Rent,1,1098.438723541635,1,410.36580960255924,0,0,0.0,0,0.0
5566,45,43265.678831857644,Rent,1,1179.6437308169227,1,4183.43635883981,0,0,0.0,1,0.0
5567,28,10411.951660067494,Rent,1,308.9192772094657,1,1312.3038502696713,0,0,0.0,0,0.0
5568,62,46734.8400414761,Mortgage,1,1650.1526467371027,1,2803.4193698906,1,0,0.0,1,0.0
5569,69,77255.17199119198,Own,1,4298.325953845325,1,9616.2694770442,1,0,0.0,1,12.80146310209025
5570,30,23136.90944196078,Rent,1,829.5224323364829,1,20.175172361014575,0,0,0.0,0,0.0
5571,42,17459.842631335516,Mortgage,1,972.6117831734651,1,933.764652141861,0,0,0.0,0,0.0
5572,59,39601.987725675775,Mortgage,1,2629.6448603271674,1,2504.4144941232203,1,0,0.0,1,25.982019539032343
5573,52,24062.791480926215,Mortgage,1,224.39040858147666,0,0.0,0,0,0.0,1,0.0
5574,62,106673.70364783845,Mortgage,1,4297.087239840974,1,3964.1696083603138,1,0,0.0,1,0.0
5575,26,525.5206015037594,Rent,0,0.0,0,0.0,0,0,0.0,0,0.0
5576,90,127071.90867415302,Own,1,9120.548477788972,1,82627.4752430971,1,1,10668.6745232849,1,16.485997019937823
5577,40,29446.65974373429,Rent,1,270.96421478442755,1,1809.408229484524,0,0,0.0,0,0.0
5578,73,110743.10992069628,Own,1,4387.721856519114,1,83124.67401466104,0,1,33266.694404618254,1,0.0
5579,78,119094.03016252726,Own,1,4933.513298747038,1,78441.1615037477,1,1,11832.865049800102,1,17.296697009975745
5580,63,44560.299661824,Mortgage,1,1357.203245549406,1,2280.1511690744237,1,0,0.0,1,0.0
5581,32,25430.80487151746,Rent,1,1016.8393317854383,1,1444.6743574786642,0,0,0.0,0,0.0
5582,76,190416.80401661084,Own,1,5717.1551364685265,1,85267.777879631,1,1,13370.68815383742,1,0.0
5583,37,30357.174564018944,Mortgage,1,1831.8567405447138,1,4254.957574988801,0,0,0.0,0,0.0
5584,27,525.5206015037594,Rent,0,0.0,0,0.0,0,0,0.0,0,0.0
5585,44,17865.449141677505,Mortgage,1,1105.2225473842618,0,0.0,1,0,0.0,1,2776.9860681445216
5586,30,12480.745582756255,Mortgage,1,1125.5969659391874,1,3548.6161750352157,0,0,0.0,0,0.0
5587,75,101645.63885509725,Own,1,4126.724781191683,1,37793.08456650813,0,1,4588.198563839862,1,11.097143511874958
5588,38,15160.620854799892,Rent,1,1428.0005422693243,1,3818.900426748485,0,0,0.0,0,0.0
5589,89,881800.8724899375,Own,1,11661.495598218073,1,95140.19188700862,1,1,17984.3063128207,1,8.199529870715084
5590,27,15358.301356303644,Rent,0,0.0,0,0.0,0,0,0.0,0,0.0
5591,90,47549.394750099775,Own,1,3486.717345364894,1,96758.46639356414,1,1,3838.6752788503863,1,0.0
5592,26,525.5206015037594,Rent,0,0.0,0,0.0,0,0,0.0,0,0.0
5593,28,15908.417522887357,Rent,1,1113.4054010798693,1,2180.7397499264057,0,0,0.0,0,0.0
5594,72,38739.960073301634,Own,1,3006.150987382372,1,37067.177481704144,0,0,0.0,1,32.35585781034293
5595,54,35134.383560609545,Mortgage,1,2697.0926055632935,1,3502.6102392900466,0,0,0.0,1,18.764350880418753
5596,59,34646.06916562075,Mortgage,1,1713.9530392676072,1,8224.26355671001,1,0,0.0,1,0.0
5597,56,34533.562445687494,Mortgage,1,2025.598403754477,1,9369.54335274201,1,0,0.0,1,27.471787041014423
5598,36,26016.018442545,Mortgage,1,1937.7217412600605,1,2690.894862508524,0,0,0.0,0,0.0
5599,59,29799.604247715688,Mortgage,1,1189.689699001382,0,0.0,1,0,0.0,1,7.456477908590329
5600,44,24631.79692939051,Mortgage,1,869.1543426677434,1,2040.2620753850117,0,0,0.0,0,0.0
5601,74,152275.578752278,Own,1,4135.429074636285,1,46353.16315412302,0,1,6188.103426025759,1,18.1521098698697
5602,46,30182.365764723494,Mortgage,1,601.6757046861487,0,0.0,1,0,0.0,1,0.0
5603,52,25859.23432184686,Mortgage,1,752.373988090382,1,5002.155391953836,0,0,0.0,1,0.0
5604,52,75346.19879441142,Mortgage,1,3031.0482889465275,1,2706.575777958875,1,0,0.0,1,2585.062149063878
5605,54,46338.22072594715,Mortgage,1,2182.608644123923,1,4350.84317360202,0,0,0.0,1,3820.4487336204143
5606,44,51877.627280018554,Own,1,1588.0059704821656,1,470.2060646433613,0,0,0.0,1,0.0
5607,45,28821.829719589543,Mortgage,1,1632.0096497255886,1,4222.536539072093,0,0,0.0,1,2758.963089412026
5608,30,10076.122533758737,Rent,1,454.9781829925998,1,958.0946486404223,0,0,0.0,0,0.0
5609,30,525.5206015037594,Rent,0,0.0,0,0.0,0,0,0.0,0,0.0
5610,56,71684.32985750135,Mortgage,1,1643.2266340720344,1,9331.729588374768,1,0,0.0,1,12.825258835457886
5611,35,525.5206015037594,Rent,0,0.0,0,0.0,0,0,0.0,0,0.0
5612,32,29264.049944148614,Rent,1,897.640281321608,1,1677.1272309394044,0,0,0.0,0,0.0
5613,45,26449.348490904762,Rent,1,531.9853914640662,1,2765.397064346829,0,0,0.0,0,0.0
5614,59,32100.32595561784,Mortgage,1,1461.5466097167064,1,9377.58909144308,0,0,0.0,1,0.0
5615,52,22505.697207409663,Mortgage,1,1548.7360574410436,0,0.0,0,0,0.0,1,0.0
5616,28,3070.19434225877,Rent,1,382.91447043626664,1,2184.8309424495183,0,0,0.0,0,0.0
5617,76,147888.03456597877,Own,1,2076.599395702588,1,36635.515807577845,0,0,0.0,1,0.0
5618,35,13532.436791137674,Rent,1,313.0486191064625,0,0.0,0,0,0.0,0,0.0
5619,44,32367.942565257454,Mortgage,1,2088.8565096183574,1,3720.6011981587026,0,0,0.0,1,6297.39954633592
5620,44,24790.356638091016,Mortgage,1,1347.3849322649885,1,2904.2702276864775,1,0,0.0,1,5040.506186858822
5621,35,37328.24956893717,Rent,1,1205.1689812068091,1,4241.651708590796,0,0,0.0,0,0.0
5622,26,525.5206015037594,Rent,0,0.0,0,0.0,0,0,0.0,0,0.0
5623,48,31680.51835096784,Mortgage,1,1772.542425532352,0,0.0,1,0,0.0,1,0.0
5624,28,11380.520667788407,Rent,0,0.0,0,0.0,0,0,0.0,0,0.0
5625,63,47298.584851500265,Own,1,2492.7835889757257,1,37463.853149544295,0,0,0.0,1,0.0
5626,77,566189.7569850412,Own,1,26260.459011231807,1,95067.46063007748,1,1,8522.75695734228,1,8500.626096644648
5627,33,20454.06127958365,Rent,1,601.42670062964,1,666.1802374043577,0,0,0.0,0,0.0
5628,46,69397.62039957842,Mortgage,1,2016.6975126809687,1,8877.43707087982,1,0,0.0,1,2331.618079609063
5629,53,30199.196399588032,Mortgage,1,1533.217623579793,1,2808.0562543654655,0,0,0.0,1,4897.511993503544
5630,75,828946.5084099032,Own,1,8460.585100873253,1,43752.76360576253,1,1,8521.449555157862,1,28.122528158415793
5631,70,30141.57473168242,Own,1,1232.3909993300963,1,3731.546408626269,0,0,0.0,1,17.447385298784518
5632,42,5342.996558431929,Rent,1,586.1202209143622,1,1063.4555095332903,0,0,0.0,0,0.0
5633,67,40595.21529855716,Own,1,4126.681310255962,1,38811.27433776372,0,0,0.0,1,4158.736384785301
5634,30,525.5206015037594,Rent,0,0.0,0,0.0,0,0,0.0,0,0.0
5635,30,8959.188451047006,Rent,1,0.0,0,0.0,0,0,0.0,0,0.0
5636,35,36390.24320965581,Rent,1,921.6431749521166,1,794.0158995554564,0,0,0.0,0,0.0
5637,73,86684.33106391401,Own,1,6037.769583841769,1,96758.46639356414,1,1,17705.56974588468,1,0.0
5638,54,25639.87585391966,Mortgage,1,1077.2554112014304,0,0.0,0,0,0.0,1,0.0
5639,69,123911.02000964382,Own,1,3583.302383823409,1,9167.359040514859,1,0,0.0,1,2863.18898801191
5640,60,37949.06843979088,Mortgage,1,2096.0740485535457,0,0.0,1,0,0.0,1,2306.2214690651545
5641,46,32502.726625428164,Mortgage,1,1159.3952032281409,1,4211.827688497827,1,0,0.0,1,7.602198490123852
5642,27,2344.662336761812,Rent,0,0.0,0,0.0,0,0,0.0,0,0.0
5643,30,4301.938694365472,Rent,1,849.2497221954454,1,2014.1253386041462,0,0,0.0,0,0.0
5644,45,34666.51731541037,Mortgage,1,1108.4466120720178,1,2637.329272868614,0,0,0.0,0,0.0
5645,39,22432.65818650922,Mortgage,1,1392.0159985350067,1,2926.944315022704,0,0,0.0,1,0.9953500667648275
5646,59,69363.95199549783,Mortgage,1,1460.274789623058,1,4005.4698669457193,1,0,0.0,1,1.5279570726211116
5647,29,24700.74615703524,Rent,1,1280.2996459341132,1,3814.3420836545056,0,0,0.0,0,0.0
5648,39,19550.101845124882,Rent,1,566.4864608769161,1,1559.3853318270112,0,0,0.0,0,0.0
5649,50,11418.487232580388,Mortgage,1,1275.6522383606691,0,0.0,0,0,0.0,1,0.0
5650,78,113448.59237773178,Own,1,5105.973576151057,1,35972.447870086115,0,1,8039.074376193027,1,7327.165256331957
5651,67,80760.54235024191,Mortgage,1,3105.6131920091357,1,4688.550694333671,1,0,0.0,1,0.0
5652,56,41587.27797543125,Mortgage,1,1260.0412184688857,1,3882.7010435501,0,0,0.0,1,3916.896850519218
5653,76,39431.171059032844,Own,1,3629.267654840112,1,95021.83138948117,1,1,17400.160478754126,1,6133.302884702554
5654,43,5831.320250259305,Rent,0,0.0,0,0.0,0,0,0.0,0,0.0
5655,65,176229.6222726214,Own,1,10606.402494417734,1,88449.46811529857,1,1,6094.987838556895,1,10.704843322917053
5656,54,30744.74107768525,Mortgage,1,1128.8456585263402,1,4477.182778794242,0,0,0.0,1,0.0
5657,91,808195.5524678838,Own,1,19786.988736672993,1,94704.9244454034,1,1,11805.044661672786,1,26.67563823304466
5658,86,197148.29502727455,Own,1,9998.002043903069,1,96758.46639356414,1,1,4709.500248076565,1,9273.681215691957
5659,29,28556.140337474168,Rent,1,347.617805579632,1,4167.085762922266,0,0,0.0,0,0.0
5660,78,34286.898627052135,Own,1,1241.6952402698548,1,3567.0377156374725,0,0,0.0,1,2673.1244220566978
5661,90,111699.80796507193,Own,1,8738.741415129516,1,79572.20826143162,1,1,4318.622142808944,1,4238.406421512556
5662,65,31756.80077458921,Mortgage,1,1044.6912035410814,0,0.0,0,0,0.0,1,5.239037661201784
5663,74,36831.47691141567,Own,1,1499.0620327069248,1,2112.152488906247,0,0,0.0,1,0.018456437029525055
5664,55,54373.625899463535,Mortgage,1,4728.8407810885965,1,1743.5991973716687,1,0,0.0,1,6.837327764905566
5665,76,97360.18117958936,Own,1,10758.705006883418,1,96758.46639356414,1,1,18519.170882401257,1,20502.209270668995
5666,27,19985.185956077446,Rent,1,493.557942397289,1,1953.9977384498695,0,0,0.0,1,0.0
5667,74,47950.78399419728,Own,1,2707.218874480215,1,36321.007407179226,0,0,0.0,1,13.243962015617697
5668,32,30012.042430634276,Rent,0,0.0,1,1241.1440716228858,0,0,0.0,0,0.0
5669,69,35944.22855672628,Own,1,1680.7500717720125,1,34892.691139083625,0,0,0.0,1,0.0
5670,29,17954.24584928155,Rent,1,1085.731404671372,1,3054.5140952860474,0,0,0.0,0,0.0
5671,26,31992.698318622453,Rent,1,779.1615392187874,1,2138.4368126671798,0,0,0.0,0,0.0
5672,80,121162.27230874711,Own,1,38241.97987674977,1,94378.28178268769,1,1,11878.567204962603,1,15.399040840839989
5673,29,13893.598253849439,Rent,1,754.9113781391569,1,2278.0516126525763,0,0,0.0,0,0.0
5674,40,10519.608572903566,Rent,0,0.0,1,945.1548078093442,0,0,0.0,0,0.0
5675,59,51406.32208533467,Mortgage,1,1588.4151259027803,1,4521.507892200909,1,0,0.0,1,2364.904623173876
5676,65,56482.239251896375,Mortgage,1,1600.5775274293096,1,8414.42952185903,1,0,0.0,1,16.787694999154752
5677,62,45546.63793452244,Own,1,7801.224593081113,1,9134.386672320266,1,0,0.0,1,0.0017861226772518668
5678,59,31863.195819421755,Mortgage,1,1676.965767305702,1,4682.304907145424,0,0,0.0,1,4212.252357011512
5679,88,132834.3903476091,Own,1,39782.34342651945,1,76707.42104263384,1,1,11278.182404878262,1,11.024021143635798
5680,38,9554.252129599266,Rent,1,332.3407299749912,1,929.7913227760071,0,0,0.0,0,0.0
5681,74,47193.901167550925,Mortgage,1,2055.0993877371584,1,9317.323149621721,1,0,0.0,1,4484.726806850508
5682,29,6637.937604333521,Rent,0,0.0,0,0.0,0,0,0.0,0,0.0
5683,73,116439.05645776895,Own,1,7961.747472346681,1,96247.30466054067,1,1,5405.7871404777925,1,7.668276556330358
5684,39,24293.325198026123,Rent,1,660.006249533432,1,3042.1134780824987,0,0,0.0,0,0.0
5685,64,63887.24228128291,Mortgage,1,1704.3419650441515,1,8481.977045920588,1,0,0.0,1,0.0
5686,31,9486.34576526592,Rent,0,0.0,1,1188.266224894298,0,0,0.0,0,0.0
5687,26,9005.184684708924,Rent,0,0.0,0,0.0,0,0,0.0,0,0.0
5688,58,63199.37390815167,Mortgage,1,865.551476569521,1,9007.443163827918,1,0,0.0,1,12.523089266978307
5689,71,31749.359294107555,Own,1,2258.9387136228092,1,9161.48359593698,1,1,5.675438758173824,1,25.711976112976142
5690,30,6748.73971761796,Rent,0,0.0,0,0.0,0,0,0.0,0,0.0
5691,70,33602.25785152469,Mortgage,1,1408.5857911403505,1,4587.6388152190375,0,0,0.0,1,3.3424668482458872
5692,56,58692.82691104238,Mortgage,1,2024.278439673932,1,9432.200009924323,1,0,0.0,1,2.656194834094929
5693,28,525.5206015037594,Rent,0,0.0,0,0.0,0,0,0.0,0,0.0
5694,57,57427.073184370776,Mortgage,1,2653.650701647692,1,9302.982524294319,1,0,0.0,1,11.19211718386802
5695,60,53881.47303341318,Mortgage,1,1198.822214745352,1,2477.5784493506503,1,0,0.0,1,2508.4183736305545
5696,76,221176.85104181056,Own,1,20887.96684441946,1,96758.46639356414,1,1,21520.73506994328,1,2.943287063059379
5697,31,11416.705571765102,Rent,1,811.0610836370234,0,0.0,0,0,0.0,0,0.0
5698,35,4754.472411314135,Rent,1,0.0,1,1240.7304877940255,0,0,0.0,0,0.0
5699,37,30784.693904655232,Rent,1,902.6904096186131,1,2614.694410238416,0,0,0.0,0,0.0
5700,71,70099.30651665127,Own,1,2237.0756870358614,1,37956.91808838441,0,0,0.0,1,7.31668673600249
5701,29,8580.528036136078,Rent,0,0.0,1,1900.8212459378115,0,0,0.0,0,0.0
5702,29,16028.476955290596,Rent,0,0.0,0,0.0,0,0,0.0,0,0.0
5703,76,98770.00375302412,Own,1,4398.980482764754,1,49490.12294609418,1,0,0.0,1,0.0
5704,60,51868.10813264544,Mortgage,1,2123.8548951020243,1,1483.7810674978828,1,0,0.0,1,0.0
5705,39,12622.76770134063,Rent,1,475.9411861420526,1,1423.043472582011,0,0,0.0,0,0.0
5706,60,44321.630137734224,Mortgage,1,1286.9160436573297,1,2464.759672868945,0,0,0.0,1,22.052990117900958
5707,88,228995.87730999157,Own,1,7393.155633083687,1,77164.2309062446,1,1,12787.046386384764,1,6689.671957693066
5708,74,111066.51836248927,Own,1,3486.563968412944,1,83538.49229457122,1,1,4919.572977076225,1,16714.421387043898
5709,44,25600.385950973032,Rent,1,160.12129725286422,1,2426.1313847037914,0,0,0.0,0,0.0
5710,41,30873.169466041327,Rent,1,1281.5850340710595,1,2439.6055770530465,0,0,0.0,0,0.0
5711,38,525.5206015037594,Rent,0,0.0,0,0.0,0,0,0.0,0,0.0
5712,46,14058.038055762532,Mortgage,1,957.0968959002826,1,2778.15999275647,0,0,0.0,0,0.0
5713,29,6234.146364200456,Rent,0,0.0,0,0.0,0,0,0.0,0,0.0
5714,30,525.5206015037594,Rent,0,0.0,0,0.0,0,0,0.0,0,0.0
5715,31,25001.174742582843,Rent,1,462.87961423032283,1,574.3809058803283,0,0,0.0,0,0.0
5716,31,27535.42174602655,Rent,1,848.6522184771578,1,1698.8906429201998,0,0,0.0,0,0.0
5717,45,27792.489617532818,Rent,1,993.6281922906414,1,3539.958873153497,0,0,0.0,0,0.0
5718,81,121913.16593584971,Own,1,4696.910409704011,1,42720.029635414525,0,1,4046.1339865948726,1,0.0
5719,91,111189.16536016794,Own,1,10591.427077374254,1,82261.2944609479,1,1,5108.035226553995,1,0.0
5720,29,525.5206015037594,Rent,0,0.0,0,0.0,0,0,0.0,0,0.0
5721,72,87028.75647446184,Own,1,4796.016805697634,1,36306.45439975612,0,0,0.0,1,10.19723204985789
5722,41,1875.3828664658213,Rent,0,0.0,0,0.0,0,0,0.0,0,0.0
5723,47,44250.653567974514,Mortgage,1,1203.5660877787245,1,3655.827919010184,0,0,0.0,1,11.18161706370365
5724,55,42406.26213672258,Own,1,1822.1354925129085,1,37032.18687786325,0,0,0.0,1,4004.953725109274
5725,43,16291.876894630854,Rent,1,747.3021927317009,0,0.0,0,0,0.0,0,0.0
5726,72,3856.6791245394543,Rent,1,2656.7341849630025,1,44642.48591044649,0,0,0.0,1,13.433071312442808
5727,73,43841.19822933254,Own,1,2654.6706834874963,1,39231.424828997566,0,0,0.0,1,3.5808341942429616
5728,76,67470.24089377199,Own,1,2512.807709649484,1,36059.57823802338,0,0,0.0,1,11.100172296417458
5729,64,64636.866423630374,Own,1,2892.695466206115,1,2964.102205532573,0,0,0.0,1,7.042479607295051
5730,43,9565.438613394854,Rent,0,0.0,0,0.0,0,0,0.0,0,0.0
5731,36,20530.826896518727,Rent,1,234.5592661476776,1,3064.626527997259,0,0,0.0,0,0.0
5732,41,16029.415840598,Rent,1,1164.691725782137,1,2521.3042478761145,0,0,0.0,0,0.0
5733,37,27072.64253533368,Rent,1,981.5850443103647,1,2823.812078427915,0,0,0.0,0,0.0
5734,29,14489.327732311975,Rent,1,715.7168290192295,1,968.758975924148,0,0,0.0,0,0.0
5735,66,56292.40467180886,Mortgage,1,1811.265745003371,1,3245.4005523671367,0,0,0.0,1,2461.1246977981264
5736,29,4463.846830592696,Rent,1,143.48359445029075,1,1185.7604421499966,0,0,0.0,0,0.0
5737,32,16742.9617055384,Rent,1,1261.947402738645,1,1857.3481547651936,0,0,0.0,0,0.0
5738,73,123234.40972183288,Own,1,4762.893752430122,1,95713.26404569532,0,1,4159.6285788290015,1,11.27074342934028
5739,49,19781.58045130435,Mortgage,1,1759.916540911159,1,3040.0822545013993,0,0,0.0,1,6050.676356467379
5740,76,155426.31594369328,Own,1,5183.706789773915,1,91954.14209583055,1,1,4825.494831103089,1,1.8973162211717403
5741,57,54494.178368273,Mortgage,1,3939.194902436712,0,0.0,0,0,0.0,1,0.0
5742,35,33928.24496427509,Rent,1,542.133003360854,0,0.0,0,0,0.0,0,0.0
5743,66,43978.98564212194,Mortgage,1,1764.2379793069445,1,8693.206152236658,1,0,0.0,1,6.664718585392245
5744,31,525.5206015037594,Rent,0,0.0,0,0.0,0,0,0.0,0,0.0
5745,57,21280.912312110533,Mortgage,1,2364.5633261239263,1,4093.7816484643663,0,0,0.0,1,2945.4799928772845
5746,71,54414.46014588099,Own,1,4759.512571974321,1,37934.73916308946,0,0,0.0,1,2682.462350187285
5747,47,38367.84849072611,Mortgage,1,868.3756707487537,1,4328.450970729982,0,0,0.0,1,3010.1870269203487
5748,91,248676.4684268482,Own,1,33874.81142759736,1,78036.24646328637,1,1,5062.685020983586,1,1.968274009714098
5749,48,37332.72336903272,Mortgage,1,1750.0311112586805,1,2458.6058545107753,1,0,0.0,1,0.0
5750,76,43515.469752221354,Mortgage,1,2512.751470895836,1,9607.33724856946,1,0,0.0,1,4079.4242533356846
5751,41,7039.4663442917645,Mortgage,1,511.9405649151036,0,0.0,0,0,0.0,0,0.0
5752,35,25334.983358859317,Rent,1,641.9801555510732,1,1842.4683797936511,0,0,0.0,0,0.0
5753,79,40096.25603067012,Own,1,1978.212377247757,1,9597.113028580336,0,1,0.0,1,0.0
5754,91,127887.99511358587,Own,1,5437.16804679165,1,84178.77440818054,1,1,18412.772828864872,1,0.0
5755,71,77223.87642643732,Own,1,4060.794115825579,1,96758.46639356414,1,1,42229.77952008178,1,5932.709009473162
5756,73,80238.90092807033,Mortgage,1,2752.6739737797698,1,9307.520868924386,0,0,0.0,1,11.51752378760789
5757,72,124242.77447574114,Own,1,4991.201583971196,1,47335.182169508735,0,1,4257.881819461202,1,7.039153951804829
5758,49,25558.467560285346,Rent,1,726.2572717986446,0,0.0,0,0,0.0,0,0.0
5759,44,57375.63547623927,Mortgage,1,1228.0275299528257,1,4194.61075563193,1,0,0.0,1,0.0
5760,62,44906.9432730619,Mortgage,1,2036.119146151376,1,1749.4845357226338,1,0,0.0,1,0.0
5761,88,94396.54873401213,Own,1,10837.883456483605,1,94752.06197117947,1,1,6842.366327980712,1,0.0
5762,37,35992.61961269254,Mortgage,1,1301.8319363069918,1,3432.910925664897,0,0,0.0,0,0.0
5763,33,8566.681256318709,Rent,0,0.0,0,0.0,0,0,0.0,0,0.0
5764,70,58288.18919116103,Mortgage,1,2966.0167834954964,1,8892.145636563202,1,0,0.0,1,17.425626110130747
5765,47,17931.279091539258,Rent,1,1149.8171170948463,1,3699.356950223697,0,0,0.0,0,0.0
5766,76,139318.37251894828,Own,1,8432.842794157596,1,75039.84702918431,1,1,5315.758056450006,1,21.610867674782757
5767,48,25379.10344542491,Mortgage,1,1351.490307595426,1,3864.873437652487,0,0,0.0,1,17.252860234822087
5768,28,12806.086545716094,Mortgage,1,1536.595626362211,0,0.0,0,0,0.0,0,0.0
5769,49,29508.078901844005,Mortgage,1,1211.8820516232033,1,2350.9295069984614,0,0,0.0,1,2631.3561906955656
5770,52,12242.718246108081,Mortgage,1,494.7018952844784,0,0.0,0,0,0.0,1,7.204841482543831
5771,55,29294.719311121647,Mortgage,1,1449.5644826949588,1,3593.187856875322,0,0,0.0,1,8.002732968033007
5772,39,12993.944037452013,Mortgage,1,1406.5889343447363,0,0.0,0,0,0.0,0,0.0
5773,53,37440.68729742303,Mortgage,1,1588.5783113288476,1,5386.856777603354,0,0,0.0,1,11.590432889365212
5774,26,525.5206015037594,Rent,0,0.0,0,0.0,0,0,0.0,0,0.0
5775,45,28183.217769858868,Mortgage,1,7743.348698238418,1,3707.086746454081,0,0,0.0,1,0.0
5776,48,18653.789590770917,Rent,1,1049.4327836628347,1,2012.366526697737,0,0,0.0,0,0.0
5777,57,37422.49837261615,Mortgage,1,2063.1529503667734,1,9142.165743365844,1,0,0.0,1,0.4602557967594
5778,86,77033.2289354334,Own,1,8130.704617319657,1,48832.482803218816,0,1,4858.137394744442,1,0.0
5779,85,128845.5653840395,Own,1,10070.452067792809,1,96758.46639356414,1,1,8733.055294568621,1,23.943544413066476
5780,27,1128.0214509145553,Rent,0,0.0,0,0.0,0,0,0.0,0,0.0
5781,49,21564.730242578556,Mortgage,1,899.4830472783755,0,0.0,0,0,0.0,1,0.0
5782,29,525.5206015037594,Rent,0,0.0,0,0.0,0,0,0.0,0,0.0
5783,72,74137.83643611085,Own,1,8549.184372060568,1,45289.43536890128,0,1,7266.451095491227,1,14.583066260068216
5784,64,52097.1158452017,Mortgage,1,2677.3952776472174,1,3820.8841944132646,0,0,0.0,1,2753.897977590092
5785,40,12264.960790030265,Rent,1,564.7137919557574,1,1099.7594694558861,0,0,0.0,0,0.0
5786,81,115558.08852999286,Own,1,2203.3232306068226,1,38544.37524291281,0,0,0.0,1,1.713195783051121
5787,29,8861.114062693674,Rent,1,634.7231767180874,1,2254.4637115245923,0,0,0.0,0,0.0
5788,79,227911.22647554736,Own,1,6171.013040539155,1,96758.46639356414,1,1,12232.772271984953,1,16666.349044788632
5789,74,120157.1260133867,Own,1,1727.7348377269466,1,8924.913776088373,0,0,0.0,1,4625.605268739007
5790,52,54603.44660558698,Mortgage,1,1522.6828426051252,1,39879.969311907145,0,0,0.0,1,4398.725819519298
5791,33,6267.295243815248,Rent,1,481.07874918738935,0,0.0,0,0,0.0,0,0.0
5792,32,35537.03938322331,Own,1,2119.0597602597636,1,34810.38438905887,0,0,0.0,1,0.0
5793,32,525.5206015037594,Rent,0,0.0,0,0.0,0,0,0.0,0,0.0
5794,56,46419.40585731122,Mortgage,1,1654.1771977031265,1,2939.0652550139857,1,0,0.0,1,0.0
5795,47,50408.78648288799,Mortgage,1,2143.9360989551606,1,4076.8288500784533,0,0,0.0,1,0.0
5796,36,22285.292993969775,Rent,1,209.97737055151015,1,2173.960905650975,0,0,0.0,0,0.0
5797,29,7103.893011230981,Rent,1,126.25414500310148,1,2291.289054241003,0,0,0.0,0,0.0
5798,40,38618.000299215,Mortgage,1,1287.7740119424916,1,37731.913960148515,0,0,0.0,1,6.962198293773615
5799,77,40752.05548148474,Own,1,2453.5413942092055,1,41571.90736116,0,0,0.0,1,0.0
5800,63,37126.987948199276,Mortgage,1,1860.9667791636728,1,9648.078035012106,1,0,0.0,1,2676.213312363557
5801,46,36384.85662779191,Mortgage,1,1347.3005912280462,1,4291.944311505895,0,0,0.0,1,2.9705741589723718
5802,59,212799.1035308707,Mortgage,1,2249.1452231625435,1,9120.917711359893,1,0,0.0,1,8.258147615061695
5803,50,35839.91818468374,Rent,1,543.315016931479,1,4081.2313979742808,0,0,0.0,0,0.0
5804,78,37419.55411338674,Mortgage,1,2428.737401688264,1,8270.711871824184,0,0,0.0,1,2.1771563885026888
5805,91,120789.56433474697,Own,1,7235.701800347382,1,96758.46639356414,1,1,12286.558814905773,1,0.0
5806,29,21703.413779667797,Rent,1,1417.7538450775783,1,1959.9750456309125,0,0,0.0,0,0.0
5807,75,123860.34171776901,Own,1,7388.846622006842,1,45545.558786279005,0,0,0.0,1,3.5290662589050736
5808,27,4131.445136530294,Rent,0,0.0,0,0.0,0,0,0.0,0,0.0
5809,58,42068.17038361257,Mortgage,1,969.6923079603532,1,2505.154843205347,0,0,0.0,1,12.815885122768
5810,28,525.5206015037594,Rent,0,0.0,0,0.0,0,0,0.0,0,0.0
5811,42,38999.18797319212,Mortgage,1,1415.1715435743909,1,3062.4287488648883,1,0,0.0,1,19.900502530495523
5812,88,245157.61146634058,Own,1,36046.06879650169,1,91095.20595407984,1,1,19082.714295080084,1,0.7991388333912885
5813,52,25004.942479013604,Rent,1,1679.7342459051188,1,4291.993238923496,0,0,0.0,0,0.0
5814,27,525.5206015037594,Rent,0,0.0,0,0.0,0,0,0.0,0,0.0
5815,68,37217.2150825504,Own,1,1783.2830833441465,1,9066.257258950704,0,0,0.0,1,7.869681717146937
5816,74,43675.75715158448,Mortgage,1,1488.4737840729917,1,9220.71431975813,0,0,0.0,1,4344.249774173684
5817,31,9658.486836703758,Rent,1,83.63284230714623,1,1590.852421053737,0,0,0.0,0,0.0
5818,29,5805.9403313697785,Rent,0,0.0,0,0.0,0,0,0.0,0,0.0
5819,78,144669.49381096283,Own,1,30788.677937910445,1,95091.75740654237,1,1,5017.563275808507,1,0.0
5820,90,138254.2636367292,Own,1,40517.967713304635,1,92715.63782545661,1,1,4537.910076607038,1,0.0
5821,31,10721.807911551063,Rent,1,201.52423545300337,1,0.0,0,0,0.0,0,0.0
5822,41,12812.72886527452,Mortgage,1,819.7386947399501,0,0.0,0,0,0.0,0,0.0
5823,79,46990.591331328076,Own,1,1659.30345262339,1,36992.288113301925,0,0,0.0,1,7.231010180991047
5824,72,45265.363199437124,Own,1,3809.320878757196,1,44425.11755440488,0,0,0.0,1,10.088541237953331
5825,67,39373.309751614244,Own,1,1931.384268098803,1,37858.890672492395,0,0,0.0,1,11.037382839410903
5826,37,29861.530445476394,Rent,1,905.9722740700795,1,3252.0482433428247,0,0,0.0,0,0.0
5827,26,2147.2812640153697,Rent,0,0.0,0,0.0,0,0,0.0,0,0.0
5828,47,18959.084546663325,Mortgage,1,1286.0947971903965,0,0.0,0,0,0.0,1,0.0
5829,53,39769.22402891673,Mortgage,1,1785.8333790589195,1,4180.326892694877,0,0,0.0,1,10.075998565568563
5830,36,17353.124948611643,Rent,1,973.1754538922834,1,2583.92407686836,0,0,0.0,0,0.0
5831,61,39221.23582305484,Mortgage,1,2985.1960562259446,1,38688.95625335481,0,0,0.0,1,6153.55822512334
5832,47,20715.789189429805,Mortgage,1,1404.1965700986898,1,5037.306062747256,1,0,0.0,1,0.0
5833,30,7596.90376223645,Rent,0,0.0,0,0.0,0,0,0.0,0,0.0
5834,91,102406.20882917014,Own,1,11524.743259477604,1,96279.7612495458,1,1,4832.494703638582,1,0.0
5835,59,40664.50581859176,Mortgage,1,1555.6580895918626,1,9292.701721196692,1,0,0.0,1,3894.742587507773
5836,49,18822.93107826933,Mortgage,1,710.8644562952005,1,5115.961117107727,0,0,0.0,0,0.0
5837,27,4088.2659943334857,Rent,1,113.56067118392741,1,0.0,0,0,0.0,0,0.0
5838,78,63278.21229360454,Own,1,4575.5104842513565,1,43319.15314041566,0,1,4285.680739461158,1,5.378400798949319
5839,31,12577.00189465737,Rent,0,0.0,0,0.0,0,0,0.0,0,0.0
5840,43,32618.3376874597,Mortgage,1,2325.2666236765062,0,0.0,0,0,0.0,0,0.0
5841,28,525.5206015037594,Rent,0,0.0,0,0.0,0,0,0.0,0,0.0
5842,40,72068.47757075941,Own,1,2187.5664575831543,1,38160.360487953454,0,0,0.0,1,0.0
5843,28,72092.74225951405,Rent,1,4791.251784368325,1,3280.1767781144426,0,0,0.0,0,0.0
5844,32,35586.21488096845,Rent,1,328.39295476719326,1,0.0,0,0,0.0,0,0.0
5845,61,29013.226165236592,Own,1,1080.5218089429425,1,2392.7634836970165,0,0,0.0,1,8.482977045092102
5846,58,33202.55090640609,Mortgage,1,2042.2740597473723,1,2500.808074404962,1,0,0.0,1,10.079220591571133
5847,70,37287.753605977174,Own,1,2916.7562796416914,1,35131.42621589368,0,0,0.0,1,0.0
5848,37,26025.565648082855,Rent,1,854.2570224448722,1,3139.881954553902,0,0,0.0,0,0.0
5849,36,9117.100626364849,Rent,1,608.8051524242064,1,4032.8017156812393,0,0,0.0,0,0.0
5850,71,48226.268551443616,Own,1,3553.5769424024083,1,41847.10740796663,0,1,36163.16525050471,1,0.0
5851,46,32768.34436800566,Own,1,2361.8164936653625,1,38749.77246654289,0,0,0.0,1,6281.329768558065
5852,79,135196.97338537071,Own,1,9327.02943144277,1,43590.34351524669,0,1,16697.42298456395,1,8.324503027819697
5853,75,54406.022548854715,Own,1,2560.8889307494355,1,38004.80445181604,0,0,0.0,1,2.675537002621227
5854,29,17118.782280941603,Rent,0,0.0,1,1021.1532505441862,0,0,0.0,0,0.0
5855,78,110409.5945274911,Own,1,1768.6819438762175,1,96758.46639356414,0,1,6543.434355242242,1,0.0
5856,40,11235.257238956143,Rent,1,662.0288386190691,1,1016.0583612955329,0,0,0.0,0,0.0
5857,29,9252.179320067225,Rent,0,0.0,0,0.0,0,0,0.0,0,0.0
5858,53,51654.591916700745,Own,1,1926.5946853557195,1,36797.28725588468,0,0,0.0,1,5417.986332668162
5859,77,69763.19856019586,Own,1,2621.7230492221447,1,9440.90615885045,0,0,0.0,1,9.815418964800205
5860,59,39821.25347340876,Mortgage,1,867.1890306432108,1,1355.5105767181763,0,0,0.0,1,8.426921502280784
5861,28,17332.733120483095,Rent,1,343.264756026835,1,2426.8752745858765,0,0,0.0,0,0.0
5862,90,138995.05159838332,Own,1,7302.904840142342,1,42225.8090402286,1,1,9245.07698519676,1,5423.804797940402
5863,44,33633.6286080391,Mortgage,1,1717.025197294147,1,4606.08040502625,0,0,0.0,1,0.0
5864,61,53640.98369350949,Mortgage,1,619.3731079945792,1,4242.001867779329,0,0,0.0,1,0.0
5865,67,64015.1483851415,Mortgage,1,2246.8568813780366,1,9747.906001200085,0,0,0.0,1,0.0
5866,63,65428.91616194266,Own,1,2906.375838579906,1,9142.841231882943,1,0,0.0,1,15.896037851110703
5867,90,185636.72969992762,Own,1,6575.550356721815,1,82236.76344422797,0,1,11871.045166103926,1,6.379139747447957
5868,64,67089.96371027824,Own,1,2120.61795794951,1,37710.94075864178,0,0,0.0,1,0.0
5869,41,5034.605473257672,Rent,0,0.0,1,930.6177546830868,0,0,0.0,0,0.0
5870,30,19676.654827982456,Rent,1,175.9338527416661,1,2115.3551194760485,0,0,0.0,0,0.0
5871,46,32375.13746606987,Mortgage,1,2118.2168756062765,1,2612.318257560109,0,0,0.0,1,0.0
5872,61,29436.987207139384,Mortgage,1,2689.5414973539364,1,2611.0178183028083,0,0,0.0,1,0.0
5873,52,36951.42404018881,Mortgage,1,984.5252854507997,0,0.0,1,0,0.0,1,0.0
5874,28,28377.96100379803,Rent,1,1050.650484805977,1,37362.0786462321,0,0,0.0,0,0.0
5875,87,193490.89072184,Own,1,7574.059280187193,1,87769.77920275941,1,1,8365.866737473578,1,12.975134108382852
5876,56,69053.7311641531,Mortgage,1,2539.7835651491296,1,2978.2324805233957,1,0,0.0,1,14.070511810385472
5877,73,213354.6249310921,Own,1,6463.541542067094,1,81567.64913660425,1,1,10697.38689978906,1,9.966693986746797
5878,44,14644.757893834336,Rent,1,1308.3719424462927,1,2333.754304989213,0,0,0.0,0,0.0
5879,55,30730.616003005984,Mortgage,1,983.2750935910078,1,4014.504332999588,1,0,0.0,1,17.301919535653
5880,58,43838.75937677618,Mortgage,1,2026.2755276370774,1,9666.371891372708,0,0,0.0,1,11.707489154113608
5881,43,17617.0183762031,Mortgage,1,1090.5425968645745,1,2387.342128093794,0,0,0.0,0,0.0
5882,58,24730.343715495645,Mortgage,1,2978.1346304976723,1,9406.857289113914,1,0,0.0,1,2474.07737132017
5883,47,5675.746686812836,Rent,0,0.0,0,0.0,0,0,0.0,1,3.0750131581299107
5884,35,20395.34895515973,Rent,1,182.58976131505506,1,2401.7385148944472,0,0,0.0,0,0.0
5885,29,12314.73347098091,Rent,1,502.98126538746277,1,170.7443337125701,0,0,0.0,0,0.0
5886,37,30867.292378428097,Rent,1,1218.7914476108886,1,2918.489804411306,0,0,0.0,1,0.0
5887,29,6049.196266490528,Rent,1,603.4465118394983,0,0.0,0,0,0.0,0,0.0
5888,75,55785.238995468055,Own,1,5115.910422910076,1,9314.982821676944,0,0,0.0,1,17.006240076728627
5889,59,39685.528602211336,Mortgage,1,1833.7209957225068,0,0.0,0,0,0.0,1,0.0
5890,65,56372.55256527793,Own,1,2999.9404050200965,1,35378.57116392715,0,0,0.0,1,8640.916892704325
5891,37,10643.457809244406,Rent,0,0.0,0,0.0,0,0,0.0,0,0.0
5892,30,525.5206015037594,Rent,0,0.0,0,0.0,0,0,0.0,0,0.0
5893,68,33589.72320214545,Mortgage,1,2675.1667537020003,1,2284.1921070264884,0,0,0.0,1,0.0
5894,33,18759.66310062011,Rent,0,0.0,0,0.0,0,0,0.0,0,0.0
5895,36,721.8318212224513,Rent,0,0.0,0,0.0,0,0,0.0,0,0.0
5896,55,62635.473682404256,Mortgage,1,2677.7087284783584,1,9213.740372608409,1,0,0.0,1,11.388774912648806
5897,29,18515.43721146522,Rent,1,796.5251098279118,1,4413.563892400862,0,0,0.0,0,0.0
5898,26,525.5206015037594,Rent,0,0.0,0,0.0,0,0,0.0,0,0.0
5899,32,12687.887171849805,Rent,1,85.40548167643499,1,2953.5177887854015,0,0,0.0,0,0.0
5900,29,525.5206015037594,Rent,0,0.0,0,0.0,0,0,0.0,0,0.0
5901,68,65162.44107057772,Mortgage,1,2833.6907116358416,1,9835.031660131894,1,0,0.0,1,0.0
5902,30,3003.7490791676864,Rent,0,0.0,0,0.0,0,0,0.0,0,0.0
5903,72,133352.67067201826,Own,1,2044.050732854171,1,78719.80701610266,0,1,20378.422294135587,1,10.964435690112218
5904,91,844740.8028746789,Own,1,36574.036197236324,1,47005.38272107104,1,1,18635.950490799307,1,0.0
5905,74,57359.129252755905,Own,1,6094.650698732644,1,37058.17287963324,0,1,4378.480228081807,1,16.281512511398777
5906,54,41102.130026733095,Mortgage,1,1766.6204948394297,1,3221.5405269670564,0,0,0.0,0,0.0
5907,44,36766.92835520238,Mortgage,1,867.1189077536214,1,3459.615638948116,0,0,0.0,1,2.059469085255811
5908,74,122861.10835657387,Own,1,3739.786728938367,1,45633.62922284476,0,1,4337.418802636618,1,4.522014722997408
5909,30,6828.826184278498,Rent,0,0.0,0,0.0,0,0,0.0,0,0.0
5910,90,115838.75860571735,Own,1,6336.957442654308,1,96053.9206900279,1,1,4542.862607537871,1,0.0
5911,91,137850.35795621286,Own,1,8177.7832569681195,1,93963.64532135539,1,1,4905.393325345175,1,30.067973040751244
5912,30,525.5206015037594,Rent,0,0.0,0,0.0,0,0,0.0,0,0.0
5913,28,525.5206015037594,Rent,0,0.0,0,0.0,0,0,0.0,0,0.0
5914,36,9405.896346190273,Rent,1,472.9408143341618,1,0.0,0,0,0.0,0,0.0
5915,89,790003.3997099935,Own,1,4799.823419865126,1,93978.44020209483,1,1,4722.688107147199,1,0.6294906036592282
5916,58,25723.425077523352,Mortgage,1,1000.1457759485897,0,0.0,0,0,0.0,1,0.0
5917,43,37626.12131751323,Mortgage,1,1981.3549392695725,1,2337.759018718331,0,0,0.0,1,6.990527191444119
5918,63,37469.923202538215,Mortgage,1,2246.2425194378516,1,9708.206217511199,1,0,0.0,1,31.83662701840254
5919,75,246965.53746651154,Own,1,5395.435022647593,1,94995.01092535837,1,1,8642.430325248675,1,0.0
5920,56,43776.6523267084,Mortgage,1,2156.0750566005977,1,9474.490288441057,1,0,0.0,1,0.0
5921,61,25651.49857442179,Mortgage,1,1762.7887230917468,1,9701.637645659492,1,0,0.0,1,0.0
5922,35,26202.623730910243,Rent,1,407.2621083590487,1,1651.6653844258576,0,0,0.0,0,0.0
5923,57,64281.023733660935,Mortgage,1,1910.4126173129125,1,9514.838090970343,1,0,0.0,1,3713.463027842352
5924,33,12967.737590661316,Rent,0,0.0,0,0.0,0,0,0.0,0,0.0
5925,26,525.5206015037594,Rent,0,0.0,0,0.0,0,0,0.0,0,0.0
5926,69,60166.66242344922,Own,1,4625.56145215067,1,45610.84639175467,1,1,9706.916596335952,1,10413.516564946867
5927,60,35357.28413114135,Mortgage,1,1343.4797413018416,1,3671.1186566989295,1,0,0.0,1,4034.618473373482
5928,63,36908.87737419951,Mortgage,1,1680.2373259131646,1,8394.504870767878,1,0,0.0,1,3.8834057650345444
5929,58,47303.10738391061,Mortgage,1,2749.171971390469,1,8365.15050239661,1,0,0.0,1,0.0
5930,58,32304.49568999347,Mortgage,1,1350.2153217167152,1,4115.989545800928,0,0,0.0,1,4265.241509453981
5931,33,9295.548358967619,Rent,1,0.0,1,2100.340904756101,0,0,0.0,0,0.0
5932,87,129776.48266084163,Own,1,7326.585984526289,1,78294.90047241036,1,1,4758.723748891734,1,11956.160540552803
5933,31,8721.77169438053,Rent,1,754.9724544664521,1,2142.03079360117,0,0,0.0,0,0.0
5934,34,525.5206015037594,Rent,0,0.0,1,0.0,0,0,0.0,0,0.0
5935,55,44366.988549539965,Mortgage,1,1236.2042073076059,1,3299.1675537449173,0,0,0.0,1,9.043584538261886
5936,75,97182.25752471552,Own,1,3934.2053319698416,1,36042.20365704902,1,0,0.0,1,5242.522045574321
5937,40,30430.449346109766,Rent,1,507.49365862322855,1,3396.848108014766,0,0,0.0,0,0.0
5938,38,27257.490739433346,Rent,1,2031.608266120626,1,3141.8975791475787,0,0,0.0,0,0.0
5939,61,44327.528454060695,Mortgage,1,2724.730997491046,1,2817.2983860376503,1,0,0.0,1,2562.722981879466
5940,56,43140.92421602328,Mortgage,1,4819.423827946495,1,2124.951639383315,1,0,0.0,1,30.398421944972448
5941,74,192945.72465862348,Own,1,33610.16996459228,1,96758.46639356414,1,1,4817.13632555057,1,4.771207595762592
5942,41,16306.469396480306,Rent,1,0.0,1,688.065140209686,0,0,0.0,0,0.0
5943,48,17245.978133863955,Rent,1,764.903966188854,1,2084.312035296241,0,0,0.0,0,0.0
5944,63,56544.054167349816,Mortgage,1,2088.1301134943856,1,7913.21944458277,1,0,0.0,1,0.0
5945,30,14856.983575177766,Rent,1,541.749181548358,1,2477.2058606277974,0,0,0.0,0,0.0
5946,91,179852.74875128575,Own,1,6873.538444016245,1,96393.40431103062,1,1,17016.39175609492,1,4.077751104426601
5947,35,20588.542718483543,Rent,1,664.945948033272,1,1757.9960440164723,0,0,0.0,0,0.0
5948,73,43787.03969939741,Own,1,2556.0170164976344,1,38903.51389400053,0,0,0.0,1,2.4942602427481364
5949,38,13318.165364801724,Rent,1,1499.4387008417766,1,4074.976413903025,0,0,0.0,1,0.25194513234230326
5950,56,39517.40005101524,Mortgage,1,1864.0828196204764,0,0.0,1,0,0.0,1,17.722891550779195
5951,40,5213.607797150731,Rent,1,438.99079864095603,1,2149.3295146808236,0,0,0.0,0,0.0
5952,47,48804.968628006194,Own,1,1194.2842194007324,1,2753.4593722494774,0,0,0.0,1,0.0
5953,73,114676.85128841922,Own,1,5024.9033267651885,1,44758.70808104964,0,1,34575.719086354315,1,3973.2359654892207
5954,59,47939.78428802388,Mortgage,1,1608.9695992236168,1,8012.3580451672615,1,0,0.0,1,0.0
5955,26,22270.27663628996,Rent,0,0.0,0,0.0,0,0,0.0,0,0.0
5956,72,61822.36496807299,Own,1,2404.2250315933316,1,9105.006604470109,1,0,0.0,1,5082.959911943692
5957,42,23317.167871572048,Mortgage,1,1259.5023401196763,0,0.0,0,0,0.0,1,0.8247687335965431
5958,77,121994.96327556061,Own,1,2356.4041891673623,1,45588.116973926335,0,0,0.0,1,21.441243725389594
5959,35,35395.40691974725,Rent,1,546.5418151672088,1,3622.333514877637,0,0,0.0,0,0.0
5960,67,67824.09863602,Own,1,1869.0853005620174,1,37442.50132233951,0,0,0.0,1,0.0
5961,32,525.5206015037594,Rent,0,0.0,0,0.0,0,0,0.0,0,0.0
5962,76,50233.65776349907,Own,1,1788.663336608015,1,2606.779480753085,0,0,0.0,1,0.0
5963,62,32409.127901932432,Mortgage,1,1548.450789318656,1,8952.436084560464,1,0,0.0,1,5.5236232580663485
5964,53,23642.02828553428,Rent,1,1311.6740388467488,1,4197.044802688772,0,0,0.0,0,0.0
5965,29,9887.916317342382,Rent,1,324.4957132570729,1,2351.154876616567,0,0,0.0,0,0.0
5966,91,762171.8437016071,Own,1,31957.02507206417,1,96511.10486952787,1,1,8480.099060893614,1,12.278435566022523
5967,62,110457.83622837775,Own,1,7777.003344973396,1,44788.36699944993,0,1,14.971138966987898,1,31.161130969090813
5968,57,30850.036292270583,Mortgage,1,2782.2433140253306,1,3912.2377530179065,1,0,0.0,1,4330.320001147441
5969,65,42062.080237800794,Mortgage,1,998.6001392686046,1,9019.312024023306,1,0,0.0,1,10.690689637531001
5970,70,59656.333902072554,Mortgage,1,2006.731462991077,1,9114.445804952768,1,0,0.0,1,14.319413819709466
5971,42,28702.088754281584,Rent,1,318.6772455753701,1,1711.1883470028913,0,0,0.0,0,0.0
5972,34,525.5206015037594,Rent,0,0.0,0,0.0,0,0,0.0,0,0.0
5973,31,26909.344332890003,Rent,1,115.81849315465956,1,1856.6683901498807,0,0,0.0,0,0.0
5974,40,20488.397090280945,Rent,1,1184.0911099387176,1,4028.083162885264,0,0,0.0,0,0.0
5975,38,4293.562333348622,Rent,1,0.0,1,1781.9187107130329,0,0,0.0,0,0.0
5976,37,17484.4153083337,Rent,1,121.90576464576247,1,1879.4253643942147,0,0,0.0,0,0.0
5977,27,525.5206015037594,Rent,0,0.0,0,0.0,0,0,0.0,0,0.0
5978,60,51985.53929002506,Mortgage,1,2075.5685841027907,0,0.0,0,0,0.0,1,2521.6565659349512
5979,75,131984.67313502805,Own,1,3993.9309365891418,1,96758.46639356414,1,1,35951.38769353277,1,6.826814127851502
5980,89,102505.93926850308,Own,1,6973.079047460866,1,96758.46639356414,1,1,10880.725355575521,1,8519.303069396416
5981,27,525.5206015037594,Rent,1,0.0,0,0.0,0,0,0.0,0,0.0
5982,63,42410.82467709251,Mortgage,1,2531.6527164545355,1,8260.75830243562,1,0,0.0,1,0.0
5983,37,14471.552645915399,Mortgage,1,667.2097099298716,1,2822.9492728485393,0,0,0.0,0,0.0
5984,88,244959.06557718455,Own,1,4149.567235046049,1,92900.09910092634,1,1,11341.148784334746,1,8574.838263590063
5985,77,200134.64909935952,Own,1,10940.173164603442,1,88344.59345995932,1,1,21828.24188200006,1,7.524390767416383
5986,27,525.5206015037594,Rent,0,0.0,0,0.0,0,0,0.0,0,0.0
5987,50,40127.8615022484,Mortgage,1,2164.7046020209496,1,4502.688678377396,1,0,0.0,1,2740.974142072594
5988,74,146743.60759505496,Own,1,5214.715421665019,1,96758.46639356414,1,1,4735.204366739045,1,11.069071435108635
5989,53,9034.926457412606,Rent,1,527.7773824891647,0,0.0,0,0,0.0,0,0.0
5990,90,258968.30546955406,Own,1,9781.025511010634,1,83071.18945137499,1,1,9846.428483525631,1,0.0
5991,42,30231.410563694193,Mortgage,1,1001.9861777557583,1,1986.3654554373402,0,0,0.0,0,0.0
5992,60,60508.55310751856,Mortgage,1,1365.286066165108,1,4517.981623318064,1,0,0.0,1,2143.396137699003
5993,41,525.5206015037594,Rent,0,0.0,0,0.0,0,0,0.0,0,0.0
5994,31,16784.625939736507,Rent,1,724.0464077493215,1,831.5996977174157,0,0,0.0,0,0.0
5995,28,29003.851238871615,Mortgage,1,931.2730743134323,0,0.0,0,0,0.0,0,0.0
5996,81,896416.3794573531,Own,1,5163.209182199852,1,95583.52043154936,1,1,5204.0185891413785,1,2.8870089921936564
5997,39,27914.594531379134,Rent,1,1582.7562812692063,1,5608.040077109278,0,0,0.0,0,0.0
5998,36,13971.37721423568,Rent,1,1031.3964942853304,1,2032.497710370622,0,0,0.0,0,0.0
5999,81,118256.0984245797,Own,1,9976.681050656123,1,83749.79769664661,1,1,17518.129191885128,1,21.70476500185576
6000,27,525.5206015037594,Rent,0,0.0,0,0.0,0,0,0.0,0,0.0
6001,75,196335.63829177327,Own,1,3698.7681631386217,1,84589.24778627107,1,1,4785.567663765922,1,4.2383978365609005
6002,37,21199.51407712503,Rent,1,703.7138789701023,1,2876.9884559789352,0,0,0.0,0,0.0
6003,55,48761.07296871064,Mortgage,1,2413.9919973619494,1,9085.762183497327,1,0,0.0,1,2156.540976395071
6004,74,44105.37486887623,Own,1,2823.7172837761304,1,36737.791805736604,0,0,0.0,1,3794.6451669197336
6005,72,223834.0643416099,Own,1,8027.58784263865,1,92816.29924327413,1,1,11593.49800502522,1,0.0
6006,41,22389.71585560626,Mortgage,1,382.21837613872736,1,3807.3428878102604,0,0,0.0,1,0.0
6007,41,35744.98177374535,Own,1,1635.318151958758,1,1830.8260455940945,0,0,0.0,1,16.349877935716805
6008,66,118322.42901287426,Own,1,5854.276587516168,1,73991.76085944542,0,1,5.469593826342174,1,0.0
6009,72,126120.86800195683,Own,1,2266.976886593487,1,8400.435855301981,1,1,7166.9466622671225,1,7.018355964195953
6010,44,40168.46304930912,Rent,1,671.028313913957,1,3566.287249984037,0,0,0.0,0,0.0
6011,56,43104.06127346252,Mortgage,1,1738.8247019555222,1,9565.515124151572,1,0,0.0,1,0.0
6012,86,223276.29197638552,Own,1,3499.662490764537,1,95117.06226694242,1,1,11941.349332578593,1,0.0
6013,40,19029.516624262935,Rent,1,538.6418024192451,1,655.3429063744727,0,0,0.0,0,0.0
6014,74,97070.635576131,Own,1,7986.857565946373,1,49103.25617977825,0,1,4721.430267617256,1,10320.938301584983
6015,31,9425.061975879615,Rent,1,0.0,1,415.4128750595721,0,0,0.0,0,0.0
6016,46,33710.501336366106,Mortgage,1,2042.5519512278288,1,5387.965553818773,0,0,0.0,1,2630.7104638749456
6017,44,33093.13240291394,Rent,1,1482.019764804232,1,1328.3147958667564,0,0,0.0,0,0.0
6018,72,88261.72462496278,Own,1,3607.8325725297223,1,83278.93677058278,1,1,7011.659340724661,1,2.452980913187101
6019,57,36937.24570920746,Mortgage,1,2663.097376736752,1,9517.354174268907,1,0,0.0,1,0.0
6020,28,525.5206015037594,Rent,0,0.0,0,0.0,0,0,0.0,0,0.0
6021,70,111074.60882480777,Own,1,7106.395323433367,1,46038.07042482439,0,1,4106.214676399332,1,26.50370539864157
6022,46,31347.89717836939,Mortgage,1,3936.7957636450487,1,3650.971964782073,0,0,0.0,1,7.883698731759418
6023,35,525.5206015037594,Rent,0,0.0,0,0.0,0,0,0.0,0,0.0
6024,75,36702.82192776687,Own,1,1148.2037032010464,1,3966.6049429807754,0,0,0.0,1,9.101607038836425
6025,77,87708.81101734792,Own,1,11042.953784591105,1,46999.76723359202,0,1,4555.705397354581,1,21.543076968589492
6026,63,68868.33136893305,Mortgage,1,1366.5675879567345,1,8758.181831892183,1,0,0.0,1,5475.725638498313
6027,27,10082.718395408028,Rent,0,0.0,0,0.0,0,0,0.0,0,0.0
6028,29,3073.6461649074226,Rent,0,0.0,1,943.5900501343995,0,0,0.0,0,0.0
6029,76,722217.5031603472,Own,1,11033.420175774292,1,96758.46639356414,1,1,10113.827729371951,1,31.54693504098698
6030,76,41170.49954720841,Mortgage,1,3060.3728301728324,1,9676.003600866978,0,0,0.0,1,6072.368225486178
6031,54,33299.06781251472,Mortgage,1,927.6019230786297,0,0.0,1,0,0.0,1,2656.1252463792453
6032,35,9009.802600876837,Rent,1,1009.4315497599099,1,1530.6585918457006,0,0,0.0,0,0.0
6033,76,49953.37016357968,Own,1,3907.3872603021805,1,40409.90084363427,1,1,4092.8689722947925,1,1.7412408260380559
6034,74,111106.3947844014,Own,1,6968.329114550735,1,44998.93228471257,1,1,4358.563318824779,1,9.071867879007867
6035,27,525.5206015037594,Rent,0,0.0,0,0.0,0,0,0.0,0,0.0
6036,39,7432.178534544115,Rent,0,0.0,1,277.38918181893814,0,0,0.0,0,0.0
6037,34,19190.054252170707,Rent,1,1229.8514311670701,1,939.7051028142503,0,0,0.0,0,0.0
6038,28,1141.9437248342674,Rent,0,0.0,0,0.0,0,0,0.0,0,0.0
6039,30,13141.377341002764,Rent,1,1477.5777641227746,1,1929.155600905595,0,0,0.0,0,0.0
6040,62,45079.88384936288,Mortgage,1,3039.47878211157,1,9826.702373674805,1,0,0.0,1,2449.0852277533777
6041,76,65097.62507504724,Own,1,6430.139563358404,1,94465.5699845456,1,1,15550.049993015185,1,35.585775673990874
6042,32,20842.0478490831,Rent,0,0.0,0,0.0,0,0,0.0,0,0.0
6043,91,242505.48379092955,Own,1,38825.423362193294,1,95732.24338655936,1,1,11141.472140501777,1,0.0
6044,74,93810.76410482373,Own,1,6929.088576722318,1,37595.638582920255,0,1,0.0,1,18.869171856866526
6045,75,32780.391560711585,Own,1,1810.9678711881263,0,0.0,0,0,0.0,1,7462.561400939125
6046,90,806064.613058455,Own,1,6198.537619016901,1,96758.46639356414,1,1,4806.79986356949,1,11073.205663302877
6047,27,565.8633286779987,Rent,0,0.0,0,0.0,0,0,0.0,0,0.0
6048,36,525.5206015037594,Rent,0,0.0,0,0.0,0,0,0.0,0,0.0
6049,36,32857.32319278125,Mortgage,1,982.1100776084853,1,3924.7436745318946,0,0,0.0,0,0.0
6050,91,213642.79634434145,Own,1,22265.96596164304,1,79005.49364597035,1,1,4234.25970094571,1,0.27000968883521576
6051,33,11969.689418395435,Rent,1,691.5057507687184,1,1047.4523812867617,0,0,0.0,0,0.0
6052,32,4258.901248791521,Rent,0,0.0,0,0.0,0,0,0.0,0,0.0
6053,64,38226.70163406555,Mortgage,1,1729.291195175758,1,4417.16520784905,1,0,0.0,1,4256.369513862054
6054,79,195424.58415326758,Own,1,25714.75051339958,1,96758.46639356414,1,1,16430.165813319654,1,25.74357159232265
6055,27,8036.613354092555,Rent,1,486.2070329455502,1,1608.5444189114005,0,0,0.0,0,0.0
6056,73,117823.28844775714,Own,1,1741.6713772013898,1,49628.15887860985,0,0,0.0,1,5657.123268454059
6057,67,36571.101232154215,Mortgage,1,1546.274493104867,1,9312.936915560434,1,0,0.0,1,2.9202382630037116
6058,72,36059.14897114948,Mortgage,1,6810.885953079846,1,4100.574834129237,1,0,0.0,1,20.051330994456674
6059,28,40592.48822539403,Rent,1,1123.4197023660392,1,1621.6324111509512,0,0,0.0,0,0.0
6060,29,12795.654131858137,Rent,1,606.5957364165126,1,2478.0396270490755,0,0,0.0,0,0.0
6061,70,35652.510315335196,Own,1,2204.5990312216654,1,8985.747097917847,0,0,0.0,1,7.910850658775473
6062,53,64917.458538897285,Mortgage,1,1610.4772791440396,0,0.0,1,0,0.0,1,11.727582260956229
6063,27,6496.983146573431,Rent,0,0.0,0,0.0,0,0,0.0,0,0.0
6064,52,49411.46969948554,Mortgage,1,2748.4613026957268,1,4870.500540196095,1,0,0.0,1,0.0
6065,27,35807.064329144,Rent,1,47.456920662794005,1,1354.129756703387,0,0,0.0,0,0.0
6066,32,12858.694320571634,Rent,1,1066.5831670818743,1,3517.3832844342833,0,0,0.0,0,0.0
6067,74,46770.34996331368,Own,1,3046.298533195789,1,47735.29729888963,0,1,1.7089332034261775,1,13.639377096711709
6068,61,49578.363311113004,Mortgage,1,2454.92583019427,1,2260.826644010152,1,0,0.0,1,3718.510330703399
6069,26,6453.582167860508,Mortgage,0,0.0,0,0.0,0,0,0.0,0,0.0
6070,28,22967.964093947492,Rent,1,1035.3272328400808,1,1884.8303725378908,0,0,0.0,0,0.0
6071,74,45759.55213051112,Own,1,2202.7415479424058,1,35475.05187406714,0,0,0.0,1,0.0
6072,33,525.5206015037594,Rent,0,0.0,0,0.0,0,0,0.0,0,0.0
6073,43,49727.44352481629,Mortgage,1,677.962098720832,0,0.0,0,0,0.0,1,0.0
6074,76,99419.33862234035,Mortgage,1,20975.699469305786,1,96758.46639356414,1,1,11219.301574075831,1,23.503622719840646
6075,59,40333.443627277535,Mortgage,1,1809.5770360393233,1,4965.501030788644,0,0,0.0,1,2767.6723627618917
6076,71,36638.570777661254,Own,1,2719.24738124011,1,38387.25700184321,0,0,0.0,1,0.0
6077,37,9490.55427110959,Rent,1,1230.2276371214737,1,3476.2442472080043,0,0,0.0,0,0.0
6078,71,15822.327678099953,Mortgage,1,5911.155148775282,1,8938.88793885886,1,0,0.0,1,30.886097307609877
6079,64,25433.21761798412,Mortgage,1,1754.5515717530113,1,4770.311720023532,0,0,0.0,1,3743.327798013172
6080,44,39750.37987171063,Mortgage,1,639.7695574685799,0,0.0,1,0,0.0,0,0.0
6081,45,21884.179270775763,Mortgage,1,1292.5612302935297,0,0.0,0,0,0.0,1,26.100077054869168
6082,32,525.5206015037594,Rent,0,0.0,0,0.0,0,0,0.0,0,0.0
6083,42,31515.612382023915,Rent,1,1625.7987295930207,1,1606.9098568944266,0,0,0.0,0,0.0
6084,36,22164.77478971384,Rent,1,741.1193948208656,0,0.0,0,0,0.0,0,0.0
6085,27,6242.16848366016,Rent,1,0.0,0,0.0,0,0,0.0,0,0.0
6086,74,44321.7321988556,Own,1,2212.2372419451176,1,38405.34077069379,0,0,0.0,1,8.946720504213866
6087,72,857406.8403030961,Own,1,4206.969359683788,1,96758.46639356414,1,1,10205.049015643137,1,10.747738922047587
6088,34,11886.80560488117,Rent,1,133.0451647260702,1,1320.9147078922015,0,0,0.0,1,4113.528927360832
6089,31,11587.261847777609,Rent,0,0.0,0,0.0,0,0,0.0,0,0.0
6090,28,23534.281360499266,Rent,1,202.6062476207004,1,1839.3856076016486,0,0,0.0,0,0.0
6091,86,97544.25320073185,Own,1,3917.593219398803,1,93572.74490605407,1,1,10683.380548786858,1,9848.512838335555
6092,31,25086.916863202347,Rent,1,2043.7678488645292,1,36861.56448418946,0,0,0.0,0,0.0
6093,55,50282.94069677489,Mortgage,1,6985.30399971741,1,2977.0229064702116,0,0,0.0,1,0.0
6094,71,31880.547434788874,Mortgage,1,1912.4816414230077,1,4317.477617800412,0,0,0.0,1,24.161907262942254
6095,75,222850.44052819544,Own,1,9833.089811738095,1,96672.87829879965,1,1,10988.077948191489,1,0.0
6096,68,36100.669068302566,Mortgage,1,1857.0358889876334,0,0.0,1,0,0.0,1,0.0
6097,83,191630.54971445448,Own,1,7557.27092407208,1,95999.5798429428,1,1,12509.675243289264,1,14.251898457565519
6098,76,246054.39951547916,Own,1,8889.89013274311,1,90561.88563214969,1,1,21658.29953361354,1,6.786902256964491
6099,27,1620.2569355613523,Rent,0,0.0,0,0.0,0,0,0.0,0,0.0
6100,40,45646.345934682526,Rent,1,1968.5308990290255,1,37911.70039467475,0,0,0.0,0,0.0
6101,41,8002.68630449977,Rent,1,97.02580888890805,1,1718.195590119769,0,0,0.0,0,0.0
6102,45,25573.161616220546,Mortgage,1,501.16911516800167,0,0.0,0,0,0.0,0,0.0
6103,46,18128.69812910832,Mortgage,1,1238.4584239501996,1,3198.2828974039858,1,0,0.0,1,3953.824379998161
6104,31,11950.092891598877,Rent,1,297.22329720982646,1,2031.980661607924,0,0,0.0,0,0.0
6105,39,24968.5339963492,Mortgage,1,1463.861322772137,1,6524.850754587166,0,0,0.0,1,2345.2282263186817
6106,44,33765.674749253565,Mortgage,1,1564.3415224703863,1,5754.780289581767,0,0,0.0,1,10.779895102003618
6107,26,18971.391682335805,Rent,1,1122.174327461055,1,2079.8884495305333,0,0,0.0,0,0.0
6108,39,7409.915904487134,Rent,1,717.0368814996702,1,1031.6834056816115,0,0,0.0,0,0.0
6109,74,157588.40376930867,Own,1,3952.8641235884443,1,95558.40367584952,1,1,26814.08880773394,1,9572.502399875979
6110,30,8363.18341911092,Rent,0,0.0,0,0.0,0,0,0.0,0,0.0
6111,54,48215.768957822256,Mortgage,1,1611.9670797261676,1,4445.807060600199,1,0,0.0,1,6480.882908101288
6112,47,14712.425290297575,Rent,1,694.5947038258328,1,2427.344867432254,0,0,0.0,0,0.0
6113,60,39200.14387171159,Mortgage,1,2118.828640937341,1,3672.0870884796495,1,0,0.0,1,2999.276129194866
6114,66,31786.330935325466,Own,1,1703.5914605655755,1,1529.341966074306,0,0,0.0,0,0.0
6115,29,19636.830817910915,Rent,0,0.0,0,0.0,0,0,0.0,0,0.0
6116,88,185688.83920299905,Own,1,16786.759919841686,1,96758.46639356414,1,1,21086.152927667234,1,20.136381266912302
6117,34,15244.018318572018,Rent,0,0.0,1,0.0,0,0,0.0,0,0.0
6118,34,19080.34273830319,Rent,1,609.8296862047791,1,1239.4972777515115,0,0,0.0,0,0.0
6119,28,17802.863187911516,Rent,1,1224.108745129485,1,2129.678053358742,0,0,0.0,0,0.0
6120,37,26478.54844824317,Rent,1,1085.1149674393823,1,3833.7088798923023,0,0,0.0,0,0.0
6121,27,525.5206015037594,Rent,0,0.0,0,0.0,0,0,0.0,0,0.0
6122,46,19792.006298517743,Rent,0,0.0,0,0.0,0,0,0.0,0,0.0
6123,55,22724.716288960844,Mortgage,1,524.227877833179,1,3814.274578533229,1,0,0.0,1,7279.077516511052
6124,28,17956.3744200152,Rent,1,585.0751781360187,1,3199.2097592735104,0,0,0.0,0,0.0
6125,55,63686.813427182824,Mortgage,1,1902.2820219460375,1,8461.7089764547,1,0,0.0,1,4.415498127831376
6126,43,26208.701674810338,Own,1,1603.027670907482,1,1899.7489353635187,0,0,0.0,0,0.0
6127,89,25749.014301694748,Own,1,5531.063277675754,1,79260.95747302932,1,1,10958.813754483097,1,0.0
6128,68,71214.40590516338,Own,1,4715.475544991355,1,8751.249623552005,0,0,0.0,1,10.295061289955155
6129,70,112694.74228354654,Own,1,3768.225408165116,1,47948.463870240295,0,0,0.0,1,14.68307222003173
6130,88,129830.25570333937,Own,1,4950.163082455705,1,75064.53000795473,1,1,4335.236798863236,1,0.0
6131,45,14001.204353347395,Mortgage,1,1816.0848009120562,1,3992.3122543018,0,0,0.0,0,0.0
6132,72,40512.57600033574,Own,1,4355.786708869298,1,44330.22033624476,0,0,0.0,1,0.0
6133,74,53949.32760781783,Own,1,2234.0980730251667,1,40036.469914662164,0,0,0.0,1,4.202858929802608
6134,42,20913.150517564864,Rent,1,1428.1026144282587,1,5424.646769882348,0,0,0.0,1,14.739209364806756
6135,76,53631.3051536149,Own,1,2821.9531095400853,1,46720.68628761396,0,0,0.0,1,14.61014309325264
6136,44,31150.131914626327,Rent,1,1617.0700966354898,1,3644.354899426801,0,0,0.0,0,0.0
6137,75,132883.97637455817,Own,1,6591.6042428362625,1,73854.75534815321,1,1,6934.734460553065,1,9816.000225187763
6138,28,14454.839122742533,Rent,0,0.0,1,1085.1734889120273,0,0,0.0,0,0.0
6139,29,525.5206015037594,Rent,0,0.0,0,0.0,0,0,0.0,0,0.0
6140,72,185118.6360182446,Own,1,5893.063294799161,1,96758.46639356414,1,1,19821.77814301682,1,15378.920414580332
6141,28,5619.5465541335125,Rent,0,0.0,1,0.0,0,0,0.0,0,0.0
6142,35,8981.189174641246,Rent,1,766.9488078325912,1,258.26867810809017,0,0,0.0,0,0.0
6143,87,100141.88762453521,Own,1,9514.098020177087,1,84964.14511163563,1,1,4635.910924972898,1,3.4589468929928904
6144,38,10608.666061817865,Rent,1,405.5758195538614,1,2137.665895445156,0,0,0.0,0,0.0
6145,70,14846.327147089203,Mortgage,1,1008.5880347636304,1,10174.103061266613,1,0,0.0,1,3914.836106357705
6146,43,40536.14109677214,Mortgage,1,1886.6283981641732,1,9279.512735986045,1,0,0.0,1,0.0
6147,31,10372.055349874863,Rent,1,43.76660134632118,1,584.1262909906989,0,0,0.0,0,0.0
6148,89,89951.30661574446,Own,1,6104.147522542255,1,44757.909057475445,1,1,4679.515520261515,1,2.5249478376702106
6149,75,38826.63446001771,Own,1,4619.343585475351,1,8396.984285683278,0,0,0.0,1,5544.396620402921
6150,86,200645.18562252406,Own,1,20838.431211246498,1,94306.71480917346,1,1,22062.225755774914,1,8955.62148620601
6151,28,525.5206015037594,Rent,0,0.0,1,626.5841612402949,0,0,0.0,0,0.0
6152,41,2162.8086586956597,Rent,0,0.0,0,0.0,0,0,0.0,0,0.0
6153,27,525.5206015037594,Rent,0,0.0,0,0.0,0,0,0.0,0,0.0
6154,56,49864.59876938726,Mortgage,1,1791.896658562871,1,9018.792581604042,1,0,0.0,1,4381.154931069239
6155,65,54878.7330076432,Rent,1,857.1737864715947,1,1781.8684392241983,0,0,0.0,1,1911.0305305669272
6156,69,50398.80245575066,Own,1,2608.2109708964313,1,46027.78763566338,0,0,0.0,1,3171.8643058608677
6157,60,37903.7475864778,Own,1,2320.231439709723,1,36352.35759088525,0,0,0.0,1,6.747788883820503
6158,74,42012.86550316216,Own,1,1574.1783091503416,1,35788.78611852342,0,0,0.0,1,0.0
6159,42,21244.41079887223,Rent,1,2114.454874534572,1,3027.873208370903,0,0,0.0,0,0.0
6160,29,5870.752598954805,Rent,0,0.0,0,0.0,0,0,0.0,0,0.0
6161,59,32413.340168533803,Mortgage,1,2295.590379133471,1,2907.985952359283,1,0,0.0,1,13.776350248111159
6162,69,36838.47952907543,Rent,1,475.5919125906785,1,8885.195839969287,0,0,0.0,0,0.0
6163,49,20065.2753830688,Mortgage,1,1141.172485878825,0,0.0,0,0,0.0,1,0.0
6164,34,6783.734137673098,Rent,1,460.3716947838923,1,2109.1945881117895,0,0,0.0,0,0.0
6165,29,23652.0901801145,Rent,1,443.8258982969778,1,916.2597648689909,0,0,0.0,0,0.0
6166,65,59221.25809041376,Own,1,3514.423663922962,1,10697.418420447986,0,0,0.0,1,0.0
6167,76,118116.34802852066,Own,1,7935.757580408124,1,48080.73545425671,0,1,4855.604393222535,1,11681.728011416675
6168,29,38659.6465439141,Rent,1,388.3597571037761,1,2111.699174542793,0,0,0.0,0,0.0
6169,28,2119.416971564564,Rent,0,0.0,0,0.0,0,0,0.0,0,0.0
6170,77,40336.7157068288,Own,1,2356.631339688852,1,82186.70714480068,0,0,0.0,1,0.0
6171,76,55427.47020828323,Mortgage,1,3906.416674752473,1,9662.547631894085,0,0,0.0,1,0.0
6172,44,49030.87642947931,Mortgage,1,2057.870103931751,1,4905.758630583045,0,0,0.0,1,2819.660239588158
6173,48,8876.132162545082,Rent,1,58.284252996041005,1,0.0,0,0,0.0,0,0.0
6174,76,123811.72742575206,Own,1,4095.8978655178194,1,96758.46639356414,1,1,4263.257048425576,1,9063.934167574298
6175,35,31832.536658560857,Rent,1,1215.017585157963,1,1350.1127881276611,0,0,0.0,0,0.0
6176,35,13406.146772395708,Rent,0,0.0,0,0.0,0,0,0.0,0,0.0
6177,53,30068.306277381125,Mortgage,1,1752.861471158537,1,5247.782616385571,0,0,0.0,1,2424.340622640831
6178,75,49436.80045332172,Own,1,4826.783429675616,1,45940.62709869701,0,0,0.0,1,2465.074093387089
6179,73,743242.2443045267,Own,1,7217.428692633283,1,39891.16275809553,1,1,7072.523569685517,1,9313.153990152434
6180,63,56321.4371938154,Own,1,1672.5742574072722,0,0.0,0,0,0.0,1,0.0
6181,36,34582.943443500524,Rent,1,1857.6790511228874,1,3038.688007037419,0,0,0.0,0,0.0
6182,68,37464.63410245337,Own,1,2526.5109237392835,1,37962.54461201387,0,0,0.0,1,0.0
6183,62,20089.99129688346,Rent,1,628.3367368711731,0,0.0,0,0,0.0,1,5.526390716074769
6184,37,12583.050444954504,Rent,1,41.66688188001842,0,0.0,0,0,0.0,0,0.0
6185,91,104230.41028401797,Own,1,38797.88945307126,1,94166.05516475861,1,1,4870.352889911852,1,0.0
6186,61,47355.86483536136,Mortgage,1,3730.4706582168465,1,9586.459282737389,1,0,0.0,1,0.0
6187,49,57436.43899103609,Mortgage,1,1194.7531586631283,1,4280.191246834925,1,0,0.0,0,0.0
6188,49,57746.65449921947,Mortgage,1,2259.6623020312277,0,0.0,1,0,0.0,1,2493.298239410383
6189,47,30281.800789090586,Mortgage,1,994.878140347506,1,4495.926394239432,0,0,0.0,1,3.608608649123248
6190,41,34764.64285788354,Rent,1,1678.4002882919035,1,3007.694419332349,0,0,0.0,1,12.8221679733479
6191,73,69415.09811267979,Own,1,2720.3434458382276,1,38256.534266142036,0,0,0.0,1,4320.3439470940675
6192,60,48630.40002005137,Mortgage,1,2302.6715222025487,1,3443.492767284826,1,0,0.0,1,12.845545183760573
6193,34,31361.062858904457,Rent,1,1312.737285577004,1,2738.1179597353594,0,0,0.0,0,0.0
6194,31,5888.096497882232,Rent,0,0.0,0,0.0,0,0,0.0,0,0.0
6195,91,816808.269616644,Own,1,5771.246328620728,1,96758.46639356414,1,1,13624.475099209245,1,19.4972306321106
6196,75,45144.603664137845,Mortgage,1,2097.43899941488,1,9972.692609977601,0,0,0.0,1,0.18905657885595115
6197,42,11018.466632497406,Mortgage,1,871.6755528368266,0,0.0,0,0,0.0,1,5.546025249918889
6198,67,42704.26999677949,Mortgage,1,3782.4624164987813,1,8715.582590513137,1,0,0.0,1,9.622229569789743
6199,55,36668.59287300253,Mortgage,1,1134.7132154483284,1,4189.030638835786,0,0,0.0,1,2.104524007514931
6200,52,49285.846339386044,Mortgage,1,1776.1423161266653,1,3770.3631409242525,1,0,0.0,1,2268.0452032276335
6201,39,14401.266765548598,Rent,1,0.0,1,1516.8365503888836,0,0,0.0,0,0.0
6202,73,38754.9034544488,Own,1,1236.172295529742,1,3082.4672854375735,1,0,0.0,1,0.0
6203,76,90106.47737696898,Own,1,8003.381777325716,1,78247.79288802826,0,1,9951.712135535441,1,0.0
6204,32,525.5206015037594,Rent,0,0.0,0,0.0,0,0,0.0,0,0.0
6205,70,28519.229109070784,Own,1,3293.5088420096595,1,2504.5874415081817,0,0,0.0,1,0.0
6206,47,33609.11753258396,Mortgage,1,2332.9475201206324,1,9499.476314393169,0,0,0.0,1,2423.20719009382
6207,58,46588.78159541051,Mortgage,1,2607.2712939435924,1,5560.286447109704,1,0,0.0,1,3289.719964061646
6208,58,32337.98538078937,Mortgage,1,979.0832568769564,0,0.0,1,0,0.0,1,0.0
6209,34,13867.994719401862,Rent,0,0.0,1,2355.0312018588966,0,0,0.0,0,0.0
6210,58,74648.99004749686,Mortgage,1,1980.3573558222681,1,9549.342786642419,1,0,0.0,1,0.0
6211,28,15391.376273201393,Rent,1,157.42232496696897,0,0.0,0,0,0.0,0,0.0
6212,57,28838.6285719233,Mortgage,1,864.0548601020917,0,0.0,0,0,0.0,1,0.0
6213,31,23466.555601287677,Rent,1,1143.0259496125277,1,2668.17023830017,0,0,0.0,0,0.0
6214,49,29883.63560175364,Mortgage,1,1414.7506658420386,1,3164.25866084136,1,0,0.0,1,7.994567765406857
6215,35,31614.01502044162,Rent,1,0.0,0,0.0,0,0,0.0,1,9.818799188474747
6216,61,34851.340658745525,Mortgage,1,1254.0672488473124,1,9542.674388278616,1,0,0.0,1,3.250733224774985
6217,52,43929.661714843314,Mortgage,1,731.0806393622817,1,2435.1226713919386,1,0,0.0,1,0.0
6218,43,17275.260748850713,Mortgage,1,1323.7650977962417,1,3792.8136520345597,0,0,0.0,1,19.12391816879369
6219,30,14478.37411878592,Rent,1,2903.7038222410592,1,2362.820823813246,0,0,0.0,0,0.0
6220,46,27339.952416240965,Mortgage,1,1636.603173451891,0,0.0,0,0,0.0,1,2310.487553566427
6221,30,24552.425022333136,Rent,0,0.0,1,1492.7609040666855,0,0,0.0,0,0.0
6222,90,110075.62752474935,Own,1,9476.492608056707,1,94991.94288326256,1,1,7732.5255741529045,1,10.295525870460187
6223,84,211841.71303831504,Own,1,7604.040835989544,1,79456.44647493846,1,1,4945.216721329671,1,16.51534268808863
6224,61,55510.689851258896,Mortgage,1,2377.6547959933055,1,9395.291638514485,1,0,0.0,1,5901.430608385582
6225,46,44740.05052527774,Mortgage,1,2650.5088468324257,1,39783.75329242959,0,0,0.0,1,0.0
6226,69,132666.66120285436,Own,1,11687.81380026422,1,45617.11850091016,1,1,8.618420898230863,1,0.8026316352350849
6227,89,145146.00149369604,Own,1,8027.358345796918,1,80911.6689090033,1,1,7902.343841995324,1,0.0
6228,59,46190.13449339355,Mortgage,1,3234.7869799117393,1,8345.281675757757,1,0,0.0,1,0.0
6229,28,14684.202981584505,Rent,1,495.68275140121057,1,2778.191354127526,0,0,0.0,0,0.0
6230,66,21017.4999062437,Rent,1,1838.2102696695868,1,8926.014048858024,0,0,0.0,1,0.0
6231,27,525.5206015037594,Rent,0,0.0,0,0.0,0,0,0.0,0,0.0
6232,74,99858.90873881546,Own,1,6718.3575908134335,1,81323.01259546576,1,1,17055.945870830583,1,5539.159831075042
6233,45,32420.428007229897,Mortgage,1,1245.9844873353504,1,8108.3575792675,0,0,0.0,1,4191.481598540671
6234,44,12599.544554012304,Rent,1,759.5245801914152,1,3130.789180261764,0,0,0.0,0,0.0
6235,67,48092.799186878496,Rent,1,1554.5817423345509,1,9039.16242163855,0,0,0.0,1,11.545655939439518
6236,77,43867.491623665526,Own,1,7008.566210875208,1,43843.691752233084,0,1,6.759561425877707,1,0.0
6237,72,70583.27888325602,Own,1,7852.124234217046,1,47011.24720270261,0,0,0.0,1,0.0
6238,35,20110.85320518658,Rent,1,847.5585148508973,1,2148.8814454147105,0,0,0.0,0,0.0
6239,43,27610.805521163093,Rent,0,0.0,0,0.0,0,0,0.0,0,0.0
6240,51,40565.446110674646,Mortgage,1,929.473668337903,1,2449.2657300501423,0,0,0.0,1,4552.234951089903
6241,30,525.5206015037594,Rent,0,0.0,0,0.0,0,0,0.0,0,0.0
6242,61,21943.742866513105,Mortgage,1,2198.771564813292,1,2236.274139304,0,0,0.0,1,0.0
6243,29,4806.462295978194,Rent,1,406.20784539726924,1,446.4291790656714,0,0,0.0,0,0.0
6244,50,39129.1330094151,Mortgage,1,1421.206567359357,1,9700.333389203151,1,0,0.0,1,14.58948828454941
6245,28,525.5206015037594,Rent,0,0.0,0,0.0,0,0,0.0,0,0.0
6246,45,21460.84571196416,Rent,1,139.9653261208813,1,1486.0910026185336,0,0,0.0,0,0.0
6247,91,120208.00035281229,Own,1,7233.431918923205,1,80895.35990756877,1,1,11765.251325277493,1,12.306884113198095
6248,37,9661.243532886992,Rent,1,606.1218426294042,1,2211.956718423631,0,0,0.0,0,0.0
6249,28,525.5206015037594,Rent,0,0.0,0,0.0,0,0,0.0,0,0.0
6250,37,5685.416900599064,Rent,1,615.4916767349018,0,0.0,0,0,0.0,0,0.0
6251,47,36278.45403043638,Mortgage,1,824.8614855442772,1,4943.6714932190225,0,0,0.0,1,13.05402868914681
6252,61,48759.39711257903,Mortgage,1,1298.784458818342,1,3708.910856229845,1,0,0.0,1,14.132701517990059
6253,36,4839.694799829427,Rent,1,437.18107167483385,1,1374.1006961859648,0,0,0.0,0,0.0
6254,89,179747.3919152603,Own,1,5721.423570919215,1,82218.59942033439,1,1,12249.931723255506,1,0.0
6255,44,525.5206015037594,Rent,0,0.0,0,0.0,0,0,0.0,0,0.0
6256,66,66775.08925298828,Mortgage,1,1756.2121296742703,1,8378.847565988804,1,0,0.0,1,0.0
6257,88,48072.20443270784,Own,1,7504.174290103697,1,96758.46639356414,1,1,7831.30436704551,1,8.943596600817964
6258,31,9455.195156467751,Rent,1,303.84374353923124,0,0.0,0,0,0.0,0,0.0
6259,53,35501.122849878164,Mortgage,1,1237.0114858206582,1,3366.269943515157,0,0,0.0,1,0.0
6260,62,57192.28982983822,Mortgage,1,1678.5328842422266,0,0.0,1,0,0.0,1,5.193562338641909
6261,76,47705.326180802644,Own,1,2012.1315127606638,1,38044.87216145658,0,0,0.0,1,6292.432994627745
6262,43,44962.75115807277,Rent,1,1420.4041158817352,1,2768.8201442023274,0,0,0.0,1,3.1948050911646693
6263,75,41340.61584080439,Own,1,1682.9311706571434,1,2806.1179652871597,0,0,0.0,1,0.0
6264,56,24802.18837976972,Mortgage,1,1216.3339485166816,1,10186.373187372245,1,0,0.0,1,22.148565541798167
6265,46,19241.59596319259,Own,1,1148.5822331037075,1,2689.8120674876022,0,0,0.0,1,2.0630262800602317
6266,72,664335.0403180617,Own,1,3045.5209287454727,1,96627.29768719981,1,1,6845.290516198245,1,5.0702122095516415
6267,58,30406.61195060154,Own,1,1879.4659632855576,1,3421.008871489201,0,0,0.0,1,3539.2186616594895
6268,37,21819.304195450128,Rent,1,1647.48788892207,1,3192.544226344787,0,0,0.0,1,0.0
6269,44,32303.093822585353,Mortgage,1,1391.349722074284,1,4391.6273031130295,0,0,0.0,1,0.0
6270,55,53593.93049594382,Mortgage,1,1831.0048561601218,0,0.0,1,0,0.0,1,0.0
6271,78,211734.03190132577,Own,1,2501.7566678938656,1,9671.71093440411,1,1,17774.35224290943,1,8.89142040534877
6272,44,11965.91703617376,Mortgage,0,0.0,0,0.0,0,0,0.0,1,0.0
6273,75,108379.00751441615,Own,1,2694.6280646264167,1,78739.63155103066,1,1,4309.215700935036,1,18.660671330211787
6274,51,38199.27495304082,Mortgage,1,1238.4895125174257,1,3612.8566787510936,0,0,0.0,1,3895.778112790287
6275,62,61886.60188019436,Mortgage,1,3914.6874009902435,1,8877.27363578667,1,0,0.0,1,5097.868472829063
6276,39,8905.898906374923,Rent,1,347.7052791147929,1,1367.508600368059,0,0,0.0,0,0.0
6277,69,140453.44476162604,Own,1,3100.2082657589217,1,47708.228957151456,0,1,6983.270084218174,1,7347.133502766222
6278,52,37121.055339336024,Mortgage,1,1113.909954932089,1,4395.099126448469,0,0,0.0,1,0.0
6279,29,525.5206015037594,Rent,0,0.0,0,0.0,0,0,0.0,0,0.0
6280,63,71727.25346478366,Rent,1,773.5752088637985,1,2167.8910318424582,0,0,0.0,1,6.947366761400696
6281,60,28129.415637359576,Mortgage,1,790.9885817618182,1,5420.13661845533,0,0,0.0,1,2.514407917775076
6282,30,18593.116350933746,Rent,1,308.2795974317312,0,0.0,0,0,0.0,0,0.0
6283,28,1259.622770118258,Rent,0,0.0,0,0.0,0,0,0.0,0,0.0
6284,62,48532.92316041458,Mortgage,1,1529.0625634412092,1,9046.853709839259,1,0,0.0,1,0.0
6285,57,84443.05095809563,Mortgage,1,1538.669753909105,1,3810.0704993727095,1,0,0.0,1,0.0
6286,66,41841.01417050281,Own,1,1489.0184808904153,1,39140.652474946095,0,0,0.0,1,0.0
6287,87,77302.17904351324,Own,1,6758.9295513575935,1,96758.46639356414,1,1,5637.204193183513,1,23.450047776600915
6288,55,31864.720816697332,Own,1,1594.382081398252,1,36298.18113011549,0,0,0.0,1,25.12558940803254
6289,76,87115.4987048927,Own,1,7567.481310165773,1,47279.76972567015,0,1,7784.7955991370345,1,9.479413117038211
6290,70,49234.45162461773,Own,1,5242.298984342925,1,38822.400661155756,0,0,0.0,1,31.14517302924341
6291,57,35110.81080958904,Mortgage,1,1550.4640234283206,1,3976.0878490501036,1,0,0.0,1,2757.9074793020195
6292,27,12530.508101039275,Rent,1,756.3241126718437,1,3027.198800939942,0,0,0.0,0,0.0
6293,53,56719.84447340715,Mortgage,1,1465.212788890374,1,10006.910280719392,1,0,0.0,1,5.688875745207427
6294,38,17023.80364984389,Rent,1,302.4425711756767,0,0.0,0,0,0.0,0,0.0
6295,75,218381.99063342027,Own,1,6601.847739676784,1,92900.53022964115,1,1,4521.140106250647,1,14.548258767230024
6296,34,13935.992547743816,Rent,1,184.14696755214004,1,1977.148865164765,0,0,0.0,0,0.0
6297,52,16515.448468470586,Rent,1,1166.2439968569338,1,2427.8657558936075,1,0,0.0,0,0.0
6298,30,22399.47550086757,Rent,1,592.8655534463313,1,1788.5708056693675,0,0,0.0,0,0.0
6299,65,72308.78163507498,Own,1,1995.769381486161,1,8792.099799723812,1,1,2.573997710287201,1,11.773204266800558
6300,43,22554.74206691945,Rent,1,781.1374511257804,1,2197.2745097432517,0,0,0.0,1,4145.164108624435
6301,73,115982.09194973964,Own,1,3471.723554245495,1,92234.1334622509,1,1,12241.8462163912,1,4.049499052777133
6302,38,4681.850569203692,Rent,1,1072.0714812720844,0,0.0,0,0,0.0,0,0.0
6303,41,7995.76233386722,Rent,1,412.6100807186915,0,0.0,0,0,0.0,0,0.0
6304,45,34556.13683481871,Mortgage,1,1637.342383927741,1,4001.5155751276916,1,0,0.0,1,4568.186669112911
6305,77,84427.78859559871,Own,1,6563.6952119415855,1,44355.58881860229,1,1,7019.335801288042,1,12.711586799388385
6306,38,20106.849985228895,Rent,1,282.1530846950933,1,1037.9038094727578,0,0,0.0,0,0.0
6307,65,60824.844117190165,Mortgage,1,1913.7498880751862,1,9137.752387345285,1,0,0.0,1,16.39184137008401
6308,37,25054.12013421538,Rent,1,705.9901413077062,1,2222.410424471054,0,0,0.0,0,0.0
6309,41,34580.32067680344,Rent,1,886.5582423444406,1,2309.874483298458,0,0,0.0,0,0.0
6310,41,24304.865342654994,Mortgage,1,866.3656619865195,1,3569.0583628031127,0,0,0.0,0,0.0
6311,33,21570.70629311922,Rent,1,1086.8011528130246,1,1579.5089855519334,0,0,0.0,0,0.0
6312,69,125988.57441452538,Own,1,5531.618274168839,1,36683.54033857159,0,0,0.0,1,17.666653279644237
6313,28,525.5206015037594,Rent,0,0.0,0,0.0,0,0,0.0,0,0.0
6314,80,160539.22234919897,Own,1,3919.4412039299377,1,45689.08972523214,0,1,4213.228561542516,1,5515.164025439962
6315,68,112513.6748661621,Own,1,1690.3065644273165,1,36897.76811972217,0,0,0.0,1,0.0
6316,90,88772.47181773426,Own,1,32234.216367041136,1,86206.14006791126,1,1,4082.1316968685896,1,7922.007690571788
6317,55,44181.15239378539,Mortgage,1,1346.5827172023266,0,0.0,0,0,0.0,1,8.073950956701971
6318,53,51659.77822468918,Mortgage,1,1893.8264598921226,1,38540.86857347524,0,0,0.0,1,0.0
6319,44,15774.415491229158,Mortgage,1,1312.6938147762535,0,0.0,0,0,0.0,1,6.528200502612484
6320,58,33241.09736234072,Mortgage,1,1170.86744602011,1,8739.991115114088,1,0,0.0,1,2790.78713557469
6321,28,525.5206015037594,Rent,0,0.0,0,0.0,0,0,0.0,0,0.0
6322,74,97003.96803110854,Own,1,27731.146131176625,1,96758.46639356414,1,1,19440.03750770244,1,1.8988828036559755
6323,73,878041.761515483,Own,1,4116.850579650543,1,94841.97214691323,1,1,12657.676732392409,1,9.897192142443403
6324,61,62100.967953635234,Mortgage,1,2241.7654164363194,1,9075.709356588819,1,0,0.0,1,3792.0528381647737
6325,52,34587.34727882672,Mortgage,1,1312.3536136489654,1,5011.253500438119,0,0,0.0,1,2460.9680828383366
6326,73,231609.32550432807,Own,1,27887.558596978823,1,96758.46639356414,1,1,8498.558576396674,1,9404.423182156952
6327,52,18419.207782828373,Mortgage,1,580.6003157751361,0,0.0,0,0,0.0,1,0.0
6328,69,10084.465212791463,Rent,1,829.9958771329016,0,0.0,0,0,0.0,1,0.0
6329,28,5427.769466676351,Rent,0,0.0,0,0.0,0,0,0.0,0,0.0
6330,39,41998.32955001152,Rent,0,0.0,1,1204.813992552548,0,0,0.0,0,0.0
6331,30,23960.416011297886,Rent,1,1686.7143668146823,1,2158.2156666260626,0,0,0.0,0,0.0
6332,38,2631.6537475412497,Rent,1,163.90576882711503,1,492.6254902891021,0,0,0.0,0,0.0
6333,60,17858.908303614346,Mortgage,1,968.7014780875004,0,0.0,0,0,0.0,1,12.30177172514057
6334,74,86197.52508426533,Own,1,5511.5887346441,1,86096.89585235485,1,1,12227.743807037234,1,7.578091868293258
6335,29,10986.288142459649,Rent,0,0.0,0,0.0,0,0,0.0,0,0.0
6336,28,525.5206015037594,Rent,1,439.58715537728983,0,0.0,0,0,0.0,0,0.0
6337,30,525.5206015037594,Rent,0,0.0,0,0.0,0,0,0.0,0,0.0
6338,47,28754.479585594512,Mortgage,1,396.66536926730873,0,0.0,0,0,0.0,1,0.0
6339,30,15914.319274337993,Rent,0,0.0,0,0.0,0,0,0.0,0,0.0
6340,58,36426.76945614004,Mortgage,1,1387.6768383611034,1,3706.293055450509,0,0,0.0,1,2603.630549952099
6341,60,43869.569137818,Mortgage,1,1787.0677361360706,1,9695.404905620488,1,0,0.0,1,6678.540779733209
6342,90,816337.123152717,Own,1,7783.902949160831,1,96758.46639356414,1,1,5291.907895166674,1,0.0
6343,30,15625.587579318593,Rent,1,351.20605273717024,0,0.0,0,0,0.0,0,0.0
6344,29,23731.4953655218,Rent,1,716.8546646693317,1,2037.2826301736018,0,0,0.0,1,0.0
6345,36,22434.212781509996,Mortgage,1,290.7860724743398,1,2046.1294223335929,0,0,0.0,0,0.0
6346,55,32590.974590513593,Mortgage,1,1649.629669234127,1,3602.1977672515595,0,0,0.0,1,6.551793983260258
6347,45,23370.286102704198,Own,1,1510.9360922751046,1,3491.3158231746743,0,0,0.0,1,0.0
6348,61,42564.14660904407,Mortgage,1,2206.6414015146056,1,8524.805843899034,1,0,0.0,1,3.0903210357081505
6349,61,28512.12565502312,Rent,1,1682.0849789550894,1,3788.8387591985943,0,0,0.0,1,4773.36235406474
6350,55,23395.335045861488,Rent,1,1410.1017429669337,1,2784.3420915298884,0,0,0.0,0,0.0
6351,26,525.5206015037594,Rent,0,0.0,0,0.0,0,0,0.0,0,0.0
6352,43,53700.19025990111,Own,1,1080.6510097185248,1,38217.62722826857,0,0,0.0,1,0.0
6353,90,249465.30594159028,Own,1,3767.5485629270856,1,79773.64910127243,0,1,4150.571763795984,1,0.0
6354,70,27358.956023972205,Rent,1,2555.408945529141,1,2150.8298395682214,0,0,0.0,1,0.0
6355,88,108419.70313502259,Own,1,3653.6629486642805,1,96758.46639356414,1,1,19796.09329073251,1,0.0
6356,33,10859.633429130983,Rent,1,781.5104696046889,1,2042.3397374772487,0,0,0.0,0,0.0
6357,61,16470.55582792205,Mortgage,1,2176.339606390457,1,2084.7420729236073,0,0,0.0,0,0.0
6358,75,80479.99045441631,Own,1,3723.9907026396554,1,43168.66716560316,0,1,9913.094668352613,1,0.0
6359,47,37809.55509180775,Mortgage,1,1544.640677090959,1,4321.284023739675,0,0,0.0,1,4613.608903337913
6360,27,525.5206015037594,Rent,0,0.0,0,0.0,0,0,0.0,0,0.0
6361,70,68579.38662204458,Own,1,2276.407517593668,1,37958.343691733826,0,0,0.0,1,0.0
6362,57,66004.14052627006,Mortgage,1,2802.757211324951,1,2375.001865434984,1,0,0.0,1,0.0
6363,54,65028.58840402806,Mortgage,1,2136.5985671236763,1,3451.827994323613,0,0,0.0,1,18.765834734531804
6364,75,112165.51192023489,Own,1,2481.4883392988627,1,45474.68152981434,0,1,17001.149894267666,1,4.2386544071523105
6365,55,41204.79943239098,Own,1,923.9951801444633,1,8835.263293506321,1,0,0.0,1,3923.6317688973313
6366,65,38573.47062371482,Own,1,4178.134561938464,1,40468.066670914,0,0,0.0,1,0.0
6367,73,91219.53428323958,Own,1,7331.756499482051,1,49823.98876355216,1,1,16579.83255890162,1,8135.8852381959105
6368,90,124133.11737872576,Own,1,8639.007052192612,1,93284.52323319377,1,1,7532.370100082336,1,3638.756193082811
6369,90,225517.36111456997,Own,1,33853.23716202455,1,96758.46639356414,1,1,12301.374510332753,1,7.091858307223171
6370,31,8240.077509316221,Rent,1,6.044289449299185,0,0.0,0,0,0.0,0,0.0
6371,40,22054.161411685258,Rent,1,1716.3971873230935,0,0.0,0,0,0.0,0,0.0
6372,90,225089.1958419819,Own,1,27542.53234585345,1,96758.46639356414,1,1,12482.327311387164,1,13208.744003690266
6373,70,164578.2207229171,Own,1,8956.276624410508,1,45493.662514704265,0,1,4544.478939414032,1,0.4798246235008413
6374,42,38677.96243275597,Rent,1,561.1477382525791,1,2813.7090725217863,0,0,0.0,0,0.0
6375,31,12267.582177553148,Rent,1,562.4679680442398,0,0.0,0,0,0.0,0,0.0
6376,74,48777.50520497777,Own,1,2871.9139800947205,1,36624.08640695279,0,0,0.0,1,4.7420251315392
6377,62,14776.118212634407,Mortgage,1,1421.2257760748485,1,3522.3319432431135,0,0,0.0,1,0.0
6378,43,33515.36811584252,Mortgage,1,1200.889840880849,1,3527.6119657467134,0,0,0.0,1,0.0
6379,37,14496.084744833573,Rent,1,941.0617914000579,1,3229.5289395476193,0,0,0.0,0,0.0
6380,26,15965.827884099619,Rent,1,864.068401198298,1,3597.7508903796347,0,0,0.0,0,0.0
6381,40,21776.682257800996,Rent,1,1347.7838825098104,1,2059.6431612797815,0,0,0.0,0,0.0
6382,37,18795.888074543433,Rent,1,1154.9626295932096,1,1698.5333899997622,0,0,0.0,0,0.0
6383,51,39118.52804241532,Own,1,4503.456231532309,1,37949.05896005027,0,0,0.0,1,9449.218611000926
6384,26,13517.030187021131,Rent,1,313.7602872394848,0,0.0,0,0,0.0,0,0.0
6385,56,51688.16591323277,Own,1,1572.0699047652804,1,38071.8237902587,0,0,0.0,1,2.399901088610598
6386,32,15886.182622394888,Rent,0,0.0,1,1399.7395367129964,0,0,0.0,0,0.0
6387,58,20497.43317372296,Rent,1,901.671324231073,0,0.0,0,0,0.0,0,0.0
6388,30,3538.2775213945624,Rent,0,0.0,0,0.0,0,0,0.0,0,0.0
6389,88,72568.63018476986,Own,0,0.0,1,89873.37684220081,1,1,19405.036013675326,1,9.112555719488412
6390,26,24777.16299280869,Rent,1,906.4799909956643,0,0.0,0,0,0.0,0,0.0
6391,35,34133.88864491805,Mortgage,1,1270.772093498496,1,2497.8146499313802,0,0,0.0,0,0.0
6392,47,21430.002596452076,Mortgage,0,0.0,0,0.0,1,0,0.0,1,12.483338597516534
6393,75,122991.2629251924,Own,1,4191.984900452162,1,46536.114552797946,0,1,4227.878080516451,1,13.841157226060904
6394,64,121063.40482872247,Own,1,11685.481775923543,1,10538.033476660723,0,1,16769.699531630144,1,8.533011564483145
6395,32,4386.5873277029605,Rent,0,0.0,1,1902.4756962142897,0,0,0.0,0,0.0
6396,30,20609.536176535374,Rent,0,0.0,0,0.0,0,0,0.0,0,0.0
6397,27,11910.022944970857,Rent,0,0.0,0,0.0,0,0,0.0,0,0.0
6398,29,5257.839210989423,Rent,1,336.55027564713214,1,2290.5954943011784,0,0,0.0,0,0.0
6399,79,70127.45746030439,Own,1,6482.601741664175,0,0.0,1,1,9688.107046749212,1,3.7944213267397
6400,84,115996.87795711399,Own,1,4452.304992099093,1,45673.321969720455,0,1,5719.273224066534,1,3.219092689129497
6401,37,4911.0495024682405,Rent,0,0.0,0,0.0,0,0,0.0,0,0.0
6402,77,195263.5308999419,Own,1,5761.82502600727,1,96758.46639356414,1,1,4339.984578837715,1,8.494006827082252
6403,42,13050.24899078882,Rent,1,204.26718092143904,1,819.5717382133425,0,0,0.0,0,0.0
6404,62,73693.05673214394,Mortgage,1,2620.7410665402103,1,9672.073319183932,0,0,0.0,1,0.0
6405,34,23663.609145774724,Rent,1,509.049682785514,1,2155.7182386751683,0,0,0.0,0,0.0
6406,78,37981.87333366755,Mortgage,1,8461.34103954591,1,2575.2091565145965,0,0,0.0,1,0.0
6407,56,32048.247533397436,Mortgage,1,2547.6277313082373,0,0.0,1,0,0.0,1,0.0
6408,33,28442.046681327593,Mortgage,1,1875.305861809522,1,4863.834087579071,0,0,0.0,0,0.0
6409,27,525.5206015037594,Rent,0,0.0,0,0.0,0,0,0.0,0,0.0
6410,36,13954.53796434622,Rent,1,790.7288984711927,1,1755.5377171884911,0,0,0.0,0,0.0
6411,70,71935.23765922745,Own,1,2889.6041080495293,1,38175.491060681255,0,0,0.0,1,0.0
6412,44,20985.347560168662,Rent,1,633.0694245217556,1,1964.6556612844802,0,0,0.0,0,0.0
6413,88,101971.28838697704,Own,1,10019.153900258445,1,96758.46639356414,1,1,5247.212674763994,1,2.036558583006733
6414,47,18641.476992685835,Mortgage,1,1434.5526646753196,1,3944.2142116100185,0,0,0.0,0,0.0
6415,61,48957.92465838308,Mortgage,1,1161.6996459781853,1,9411.632081594042,1,0,0.0,1,3713.176306419298
6416,74,32694.77330247949,Rent,1,1786.1216943242882,1,2045.8009614050216,0,0,0.0,1,10.250433526441638
6417,74,39503.41686089797,Own,1,1831.535652938373,1,37625.69811857366,0,0,0.0,1,8.88000814544284
6418,28,525.5206015037594,Rent,0,0.0,0,0.0,0,0,0.0,0,0.0
6419,43,23376.90170896487,Mortgage,1,884.859876982884,1,2412.1216808492004,0,0,0.0,0,0.0
6420,31,8706.661259434717,Rent,0,0.0,1,1598.3368904298886,0,0,0.0,0,0.0
6421,55,37088.472326337214,Mortgage,1,1263.8904086384077,1,5083.58808892032,0,0,0.0,1,4065.00980706937
6422,39,4565.497897225478,Rent,1,570.3094385377597,1,1136.2711869656277,0,0,0.0,0,0.0
6423,30,5956.089970795205,Rent,1,261.262867801418,0,0.0,0,0,0.0,0,0.0
6424,68,102223.60979029528,Own,1,1812.8435755913506,1,9913.08992334206,1,1,5.0277892222642,1,5.333610832759475
6425,60,33193.21409986995,Mortgage,1,1431.5135953025583,1,8933.411373585253,1,0,0.0,1,9.90128826064617
6426,58,34330.61125224515,Mortgage,1,1268.7111460856158,1,9584.590017073571,0,0,0.0,1,12.063740298883664
6427,77,103467.50699400596,Own,1,7719.173233301679,1,81007.17792608298,1,1,7619.360095809702,1,19.848447486408027
6428,36,25663.586693637382,Rent,1,2096.1833594643517,1,2574.5073423722724,0,0,0.0,1,0.0
6429,63,63112.73295108345,Mortgage,1,2098.154713553362,1,9622.09722111329,1,0,0.0,1,4920.034979198602
6430,77,74896.14561193311,Rent,1,1139.4995545188717,1,3692.442733578443,1,0,0.0,1,12.9306735538011
6431,40,525.5206015037594,Rent,0,0.0,0,0.0,0,0,0.0,0,0.0
6432,49,41906.43126685901,Mortgage,1,1832.0415813788625,1,5671.9535290889635,0,0,0.0,1,2413.2801945214055
6433,40,53588.28203028839,Own,1,539.1226113439304,1,2767.284494662102,0,0,0.0,1,6.0104180203715005
6434,85,133864.83377871747,Own,1,5467.048567508494,1,43156.79148320498,0,1,0.0,1,21.868297339626913
6435,34,18372.23186800759,Rent,1,540.2583192593935,1,2810.552015407399,0,0,0.0,0,0.0
6436,79,936177.8914485518,Own,1,5552.680622277309,1,96758.46639356414,1,1,12633.124004200328,1,0.0
6437,46,45825.58730901836,Mortgage,1,1332.2290784310335,1,4253.729975044922,0,0,0.0,1,0.0
6438,69,47629.4856793772,Own,1,1977.281471767193,1,38629.91674411572,0,0,0.0,1,11.052651918509465
6439,69,48659.096341426,Own,1,6988.603945116152,1,44736.936956039055,0,0,0.0,1,11.35546829519217
6440,71,138409.54485131218,Own,1,4982.934214963334,1,79801.7552423185,0,1,19784.719307914882,1,9504.149655009856
6441,41,18197.91642124132,Rent,1,167.50967847574634,1,4003.3786796874087,0,0,0.0,0,0.0
6442,28,10877.650967740852,Rent,1,444.7500739270753,1,1751.7606033216082,0,0,0.0,0,0.0
6443,38,22623.02457165757,Rent,1,907.0559854703007,1,762.1041870197191,0,0,0.0,0,0.0
6444,74,48395.86682908866,Own,1,3174.954646388357,1,38629.48421259026,0,0,0.0,1,10.582135997025558
6445,40,35906.24242796191,Rent,1,1619.1823795566227,1,1972.7325248873708,0,0,0.0,1,0.0
6446,27,1364.4411047062458,Rent,0,0.0,0,0.0,0,0,0.0,0,0.0
6447,69,38629.79529889001,Mortgage,1,2944.2966337421394,1,9843.511919173461,0,0,0.0,1,2816.6666332623413
6448,43,14118.687404327226,Mortgage,1,1368.6113607835036,1,4583.197088601597,0,0,0.0,1,13.854199522738798
6449,65,51501.97866722067,Own,1,2400.6490997313304,1,8526.140652072896,0,0,0.0,1,16.378155268956256
6450,91,114246.01228965174,Own,1,8396.88889133235,1,43870.26685797392,1,1,7758.7634290910155,1,4924.268963824818
6451,41,14442.577428712426,Rent,1,1085.1182920247559,1,2895.312923481044,0,0,0.0,0,0.0
6452,74,52976.231153251,Own,1,2777.6923659936715,1,44653.16960027328,0,0,0.0,1,15.188597887073694
6453,73,150929.82174452062,Own,1,3327.9895746269117,1,82696.59995770695,1,1,10464.383446120522,1,10867.87262232798
6454,69,15965.454769016887,Mortgage,1,979.0522421894052,0,0.0,0,0,0.0,0,0.0
6455,78,56643.132986645054,Own,1,1673.1772723767044,0,0.0,0,0,0.0,1,15.830105466937564
6456,31,14968.718911711932,Rent,1,777.9869336544542,1,1565.6539272851185,0,0,0.0,0,0.0
6457,61,44123.31241015689,Mortgage,1,2352.25852326503,1,3945.741262064632,1,0,0.0,1,2708.718525324056
6458,59,57605.16841929295,Rent,1,1162.6180415132924,1,2085.617552957378,0,0,0.0,1,14.414894124753275
6459,49,63966.22971525361,Mortgage,1,1439.0360970784984,1,9764.282670113353,1,0,0.0,1,6660.616805870454
6460,27,1292.4034708031631,Rent,0,0.0,0,0.0,0,0,0.0,0,0.0
6461,42,37988.16233996664,Rent,1,1204.3895887808258,1,3830.3450279633744,0,0,0.0,0,0.0
6462,72,868899.2147539158,Own,1,9698.460174756296,1,95738.06447098292,1,1,4994.0252093650215,1,4193.851686961239
6463,64,74340.08344554338,Mortgage,1,1077.7308121339083,1,3010.5478442543445,1,0,0.0,1,0.0
6464,27,34238.101418853366,Own,1,2303.6437517672966,1,36630.84706100712,0,0,0.0,1,7.222183151395445
6465,59,42119.057242240924,Rent,1,1502.1652395344952,1,37535.80275310811,0,0,0.0,0,0.0
6466,77,63521.79204848046,Own,1,8256.00294399467,1,47059.32824129479,0,1,4165.877085034913,1,3.4389614206422756
6467,65,48552.428589277144,Own,1,2296.5530244661777,1,9767.77356341193,0,0,0.0,1,0.0
6468,89,112127.68699590763,Own,1,12474.567414463381,1,96758.46639356414,1,1,4402.293856038528,1,0.0
6469,53,59594.39063928433,Mortgage,1,2300.204785758773,1,9475.149876788559,1,0,0.0,1,6409.576500883987
6470,67,47253.04028020914,Own,1,2512.275510332871,1,40222.54969894518,0,0,0.0,1,0.0
6471,72,65557.63966679976,Own,1,4249.8700508693,1,35530.45959613442,1,0,0.0,1,0.0
6472,55,48146.88276756517,Mortgage,1,1737.7951569943205,1,8989.349687537038,1,0,0.0,1,25.660335586839256
6473,76,113026.95010960504,Own,1,3292.3208758233827,1,80172.30059164604,1,1,16345.08423184778,1,21.256777229861534
6474,76,257719.42698233516,Own,1,4159.701708431635,1,94294.77681393125,1,1,11031.944668244618,1,9.87803820912173
6475,91,101750.63282108353,Own,1,10502.60425503739,1,93088.70333705525,1,1,22260.15444876439,1,11.46406298699224
6476,30,4038.6024894693073,Rent,1,1043.9304323343806,1,1904.4435762636733,0,0,0.0,0,0.0
6477,79,561008.7195532676,Own,1,9519.015098806041,1,96640.69630636653,1,1,12311.02648579247,1,28.497118218121543
6478,64,58717.98735251537,Mortgage,1,2058.1132909436187,1,10160.279713027225,1,0,0.0,1,2288.132171741164
6479,86,215307.89382578834,Own,1,29002.51991838167,1,92072.03475096056,1,1,18497.512492519552,1,0.0
6480,91,223450.1520831223,Own,1,7051.455519968802,1,95183.620484064,1,1,5340.331185393525,1,0.0
6481,62,43907.83189425552,Mortgage,1,1949.545580333539,1,4553.297102254983,1,0,0.0,1,0.0
6482,65,56638.78100650969,Mortgage,1,1696.5209994819875,1,8982.93545480671,1,0,0.0,1,3991.5705758573645
6483,35,11906.018853927375,Rent,1,599.5743894188668,1,501.3912234214836,0,0,0.0,0,0.0
6484,52,29389.603086196606,Own,1,5755.948980003305,1,96517.4159939132,1,1,4930.6732615807505,1,0.0
6485,45,9207.803305986354,Rent,0,0.0,0,0.0,0,0,0.0,0,0.0
6486,52,68913.40080170205,Mortgage,1,879.8177383109785,1,8549.990906467174,1,0,0.0,1,3961.779411986399
6487,66,38005.37719343112,Mortgage,1,761.9501829039975,1,10344.660355633194,0,0,0.0,1,5.7341818563333575
6488,60,34912.69823184994,Mortgage,1,2486.386346305735,0,0.0,1,0,0.0,1,0.0
6489,89,39118.876683205934,Mortgage,1,8630.95847267736,1,96494.96415560598,1,1,11017.65656093352,1,26.90930220205383
6490,67,40732.713674250816,Own,1,2661.0424667217144,1,37853.84805839163,0,0,0.0,1,4703.301606921424
6491,26,18826.23467115165,Rent,1,1559.3619519520262,1,2149.775871027477,0,0,0.0,0,0.0
6492,30,7030.819365954212,Rent,1,0.0,1,294.5489100725258,0,0,0.0,0,0.0
6493,26,17259.814655511407,Rent,1,473.72717269096506,1,2754.3641615997835,0,0,0.0,0,0.0
6494,50,36490.768515275864,Mortgage,1,1528.5627188549165,1,3780.1245286110566,0,0,0.0,1,4077.536852150471
6495,54,66925.9180725476,Mortgage,1,1700.9976591600112,1,9357.31425729271,0,0,0.0,1,12.412176678908521
6496,64,15154.466198106407,Mortgage,1,1676.2892450764346,0,0.0,0,0,0.0,1,2413.1567682539016
6497,37,8705.935354604499,Rent,1,285.4744784666507,1,1023.6174633772926,0,0,0.0,0,0.0
6498,33,33109.15135518872,Rent,1,1032.0619432936933,1,4260.74351802666,0,0,0.0,0,0.0
6499,48,38806.59128875771,Mortgage,1,1551.1265422413599,0,0.0,0,0,0.0,1,0.0
6500,40,64318.34737520233,Mortgage,1,2618.7828432713086,1,3677.4577002808765,1,0,0.0,1,0.0
6501,75,60425.30418715546,Own,1,1904.7975714746935,1,35663.63931327291,0,0,0.0,1,0.0
6502,35,27944.413116844393,Rent,1,515.7875977981164,0,0.0,0,0,0.0,0,0.0
6503,53,28138.151560309772,Mortgage,1,1833.459113625921,0,0.0,1,0,0.0,1,2568.2410086241416
6504,33,27504.843623729663,Rent,1,232.52320140932648,1,1314.250186620609,0,0,0.0,0,0.0
6505,44,10985.91473581134,Rent,0,0.0,1,1449.2821338188103,0,0,0.0,0,0.0
6506,87,622881.3036273533,Own,1,20107.842908752107,1,96758.46639356414,1,1,18271.076534116182,1,7.59166482804802
6507,68,91873.13070734372,Own,1,8836.55940386134,1,78451.22008895746,1,1,4947.726735181852,1,0.0
6508,78,79590.49965611768,Own,1,5004.720906538048,1,79752.70558293129,0,1,18324.600904350296,1,22.51411230167321
6509,48,42337.58969883902,Mortgage,1,1288.9399330252463,1,3263.0008113167974,0,0,0.0,1,0.0
6510,31,7412.4339231621925,Rent,1,204.57723914134056,1,1410.1788726307195,0,0,0.0,0,0.0
6511,30,15409.263148941822,Rent,0,0.0,0,0.0,0,0,0.0,0,0.0
6512,59,69515.38765545111,Mortgage,1,1358.6980382370787,1,10072.725603004546,1,0,0.0,1,0.0
6513,73,138565.5604265274,Own,1,5143.253779921241,1,8400.622832445442,0,0,0.0,1,7.510877882726928
6514,40,12787.8416537134,Rent,1,691.6085464674056,1,406.311823572727,0,0,0.0,0,0.0
6515,64,57481.93900841211,Mortgage,1,4451.0045327529215,1,8116.911744067547,1,0,0.0,1,33.032507300908534
6516,62,47747.1598097206,Mortgage,1,2421.797657707749,1,10446.31017147228,1,0,0.0,1,2721.4299414523075
6517,57,51546.787696623804,Mortgage,1,1410.171283842289,1,8710.711875439294,1,0,0.0,1,3549.2368702646154
6518,78,106926.8080375846,Own,1,4964.4299943629885,1,9495.525801878031,0,1,0.0,1,9124.537493720556
6519,78,192378.0261214305,Own,1,6442.22029639462,1,93473.46684407281,1,1,4343.294803278215,1,10138.111271407084
6520,42,38509.244376522816,Mortgage,1,1739.0289500625913,1,4206.254561332768,0,0,0.0,1,2625.405358710387
6521,29,525.5206015037594,Rent,0,0.0,0,0.0,0,0,0.0,0,0.0
6522,29,33467.544136981895,Rent,1,541.3517088970355,1,2581.499226694527,0,0,0.0,0,0.0
6523,52,11339.727139225626,Mortgage,1,469.41997499206343,0,0.0,0,0,0.0,0,0.0
6524,89,111321.17187797144,Own,1,35442.756343103785,1,44810.08722122046,0,1,7571.251519130919,1,10320.607530548206
6525,76,61990.039185711044,Own,1,4451.284394206936,1,45281.8464019616,0,0,0.0,1,12558.85816768474
6526,75,102303.32062393009,Own,1,7983.454235492369,1,38257.4468707197,1,1,4476.900319975548,1,13.483656519932486
6527,57,59991.885292435625,Mortgage,1,2454.29525528006,1,4347.650751572357,1,0,0.0,1,4.843383281097639
6528,31,18768.944084236373,Rent,1,812.1145745561995,1,1358.74553433175,0,0,0.0,0,0.0
6529,26,2192.1294065978163,Rent,0,0.0,0,0.0,0,0,0.0,0,0.0
6530,39,16078.937866610768,Rent,1,1098.8010442436082,1,2437.7325168674734,0,0,0.0,0,0.0
6531,47,52179.272598441254,Mortgage,1,1383.3658706711678,1,3024.555524794674,0,0,0.0,1,0.0
6532,36,17725.713732194043,Rent,1,184.7007695956928,1,1731.404406409834,0,0,0.0,0,0.0
6533,38,16682.681007741736,Rent,1,544.733122516536,1,641.321798384952,0,0,0.0,0,0.0
6534,32,11726.58969799415,Rent,1,1777.4799680627752,1,2500.470456829746,0,0,0.0,0,0.0
6535,36,25929.559981798353,Rent,1,467.09586817695083,1,2410.554325054806,0,0,0.0,0,0.0
6536,47,12488.68204544599,Rent,0,0.0,0,0.0,0,0,0.0,0,0.0
6537,89,741486.2758247446,Own,1,6118.036968075404,1,96758.46639356414,1,1,8154.705072168659,1,0.0
6538,42,27778.427849197167,Mortgage,1,1470.6805095152095,1,9509.259755128118,0,0,0.0,1,2933.1692711703386
6539,91,227209.72760024137,Own,1,6631.025274218427,1,96741.27558714777,1,1,12616.529612217404,1,16.347849401011644
6540,29,16187.948374183747,Rent,0,0.0,0,0.0,0,0,0.0,0,0.0
6541,30,30127.045310443544,Rent,1,435.3216975671338,1,2859.208581904132,0,0,0.0,0,0.0
6542,57,94480.75553313053,Mortgage,1,2643.8888003423003,1,8257.443701872307,1,0,0.0,1,0.0
6543,79,125999.2194348704,Own,1,4730.594570304257,1,79677.04981075272,0,1,20368.309022773192,1,23.4904983205735
6544,39,1252.1047189726578,Rent,1,233.78287941938413,0,0.0,0,0,0.0,0,0.0
6545,60,75356.38141061287,Mortgage,1,1440.6226778743503,1,4481.291762184461,1,0,0.0,1,19.089194781046924
6546,55,37259.37612354572,Rent,1,671.026363490538,1,2099.5751765879113,0,0,0.0,1,9.370150590762158
6547,45,9037.591979949166,Rent,1,630.1687754991353,1,2290.741644268276,0,0,0.0,0,0.0
6548,78,100830.56591148491,Own,1,5319.031630892669,1,96204.20146647151,1,1,11433.528581768413,1,13577.735681033126
6549,59,38677.33087853691,Mortgage,1,1370.020318104664,1,9580.132216443762,1,0,0.0,1,4198.80612808556
6550,69,167397.8129149938,Own,1,1936.3577720436379,1,3775.956869107248,0,0,0.0,1,13.823651352030787
6551,49,55645.60957270903,Mortgage,1,1604.2680492459842,1,3793.0181907126525,1,0,0.0,1,2644.3470674694695
6552,53,51622.04500338357,Mortgage,1,1475.8300287258949,1,2413.5259989000742,0,0,0.0,1,2366.9031958572723
6553,56,49928.612585001145,Mortgage,1,1346.519476200555,1,5330.785221281482,0,0,0.0,1,4415.420270444548
6554,87,700588.7075679052,Own,1,11076.705519252197,1,96758.46639356414,1,1,5462.506618972408,1,0.0
6555,28,9150.40107490819,Rent,0,0.0,0,0.0,0,0,0.0,0,0.0
6556,57,20877.95540918872,Mortgage,1,716.6857660674268,0,0.0,0,0,0.0,1,0.0
6557,41,22422.879253317657,Rent,1,1048.499727695806,1,2990.091493286616,0,0,0.0,0,0.0
6558,68,95181.38008625609,Own,1,29593.66594389163,1,94584.49890907387,1,1,18916.058353262255,1,0.0
6559,70,76947.97188157872,Own,1,3674.86652055346,1,76854.70287904528,1,1,4512.171347066235,1,8928.756050974578
6560,62,43691.743189147615,Mortgage,1,980.6573026479978,1,38454.018234767325,0,0,0.0,1,0.0
6561,41,18306.291689497375,Rent,1,745.4516103053219,0,0.0,0,0,0.0,0,0.0
6562,88,43748.53326303627,Own,1,1707.3318865598674,1,37678.111125988886,0,0,0.0,1,12.982627471528664
6563,28,26182.017182260246,Rent,1,921.9806734952676,0,0.0,0,0,0.0,0,0.0
6564,72,30619.309368768416,Own,1,5752.827340835762,1,39082.06220101213,0,0,0.0,1,3962.9266177517047
6565,57,76237.19900468415,Mortgage,1,1598.8444536510451,1,1613.9862605715227,1,0,0.0,1,4748.328519220397
6566,53,34999.77524968984,Mortgage,1,766.5630820495884,0,0.0,0,0,0.0,1,9.92888974940093
6567,29,14595.831037191863,Rent,1,0.0,1,1021.0725019113779,0,0,0.0,0,0.0
6568,45,24618.65309469902,Mortgage,1,1863.707462084579,1,3363.1642480922583,1,0,0.0,1,18.611303644045638
6569,28,8829.831629578337,Rent,1,324.4813510482593,1,1917.173418886693,0,0,0.0,0,0.0
6570,87,102472.73021374179,Own,1,32785.51741754995,1,94940.1356431829,1,1,5087.6489766278755,1,10.956485756470082
6571,37,525.5206015037594,Rent,0,0.0,0,0.0,0,0,0.0,0,0.0
6572,50,21945.426384995346,Mortgage,1,1505.954888173868,1,2634.80859117384,0,0,0.0,0,0.0
6573,43,30372.607634426466,Mortgage,1,1449.7017806829176,1,3826.5833188755296,0,0,0.0,0,0.0
6574,57,34462.44661352767,Rent,1,908.6233944904986,1,3904.990425270111,0,0,0.0,0,0.0
6575,66,55767.75181896874,Mortgage,1,1935.136405222444,1,1242.5713358968642,1,0,0.0,1,0.0
6576,61,16568.697652834107,Mortgage,1,1646.2073538863838,1,4771.380581766697,1,0,0.0,1,4322.142850948084
6577,27,525.5206015037594,Rent,0,0.0,0,0.0,0,0,0.0,0,0.0
6578,34,13002.825047506827,Rent,1,431.6704162709136,1,0.0,0,0,0.0,0,0.0
6579,43,20884.96653662683,Rent,1,1144.9802147747555,1,4360.45722722304,0,0,0.0,0,0.0
6580,41,19003.303765300872,Mortgage,1,1508.247049417525,1,2330.060261968098,1,0,0.0,1,10.584153517968746
6581,50,28957.30810156896,Own,1,2783.64286523097,1,3199.543790064353,0,0,0.0,1,6258.309792063795
6582,64,25460.01279780098,Mortgage,1,2877.7103716362135,1,4314.036695991879,0,0,0.0,1,3.2558408568898405
6583,67,33176.72474788676,Own,1,6424.804733864203,1,40694.771332257464,0,0,0.0,1,3973.2168421857277
6584,34,18616.343829180638,Rent,1,117.81933206398651,1,1484.6003258362166,0,0,0.0,0,0.0
6585,75,212431.76220623456,Own,1,10997.052946043814,1,96758.46639356414,1,1,6682.341310066688,1,0.0
6586,37,37702.14421220433,Rent,1,733.8295986362596,1,3227.7749100203746,0,0,0.0,0,0.0
6587,49,35418.27473460242,Own,1,2877.4846566384654,1,38289.261949524305,0,0,0.0,1,0.0
6588,63,47099.745292393614,Own,1,2760.082205155536,1,37091.75040795947,0,0,0.0,1,0.0
6589,77,91852.34295667424,Own,1,3551.7936476352334,1,95844.27273955496,1,1,5395.182961117221,1,24.28717979412231
6590,70,36981.75721782804,Own,1,2152.392874871063,1,9364.154807393335,1,1,21.13113475053874,1,5.690606407713779
6591,67,33867.83464207724,Rent,1,2693.5357999440866,1,3111.215086280972,0,0,0.0,1,16.96103559258817
6592,32,14741.09620819572,Rent,1,0.0,1,951.991218824352,0,0,0.0,0,0.0
6593,29,525.5206015037594,Rent,0,0.0,0,0.0,0,0,0.0,0,0.0
6594,89,233329.26930459007,Own,1,32397.248681650195,1,96072.06547505481,1,1,20674.408208325054,1,6395.891401430473
6595,31,13259.204180510185,Rent,1,52.523825186992326,0,0.0,0,0,0.0,0,0.0
6596,39,1325.2759258586084,Rent,1,835.8910524057952,1,1865.8023664778937,0,0,0.0,0,0.0
6597,78,58724.21936791438,Own,1,1124.8671466973492,1,8234.67680853648,1,0,0.0,1,14.974440291769323
6598,71,78254.41454729394,Mortgage,1,1110.1347043059968,1,10081.903193539734,1,0,0.0,1,4.283646125436474
6599,79,217135.75822740165,Own,1,7370.329796360028,1,96758.46639356414,1,1,20463.625244057053,1,13.810877390644592
6600,79,30405.70421898803,Own,1,949.9492872715983,1,3612.6583939534457,0,0,0.0,0,0.0
6601,57,42170.28620974813,Rent,1,3110.3966948869593,1,8551.069557535027,1,0,0.0,1,5.976606271740751
6602,69,38053.0654565156,Own,1,4002.0990769563086,1,35310.601557095935,0,0,0.0,1,4.534944378927854
6603,59,53813.084900885224,Mortgage,1,6882.671326040034,1,9433.732052905732,1,1,0.0,1,0.0
6604,62,47399.454715466076,Own,1,1733.2508904812532,1,1241.6903664735482,0,0,0.0,1,0.0
6605,68,88538.03264268256,Own,1,30323.808468258838,1,96244.07143711486,1,1,4830.534687034419,1,21.66498329361024
6606,79,189580.56340891862,Own,1,3522.855891955167,1,95667.72299051796,1,1,20435.879691629398,1,16.72865923247872
6607,54,45830.21662767899,Mortgage,1,1048.6854316468032,1,4509.303628449577,0,0,0.0,1,6.184383895109645
6608,70,81324.10189366287,Own,1,2714.4609228722293,1,37506.513558831975,0,0,0.0,1,13.776922963733742
6609,59,37836.72813051602,Mortgage,1,2084.436363132344,1,9244.533026698617,1,0,0.0,1,6565.834973952213
6610,73,93345.74258590135,Own,1,2925.824989773804,1,36021.605889051665,0,0,0.0,1,5323.194120164013
6611,33,37640.30129631867,Rent,1,1072.7808591351827,1,1117.183700064778,0,0,0.0,0,0.0
6612,44,13678.758879574327,Mortgage,1,1312.7854846769526,1,5438.083415956724,0,0,0.0,1,2400.874561189575
6613,30,17986.589845620598,Rent,1,32.57589921971635,1,452.7249972974814,0,0,0.0,0,0.0
6614,73,46812.546908707496,Rent,1,1933.2566607698657,1,34489.48052901959,0,0,0.0,1,1.6229572777680177
6615,73,28346.800110464454,Mortgage,1,1295.5842744085223,1,3543.5069386490704,0,0,0.0,1,9.389747077064918
6616,68,39796.10774477574,Own,1,3102.906047559902,1,37115.67384177231,0,0,0.0,1,0.0
6617,59,24117.094088412905,Mortgage,1,1563.3011557632651,0,0.0,0,0,0.0,1,3.9660322589178563
6618,30,19208.97601899865,Rent,1,490.6059765524367,1,2530.3907682878075,0,0,0.0,0,0.0
6619,61,39676.733383015766,Mortgage,1,1723.253375377581,1,9688.84727106238,1,0,0.0,1,6.098936125971909
6620,36,20400.33875475903,Rent,1,901.5406915705731,1,229.8639210008821,0,0,0.0,0,0.0
6621,76,103459.40252829097,Own,1,3792.5715549122747,1,39682.25165097975,0,0,0.0,1,6597.026471980707
6622,89,234185.0790147788,Own,1,3123.1834513318317,1,74192.99291428331,1,1,19384.40178610749,1,7.879975579587089
6623,61,26197.426778609853,Mortgage,1,2003.9489535454018,1,8203.833640587396,1,0,0.0,1,3879.6877388048324
6624,47,42226.00260063992,Own,1,2312.617717332453,1,39827.930292481906,0,0,0.0,1,4338.046104049509
6625,36,525.5206015037594,Rent,0,0.0,0,0.0,0,0,0.0,0,0.0
6626,56,24013.29836897135,Own,1,927.1896164773976,0,0.0,0,0,0.0,1,3.097444436576789
6627,69,41214.7614143261,Own,1,2918.278103693099,1,41571.6135841991,0,0,0.0,1,0.0
6628,43,26053.1719566812,Mortgage,1,1141.6685140165537,1,3148.0118151951247,0,0,0.0,0,0.0
6629,31,25511.60298710928,Rent,1,806.550020235407,1,2476.699940093539,0,0,0.0,0,0.0
6630,27,12264.923042979095,Rent,1,1227.3711829204187,1,1684.4821162339763,0,0,0.0,0,0.0
6631,54,61453.55560676906,Mortgage,1,2419.3883422136437,1,8611.939136808889,1,0,0.0,1,0.0
6632,27,17741.343951293533,Rent,1,534.5427807408547,1,1978.2709798034898,0,0,0.0,0,0.0
6633,57,71405.21639816518,Mortgage,1,1857.66760915424,1,8596.686590919668,1,0,0.0,1,6624.753611659393
6634,36,23050.755572367354,Rent,1,972.6008103924224,1,2543.2899485192083,0,0,0.0,0,0.0
6635,44,45384.332174423005,Mortgage,1,1444.697614231994,1,3387.926579684233,0,0,0.0,0,0.0
6636,34,11171.517568348247,Rent,1,149.42570715601846,1,601.768119851555,0,0,0.0,0,0.0
6637,32,21811.61076569755,Rent,1,636.7657724197057,1,1976.2194081187354,0,0,0.0,0,0.0
6638,44,525.5206015037594,Rent,0,0.0,0,0.0,0,0,0.0,0,0.0
6639,44,48814.7705067011,Own,0,0.0,1,4298.029153241507,0,0,0.0,1,0.0
6640,60,59475.23817853572,Mortgage,1,2367.615291820187,1,9101.177034398062,1,0,0.0,1,0.0
6641,29,11904.87018212404,Rent,1,212.01337618612138,1,1373.0812676889668,0,0,0.0,0,0.0
6642,29,18955.331328329168,Rent,1,617.1141630527875,1,1505.4104808932548,0,0,0.0,0,0.0
6643,34,108602.21115182032,Mortgage,1,1444.6298523408216,1,2788.662608194138,0,0,0.0,0,0.0
6644,37,37683.521731753855,Mortgage,1,1344.2557734076952,1,2814.7112108787296,0,0,0.0,1,0.0
6645,58,65820.68859734907,Mortgage,1,1385.677417941536,1,5576.6432874767115,0,0,0.0,1,0.0
6646,45,12511.908677117503,Rent,1,865.2644586497538,1,1135.132796786924,0,0,0.0,0,0.0
6647,64,41695.583536119186,Mortgage,1,1598.3607832230323,1,8454.592054221312,1,0,0.0,1,0.0
6648,37,525.5206015037594,Rent,1,3.6199722430613974,1,1212.913319542185,0,0,0.0,0,0.0
6649,91,157810.10640507287,Own,1,6054.330484151339,1,94350.62924256464,1,1,10761.566131673633,1,0.0
6650,71,80886.96151769655,Own,1,4428.235107301718,1,38732.60082043018,0,0,0.0,1,0.0
6651,74,58680.5937906217,Own,1,4369.952350109447,1,39184.45412179566,0,0,0.0,1,0.0
6652,74,167862.86635451246,Own,1,5412.214827582544,1,42795.93978658839,0,1,9715.459776926255,1,7356.932235206921
6653,47,10589.793116956069,Rent,1,772.4953096548055,1,2020.354904789989,0,0,0.0,0,0.0
6654,63,48866.843795206216,Mortgage,1,1559.2408106069229,1,4560.891152492171,1,0,0.0,1,0.0
6655,71,29158.587919959402,Mortgage,1,1822.8987528861346,1,10240.223236902832,1,0,0.0,1,9.675015527171793
6656,52,27931.61179451263,Mortgage,1,1523.7751977095736,1,4096.245309484491,0,0,0.0,1,0.0
6657,85,49530.585624788946,Mortgage,1,4992.078114799827,1,2619.047294966001,0,0,0.0,1,29.057350242133165
6658,40,28774.48274889494,Rent,1,682.7311351714983,1,1415.9500546713507,0,0,0.0,0,0.0
6659,57,45129.03076999404,Mortgage,1,2271.9428276503736,1,10044.485384489315,1,1,32.63228769043808,1,0.0
6660,55,10330.676451656993,Rent,1,946.2620782894417,1,34.54824506324303,0,0,0.0,0,0.0
6661,39,26552.342191111515,Rent,1,748.1474353170636,1,1736.4732224951606,0,0,0.0,0,0.0
6662,37,16142.572353608766,Mortgage,1,1211.9323403794701,0,0.0,0,0,0.0,1,0.0
6663,48,63288.96180273259,Own,1,1936.992189094921,1,39479.827539517435,0,0,0.0,1,0.0
6664,53,54116.76208827405,Mortgage,1,2137.3320142024977,1,3682.09219356616,0,0,0.0,1,7.133354657957623
6665,66,44587.3891329037,Own,1,1345.7194344339218,1,8244.966968393948,0,0,0.0,1,0.0
6666,90,212877.28864506874,Own,1,6709.603481339499,1,96625.31043059853,1,1,5523.275340989543,1,0.0
6667,43,44909.766914427244,Mortgage,1,1676.854475278644,1,3084.90813818784,0,0,0.0,1,10.488264702480857
6668,64,119248.40010451537,Own,1,7056.087421176439,1,45406.70057065473,1,1,15224.863165761477,1,9.772430249318449
6669,30,525.5206015037594,Rent,0,0.0,0,0.0,0,0,0.0,0,0.0
6670,39,35631.26588467661,Own,1,935.3706662816667,1,1667.9705383103621,0,0,0.0,1,0.0
6671,55,39720.131404802145,Mortgage,1,1289.6609691010547,0,0.0,1,0,0.0,1,2248.400417450477
6672,28,9735.757373346914,Rent,1,765.4997762155931,1,1338.1315487892675,0,0,0.0,0,0.0
6673,31,12705.95581415972,Rent,1,694.4927646503132,1,1477.7293805255144,0,0,0.0,0,0.0
6674,91,197408.9826666997,Own,1,11096.992104846828,1,96758.46639356414,1,1,4634.362416709172,1,2.5047468460228117
6675,67,35279.443848908086,Own,1,6261.27444737352,1,36221.99880484494,0,0,0.0,1,0.0
6676,57,32448.390202958475,Rent,1,654.4195571680357,1,3057.8290197973743,0,0,0.0,1,5575.8631498924
6677,34,19103.90836753041,Rent,1,528.1947139971182,1,2082.861548892668,0,0,0.0,0,0.0
6678,88,808429.343550586,Own,1,28951.412001327935,1,96758.46639356414,1,1,11219.739657455311,1,13.739074671339985
6679,60,41236.62209003555,Mortgage,1,2365.484847923561,1,8479.81531829036,1,0,0.0,1,6564.313687665938
6680,51,31471.12904227284,Mortgage,1,862.3915283576853,0,0.0,0,0,0.0,0,0.0
6681,36,8699.097331103847,Rent,1,853.2622898781893,1,1800.167454352583,0,0,0.0,0,0.0
6682,29,525.5206015037594,Rent,0,0.0,1,1435.054647774595,0,0,0.0,0,0.0
6683,30,24963.088145861097,Rent,0,0.0,0,0.0,0,0,0.0,0,0.0
6684,71,189079.6056473162,Own,1,2104.2026018399865,1,96035.21110702974,1,1,6369.706361428953,1,6597.510250536416
6685,49,31348.03087843839,Mortgage,1,533.1284282432861,0,0.0,0,0,0.0,1,2730.9608970553904
6686,55,74854.24878332912,Mortgage,1,2675.2621738095404,1,3456.325821927401,0,0,0.0,1,9.959723276669145
6687,58,35292.29089462222,Own,1,2480.685332650496,1,37923.776183389,0,0,0.0,1,0.0
6688,75,226132.01225238203,Own,1,6194.800609847769,1,96758.46639356414,1,1,10154.243211638533,1,17.357775328872176
6689,30,525.5206015037594,Rent,0,0.0,0,0.0,0,0,0.0,0,0.0
6690,28,7141.025656554008,Rent,0,0.0,1,2496.013946222871,0,0,0.0,0,0.0
6691,73,44935.146482452365,Own,1,3262.669760703705,1,48107.897235736,0,1,4660.273587818637,1,19.80164300302826
6692,56,25769.716379554353,Mortgage,1,1213.0202629211644,1,3494.566369504946,0,0,0.0,0,0.0
6693,61,33619.194996677914,Mortgage,1,1332.9100027585114,0,0.0,0,0,0.0,1,3.1115195237523987
6694,48,27151.52108535469,Own,1,1601.7624889461997,0,0.0,0,0,0.0,0,0.0
6695,78,95264.44861564727,Own,1,3930.32766220439,1,79890.48452678828,1,1,22660.93658278667,1,10574.98473011483
6696,71,98266.90810361262,Own,1,2247.9060803481143,1,39207.06589984259,0,1,0.0,1,3.0162314589175687
6697,50,33816.53603061234,Mortgage,1,1354.2061835509537,1,3142.3628137452524,0,0,0.0,1,2901.05674697375
6698,49,42980.84747081467,Rent,1,2849.110432129203,1,4390.181496501787,0,0,0.0,0,0.0
6699,62,13049.420878558507,Mortgage,1,725.3051400995396,0,0.0,0,0,0.0,1,16.482572741215392
6700,64,35561.017432468085,Mortgage,1,4612.1719886211,1,9559.341369632382,1,0,0.0,1,11.666000312762318
6701,66,53698.39768533957,Mortgage,1,1274.8704354838767,1,4419.579941451575,1,0,0.0,1,5910.416268713449
6702,71,130062.63856713864,Own,1,8465.880572904687,1,46239.52423091863,0,1,4520.034455625763,1,0.0
6703,35,4769.0683249162885,Rent,1,410.4519372054248,0,0.0,0,0,0.0,0,0.0
6704,53,33043.740382499804,Mortgage,1,869.8348155697589,1,3353.165212948533,1,0,0.0,1,14.978921891641136
6705,51,32849.93794797747,Own,1,4550.01256859497,1,2468.0267965808384,0,0,0.0,0,0.0
6706,30,5034.492812828023,Rent,1,496.77649566129236,1,986.0103971013234,0,0,0.0,0,0.0
6707,88,228225.95448654421,Own,1,30082.396145791863,1,96387.2579445885,1,1,21433.06408862158,1,34.72431125251845
6708,91,139057.39121868002,Own,1,9838.962904565626,1,94900.2468015857,1,1,8408.049148205013,1,0.0
6709,77,72925.51837746437,Mortgage,1,2521.7294487179925,1,8277.044217100558,1,0,0.0,1,6120.140813650468
6710,43,30927.47745602495,Mortgage,1,1217.5026019051538,1,4384.10517250096,0,0,0.0,1,0.0
6711,61,48857.83754360867,Mortgage,1,1752.9942501549601,1,9292.68787572098,1,0,0.0,1,3516.998920552982
6712,30,5900.950239891865,Rent,1,43.64774372523425,0,0.0,0,0,0.0,0,0.0
6713,78,816803.0912961493,Own,1,33120.4295649009,1,82077.89450146761,1,1,3869.818741375978,1,7.986843613885161
6714,31,37477.71262279078,Rent,1,240.70818283957294,1,3334.257032834793,0,0,0.0,0,0.0
6715,72,27257.13393375302,Own,1,2360.198827293549,1,36235.504292546895,0,0,0.0,1,0.0
6716,41,8984.830313269618,Rent,1,685.0068507995074,0,0.0,0,0,0.0,0,0.0
6717,68,58005.79668267442,Mortgage,1,1644.9119471207048,1,8780.479247308664,1,0,0.0,1,0.0
6718,39,9561.518727311677,Rent,1,615.3224331754873,0,0.0,0,0,0.0,0,0.0
6719,47,36571.131442246144,Mortgage,1,857.8107641002172,1,2595.7354957620146,0,0,0.0,1,2.9896642625371572
6720,82,511912.65943670145,Own,1,27544.470128542118,1,96758.46639356414,1,1,16593.142912128915,1,5.830271422664476
6721,43,19808.68716819519,Rent,0,0.0,0,0.0,0,0,0.0,0,0.0
6722,35,5657.31218846849,Rent,1,620.2261227217484,1,1525.4027260183293,0,0,0.0,0,0.0
6723,60,44365.04071586495,Mortgage,1,991.0684314762866,0,0.0,1,0,0.0,1,0.0
6724,27,608.1144741398566,Rent,0,0.0,0,0.0,0,0,0.0,0,0.0
6725,91,118727.70131051146,Own,1,7431.447346248444,1,45185.08412838856,1,1,6529.103710053739,1,23.195399587280416
6726,47,34572.26387007644,Mortgage,1,1307.199324245216,0,0.0,1,0,0.0,1,2943.188238713759
6727,35,18120.824674957847,Rent,1,718.9245219710127,1,2740.555363654498,0,0,0.0,0,0.0
6728,43,34411.26046066089,Rent,1,1333.3639238099122,1,2558.767405287743,0,0,0.0,1,0.0
6729,73,42676.49957389798,Rent,1,1755.5553775624169,1,2421.093286207711,0,0,0.0,0,0.0
6730,27,30663.523675403547,Rent,1,282.209706077988,1,3196.5826696423364,0,0,0.0,0,0.0
6731,76,119987.76193461358,Own,1,7969.041142494139,1,43352.31487776436,0,1,0.0,1,18.25424348839613
6732,75,141991.51238137993,Own,1,5404.110959132284,1,35078.20395853749,0,0,0.0,1,11.014661448461151
6733,76,74420.58112017487,Own,1,7254.040197846658,1,96758.46639356414,1,1,17748.56520422474,1,7.443883671774507
6734,65,58232.57632580332,Mortgage,1,1027.5768855376655,1,2241.420485113082,0,0,0.0,1,0.0
6735,58,63259.522082639975,Mortgage,1,2752.5799891959714,1,8121.011775076103,1,0,0.0,1,0.0
6736,78,133779.3640482787,Own,1,4834.802848218902,1,38420.376260368095,0,1,11829.759906237472,1,17.57543530048388
6737,69,92126.4318736575,Own,1,2131.2055788642606,1,36230.60414241312,0,0,0.0,1,12.670775805023963
6738,59,45381.01160224256,Mortgage,1,2313.300097765226,1,2354.8407574040125,0,0,0.0,1,2.1325357589031753
6739,71,42517.49620960871,Mortgage,1,1648.7921889053152,0,0.0,0,0,0.0,1,0.0
6740,31,17650.07786063805,Rent,1,498.20317128864554,1,939.9712606084956,0,0,0.0,0,0.0
6741,90,148275.17640241532,Own,1,4657.0125437022125,1,95969.7625261879,1,1,10867.708271259942,1,10315.847506972426
6742,91,84764.45494446543,Own,1,9406.50136469207,1,96758.46639356414,1,1,4298.527178978986,1,11.760527426769942
6743,53,9964.115999180001,Rent,1,1088.6046443345795,1,3628.263389134567,0,0,0.0,1,7.220559622755555
6744,58,24241.273520519022,Mortgage,1,1374.6714150279545,1,8553.105174376778,1,0,0.0,1,4324.744485096117
6745,41,24131.374105022966,Mortgage,1,484.12536967180944,1,3831.121980639872,0,0,0.0,1,0.0
6746,43,18800.050558020866,Rent,1,866.2374973733786,1,2708.6909690818356,0,0,0.0,0,0.0
6747,48,37861.59565737659,Mortgage,1,1724.3300863461125,1,2719.534324070091,0,0,0.0,1,0.0
6748,64,42062.571151569806,Own,1,2227.727767535977,1,8580.658666779898,1,0,0.0,1,21.325310864362415
6749,49,11926.237916706328,Mortgage,1,1355.7037541144052,1,2604.8550329837058,0,0,0.0,0,0.0
6750,37,44814.01136222643,Rent,1,1903.1269648872424,1,3155.43493904014,0,0,0.0,1,7.824341062858456
6751,63,31024.81004307937,Mortgage,1,2062.773570996728,1,3408.048623954628,0,0,0.0,1,5579.9523438220385
6752,66,32521.28235790526,Mortgage,1,1391.5308813917245,1,8526.713785223887,0,0,0.0,1,0.0
6753,40,16803.514799122608,Mortgage,1,1184.4428953990405,1,4136.223056293378,0,0,0.0,1,13.669683965907407
6754,44,16327.401913846414,Rent,0,0.0,0,0.0,0,0,0.0,0,0.0
6755,57,66728.18746978993,Mortgage,1,1454.9644378117482,1,8347.347148882178,1,0,0.0,1,0.0
6756,74,44423.8439425463,Own,1,2727.4106136614664,1,36745.45767615837,0,0,0.0,1,0.0
6757,65,20843.221968362548,Own,1,2314.15642989847,1,36254.73451889051,0,0,0.0,1,3.535120323611268
6758,30,525.5206015037594,Rent,0,0.0,0,0.0,0,0,0.0,0,0.0
6759,76,122331.02028522758,Own,1,4610.669472489306,1,37772.059245996556,0,1,4090.9849275785696,1,6956.749294725932
6760,76,74978.74924684803,Own,1,2968.223352371722,1,37120.32177386759,0,0,0.0,1,11.602349779819711
6761,47,30585.25626737733,Own,1,785.8805927503707,0,0.0,0,0,0.0,1,0.0
6762,46,29134.587044663007,Mortgage,1,1035.896017681717,1,964.5334680262206,1,0,0.0,0,0.0
6763,32,26661.07493972374,Rent,1,761.2640136884879,1,0.0,0,0,0.0,0,0.0
6764,45,30933.338375414205,Rent,1,508.92816549612826,1,2814.3365758494074,0,0,0.0,1,0.0
6765,45,25344.78449246715,Rent,1,516.7977989217455,1,2107.294053675243,0,0,0.0,0,0.0
6766,33,525.5206015037594,Rent,0,0.0,0,0.0,0,0,0.0,0,0.0
6767,43,11334.322010580916,Mortgage,1,855.0569472376102,0,0.0,1,0,0.0,1,21.68729917786918
6768,43,36520.81306406385,Rent,1,1278.6227841754517,1,2872.8877037990082,1,0,0.0,0,0.0
6769,81,126199.9381802025,Own,1,4253.878860264886,1,96758.46639356414,0,1,4482.582282713823,1,6032.726191688921
6770,36,15367.573998999518,Rent,1,535.9785287922939,1,1683.0135119708777,0,0,0.0,0,0.0
6771,39,13674.154029693358,Rent,1,1140.751401283383,1,2331.111787586793,0,0,0.0,0,0.0
6772,64,66784.23917588772,Mortgage,1,1626.1683980671662,1,2314.1023364015527,1,0,0.0,1,6102.484904444811
6773,34,14048.322835876828,Rent,1,368.30186862827924,1,3254.525236923973,0,0,0.0,0,0.0
6774,30,35117.93232845519,Rent,1,419.4386017646735,1,2984.9448255866287,0,0,0.0,0,0.0
6775,34,14228.777840516119,Rent,1,209.01001963936199,1,377.39737520922745,0,0,0.0,0,0.0
6776,43,26916.255095540513,Rent,1,1600.605921244496,1,1788.6010864066707,0,0,0.0,1,0.0
6777,37,6910.03344799689,Rent,1,755.1533636265439,1,2006.2303663549421,0,0,0.0,0,0.0
6778,67,72658.98650571168,Mortgage,1,32146.193419335388,1,8587.133718449199,1,0,0.0,1,0.0
6779,35,7946.568053885294,Rent,0,0.0,0,0.0,0,0,0.0,0,0.0
6780,39,11004.780713190412,Rent,1,0.0,1,1997.702717531425,0,0,0.0,0,0.0
6781,50,47284.17279402175,Mortgage,1,3892.710904788542,1,2737.2782383323333,1,0,0.0,1,0.9160507302483701
6782,87,97203.3063800552,Own,1,6652.959199693974,1,85623.5792195553,1,1,4581.26394106042,1,3881.7127028490904
6783,75,133610.7281461227,Own,1,9983.157119537977,1,45901.660718634055,0,1,10036.14878764703,1,22.16671221652488
6784,91,166075.22414172272,Own,1,38761.97386832112,1,94605.91103040469,1,1,3922.5043740920937,1,0.0
6785,49,20916.876732239336,Rent,1,1090.0721606462546,1,2868.3602162475204,0,0,0.0,0,0.0
6786,41,4213.561662686727,Rent,0,0.0,0,0.0,0,0,0.0,0,0.0
6787,71,38813.464901160034,Mortgage,1,2509.646559706277,1,1241.98751776353,1,0,0.0,1,0.14443395066539794
6788,55,43438.46345243621,Mortgage,1,2214.9839477398223,0,0.0,1,0,0.0,1,3960.246889023246
6789,28,31819.077903512076,Rent,1,1420.3832522615244,1,2135.985695333269,0,0,0.0,0,0.0
6790,55,78164.55721784517,Mortgage,1,2972.025548108196,1,3665.020571451787,1,0,0.0,1,12.054143307201059
6791,73,50561.84060645707,Own,1,2504.6103624286175,1,35891.450439406166,0,0,0.0,1,7764.069450937245
6792,74,24070.546747803885,Own,1,1773.1450082999809,1,3515.6587769014936,0,0,0.0,1,14.096280008397317
6793,57,48526.824296162646,Mortgage,1,1882.6202628250262,1,9868.03067612563,1,0,0.0,1,35.06216140478533
6794,59,20089.145414309507,Mortgage,1,1760.958271991183,0,0.0,0,0,0.0,1,2498.102525542541
6795,28,525.5206015037594,Rent,0,0.0,0,0.0,0,0,0.0,0,0.0
6796,86,201210.96807065787,Own,1,27245.312614738832,1,95341.07391651665,1,1,20739.942574482986,1,25.843047890460383
6797,40,20936.408217963108,Rent,1,426.6067624524139,0,0.0,0,0,0.0,0,0.0
6798,44,10161.535399701479,Rent,1,782.3981412873852,1,3238.9679764850007,0,0,0.0,0,0.0
6799,39,23153.550665012557,Rent,0,0.0,1,0.0,0,0,0.0,0,0.0
6800,38,55839.59350028854,Rent,1,412.49101623451463,1,1877.449644002067,0,0,0.0,0,0.0
6801,28,525.5206015037594,Rent,0,0.0,0,0.0,0,0,0.0,0,0.0
6802,42,18891.06116647135,Mortgage,1,1450.5652272201921,0,0.0,0,0,0.0,0,0.0
6803,43,47165.124013768174,Rent,1,1158.9958097052693,1,2678.8771115445893,0,0,0.0,0,0.0
6804,54,16555.79759809631,Mortgage,1,649.1100022393757,0,0.0,0,0,0.0,1,8.271278021835371
6805,27,29274.925168997794,Rent,1,1733.9207628578934,1,1369.2566519213487,0,0,0.0,1,16.84271975397053
6806,60,36769.86159183068,Mortgage,1,1811.4861162159289,1,3799.567107164837,1,0,0.0,1,6.003317648277896
6807,60,70709.72407505504,Mortgage,1,2927.247593801885,1,2665.7479632535787,0,0,0.0,1,0.0
6808,87,100883.95763042617,Own,1,3140.399914682669,1,95645.54744232989,1,1,11343.715501125462,1,14181.617518141495
6809,57,10896.806725124501,Mortgage,1,124.82992218095717,0,0.0,0,0,0.0,0,0.0
6810,60,52998.82177010052,Mortgage,1,495.84153359864973,0,0.0,0,0,0.0,1,10.586725732014923
6811,76,35762.431980155714,Own,1,1781.6007709050068,1,85226.69732725949,0,1,0.0,1,8.223192437687958
6812,30,15555.554313832708,Rent,1,498.4989855072135,1,3759.1394488392098,0,0,0.0,0,0.0
6813,33,13588.294296737135,Rent,1,0.0,0,0.0,0,0,0.0,0,0.0
6814,76,52076.93057713637,Own,1,5426.304813343506,1,7546.587707333765,1,0,0.0,1,0.14007738202325135
6815,61,37929.16447990042,Mortgage,1,2331.680628197246,1,9650.670616144513,1,0,0.0,1,3671.8352157924487
6816,60,41726.045991474806,Mortgage,1,2175.7098547913347,1,4551.396658350253,0,0,0.0,1,0.0
6817,86,76305.41028009924,Own,1,8913.441865988507,1,96419.02114700741,1,1,7682.333076701694,1,19.740262306303126
6818,29,7571.873880135856,Rent,0,0.0,0,0.0,0,0,0.0,0,0.0
6819,41,525.5206015037594,Rent,0,0.0,0,0.0,0,0,0.0,0,0.0
6820,52,71029.64843807966,Mortgage,1,1584.9176620898415,1,4515.632555460215,1,0,0.0,1,11.851349911750372
6821,35,19917.443412585293,Rent,1,410.92961363189164,1,2914.7537546270532,0,0,0.0,0,0.0
6822,35,33282.841727194114,Own,1,1560.333864857125,1,1985.7342733565158,0,0,0.0,0,0.0
6823,29,12593.223374750767,Mortgage,1,1248.0211726629714,1,2440.190337866889,0,0,0.0,1,22.113055170695894
6824,35,35635.683498254184,Rent,1,1044.057328064104,1,3201.5274657603027,0,0,0.0,0,0.0
6825,77,76932.10428293803,Own,1,2456.375673126254,1,78328.2601043579,1,1,4486.3532731252735,1,8410.247279030049
6826,89,123397.92856077972,Own,1,8403.318271372766,1,45021.892155999834,1,1,10121.74978339279,1,7.26336510928813
6827,43,57852.82022065956,Mortgage,1,1272.210147976943,1,9386.270015050446,0,0,0.0,1,14.970966951743558
6828,37,11352.225980736916,Rent,1,1398.6689387550343,1,0.0,0,0,0.0,0,0.0
6829,46,47083.63895535059,Own,1,575.6560810632532,0,0.0,0,0,0.0,1,0.0
6830,64,25106.54824918498,Rent,1,843.1463320062567,1,221.5865423562143,0,0,0.0,0,0.0
6831,39,13714.591864889333,Rent,1,665.0022738974669,1,2104.5828621414953,0,0,0.0,0,0.0
6832,29,14392.174372007223,Rent,1,609.070646424168,1,2904.897731014099,0,0,0.0,0,0.0
6833,54,34659.60604245425,Mortgage,1,1388.9689052206668,1,4706.203007641157,0,0,0.0,1,2.683477174065252
6834,47,46422.033318819886,Mortgage,1,1236.7357567930587,1,2427.1826344159963,1,0,0.0,1,0.0
6835,62,65149.31060591274,Mortgage,1,1671.906179435309,1,2671.982392291312,0,0,0.0,1,0.0
6836,28,525.5206015037594,Rent,0,0.0,0,0.0,0,0,0.0,0,0.0
6837,29,5634.948512459141,Rent,1,524.5798701565918,1,502.9364837044518,0,0,0.0,0,0.0
6838,55,63567.58052755159,Mortgage,1,2243.071785262604,1,4386.960068924238,0,0,0.0,1,0.0
6839,45,14425.555831529617,Rent,1,503.00638447695155,0,0.0,0,0,0.0,0,0.0
6840,44,29672.291571935202,Mortgage,1,2183.658054200433,1,3814.468632764693,0,0,0.0,1,13.684185085421145
6841,31,14928.975767438476,Rent,0,0.0,1,0.0,0,0,0.0,0,0.0
6842,63,40224.89141858362,Own,1,1956.1324282459793,1,657.7355167632072,0,0,0.0,1,8804.205920425218
6843,45,27359.215059107304,Mortgage,1,1955.1504350087234,1,2845.727606853659,0,0,0.0,1,0.0
6844,91,203140.27705928218,Own,1,6133.058987011998,1,81398.78174218841,1,1,6793.577284254845,1,0.0
6845,86,208014.1371256449,Own,1,4529.3606175056175,1,94536.4195291526,1,1,5445.970022943512,1,10250.197673549079
6846,62,60363.64423484356,Mortgage,1,2564.8896509751376,1,4020.0713902218613,0,0,0.0,1,0.0
6847,74,44621.97642220407,Own,1,2787.2786246559735,1,43777.0314995576,0,0,0.0,1,0.0
6848,35,14739.224825543419,Rent,0,0.0,1,1291.763071915931,0,0,0.0,0,0.0
6849,65,21109.8880827788,Mortgage,1,1406.3635571172806,0,0.0,0,0,0.0,1,3664.326516342315
6850,41,17000.534244230257,Mortgage,1,858.1101799529398,1,2948.8098124048856,0,0,0.0,1,0.0
6851,70,50692.24600327379,Own,1,1567.4025104253924,1,3214.630632856816,0,0,0.0,0,0.0
6852,80,44170.24083517701,Own,1,2561.893121828081,1,8758.293401770095,0,0,0.0,1,11.841345410874775
6853,27,525.5206015037594,Rent,0,0.0,0,0.0,0,0,0.0,0,0.0
6854,80,128838.62570302139,Own,1,3559.083050379182,1,86405.75307564563,1,1,4636.460686170595,1,6545.160224576617
6855,73,180600.192231912,Own,1,18170.52990099273,1,95622.89915255443,1,1,10589.185980002372,1,5.996085611666164
6856,57,61733.42732086652,Mortgage,1,2010.2407802182681,1,9301.5264101546,1,0,0.0,1,0.0
6857,38,21129.562201023924,Rent,1,584.1415754593954,0,0.0,0,0,0.0,0,0.0
6858,46,43195.417506436526,Mortgage,1,2179.9666048985073,1,4172.860863069156,1,0,0.0,1,2.322614016469113
6859,90,875218.0300747673,Own,1,8804.860021879591,1,96758.46639356414,1,1,8659.239100193008,1,22.37435166724357
6860,35,525.5206015037594,Rent,0,0.0,0,0.0,0,0,0.0,0,0.0
6861,56,42152.91050795636,Mortgage,1,1867.3730215647688,1,3557.3713317521383,0,0,0.0,1,0.0
6862,38,34951.67996685333,Rent,1,330.6277853830758,1,2474.77901013191,0,0,0.0,0,0.0
6863,75,108890.91742670193,Own,1,8497.323858058087,1,46709.98382282486,0,1,9382.198887435825,1,0.0
6864,35,15972.52798568253,Rent,1,584.2952156314568,1,2420.0953094403285,0,0,0.0,0,0.0
6865,42,17812.21716125846,Rent,1,1252.5905714559417,1,1446.9130167560047,0,0,0.0,0,0.0
6866,91,122353.76464648765,Own,1,29060.080648299205,1,9373.109669111476,1,1,22171.129939620325,1,10680.619194068246
6867,48,6686.257314176,Mortgage,1,848.0608456694546,0,0.0,0,0,0.0,1,0.0
6868,29,4856.884226208984,Rent,0,0.0,0,0.0,0,0,0.0,0,0.0
6869,29,31394.69710145342,Rent,1,595.232155850485,1,2621.834870205661,0,0,0.0,0,0.0
6870,63,30429.864331762044,Mortgage,1,1960.7914099945278,1,8970.957521976747,1,0,0.0,1,3787.664120094029
6871,76,51601.59358763807,Own,1,8669.140640319649,1,39129.27430995291,0,0,0.0,1,7.472337725831066
6872,62,83009.04333891449,Mortgage,1,2538.1940603754265,1,10036.542759810556,1,0,0.0,1,8.021353234524547
6873,38,3113.004144077964,Rent,0,0.0,0,0.0,0,0,0.0,0,0.0
6874,30,7063.071607922719,Rent,0,0.0,0,0.0,0,0,0.0,0,0.0
6875,28,1394.5539599591339,Rent,0,0.0,0,0.0,0,0,0.0,0,0.0
6876,47,24566.504091696177,Rent,1,681.2143706684903,1,2508.2803579111282,0,0,0.0,0,0.0
6877,73,25701.045574648735,Own,1,3001.1146410831984,1,80963.77821573254,0,1,16.19407886856691,1,0.0
6878,71,94898.05062186133,Own,1,2404.128429289769,1,38664.88385826646,0,0,0.0,1,2793.819506136316
6879,73,40048.53945091009,Own,1,6954.624111647976,1,4841.255916626604,0,0,0.0,1,0.0
6880,29,15967.918149696307,Rent,0,0.0,0,0.0,0,0,0.0,0,0.0
6881,30,12979.676232833117,Rent,1,0.0,1,463.2532210894749,0,0,0.0,0,0.0
6882,74,44829.3262458554,Own,1,3761.4745725891803,1,45937.731002193694,0,0,0.0,1,8.32794883344053
6883,79,138228.26761712076,Own,1,6862.876702418312,1,45463.242390390056,0,1,8951.871877622572,1,0.0
6884,71,32110.918164977447,Own,1,2560.2394829201507,1,38018.5849897361,0,0,0.0,1,5.671804914775233
6885,74,68239.3158676948,Own,1,2140.465002547594,1,43324.39266011112,0,0,0.0,1,6822.54388982718
6886,46,14240.041327583443,Mortgage,1,697.4820692828939,1,2367.872257789688,0,0,0.0,0,0.0
6887,40,35593.549045869135,Mortgage,1,1504.6464367689046,1,39439.55713593514,0,0,0.0,1,12.12825891651994
6888,71,78601.28595067967,Own,1,10768.510122381847,1,43597.77311254196,0,1,4338.746594771315,1,7605.72760835877
6889,45,52275.14310043766,Mortgage,1,1686.886980516726,1,3758.215529972248,0,0,0.0,1,0.0
6890,37,25181.909946486594,Mortgage,1,1514.0662854478473,1,3854.724861191055,0,0,0.0,0,0.0
6891,36,42044.07497758951,Mortgage,1,1762.7299563385686,1,3501.432302514409,0,0,0.0,1,0.0
6892,71,102654.74110996434,Own,1,2620.7391243610305,1,3672.078443409622,0,0,0.0,1,0.0
6893,77,158383.0837431256,Own,1,4994.86407952695,1,9627.486209011417,1,1,11549.681731136803,1,3.5174299690681083
6894,57,68747.59970365043,Mortgage,1,1684.0320907032108,1,7716.045519197575,1,0,0.0,1,4897.439578974492
6895,30,525.5206015037594,Rent,0,0.0,0,0.0,0,0,0.0,0,0.0
6896,49,44683.53560817231,Mortgage,1,326.2065301143492,1,1603.6108889751185,1,0,0.0,1,0.0
6897,71,734129.8394032941,Own,1,23766.211922586244,1,96758.46639356414,1,1,17949.524263204443,1,16.767217411894173
6898,49,24806.234899109975,Mortgage,1,1329.098412428371,1,9354.112285564926,1,0,0.0,1,0.0
6899,29,525.5206015037594,Rent,0,0.0,0,0.0,0,0,0.0,0,0.0
6900,44,13520.856286200244,Rent,1,541.1814605740415,1,4427.784996678025,0,0,0.0,0,0.0
6901,62,51591.524357875576,Own,1,2825.813739537106,1,9116.604150240755,0,0,0.0,1,1.5445380409582905
6902,72,35196.31465730407,Mortgage,1,2060.4694287273496,1,2025.076843188521,0,0,0.0,1,0.0
6903,39,7154.242931702613,Rent,1,77.68990214905898,0,0.0,0,0,0.0,0,0.0
6904,62,43237.94433449085,Mortgage,1,2190.125405316694,1,9285.962356867194,1,0,0.0,1,5.301977305871605
6905,64,50785.97825984106,Mortgage,1,1959.706122379795,1,3078.6871825837134,0,0,0.0,1,0.0
6906,27,525.5206015037594,Rent,0,0.0,0,0.0,0,0,0.0,0,0.0
6907,70,69802.55564937321,Mortgage,1,823.3721172607189,1,8797.472118917804,1,0,0.0,1,6382.595033292955
6908,74,123247.62660547016,Own,1,9160.15080593841,1,44673.59133761846,0,1,10145.014806138346,1,29.774576434308493
6909,62,38219.80515997203,Mortgage,1,1727.9450891785057,1,4399.551705387858,1,0,0.0,1,6.065553914058095
6910,78,54652.071500264356,Own,1,7152.623704192276,1,78778.13832758045,1,1,4596.48976781431,1,0.0
6911,74,88386.28833753515,Own,1,31517.91739081531,1,96758.46639356414,1,1,21156.783884742497,1,0.0
6912,38,4141.302343400786,Rent,0,0.0,0,0.0,0,0,0.0,0,0.0
6913,68,119778.16609774253,Own,1,3115.8365170887564,1,96758.46639356414,1,1,4998.169744586371,1,0.0
6914,28,13182.912163578163,Rent,0,0.0,0,0.0,0,0,0.0,0,0.0
6915,46,21722.268431727873,Mortgage,1,951.9231231597248,0,0.0,0,0,0.0,0,0.0
6916,70,68978.75502799131,Own,1,2300.8794819173986,1,47261.55058256631,0,0,0.0,1,0.0
6917,39,43379.44922156519,Rent,1,1804.6982766614442,1,2202.9692197016725,0,0,0.0,0,0.0
6918,42,38737.52285372321,Mortgage,1,1859.1159272652276,1,4216.856360188824,0,0,0.0,1,3.1574348961656384
6919,47,22284.92348858618,Mortgage,1,191.30383942554545,0,0.0,1,0,0.0,0,0.0
6920,46,19666.30487691321,Rent,1,1168.7367266421911,0,0.0,0,0,0.0,0,0.0
6921,49,52704.03587671051,Mortgage,1,2198.601793020186,1,2730.997824879561,0,0,0.0,1,9685.35379653922
6922,37,23153.578756428054,Rent,1,1341.3671797766358,1,1966.7423420701168,0,0,0.0,0,0.0
6923,47,34574.782891388226,Mortgage,1,1658.4895838828215,1,1928.993298912715,0,0,0.0,1,5.470199503740969
6924,26,525.5206015037594,Rent,0,0.0,0,0.0,0,0,0.0,0,0.0
6925,88,76853.03235426778,Own,1,7516.569525313566,1,83035.22784921814,1,1,36700.60542987549,1,0.0
6926,55,54275.044654083424,Mortgage,1,2571.897033456661,1,3264.2672221069697,0,0,0.0,1,2479.124904011912
6927,35,40291.21400120865,Rent,1,496.1428759184894,1,1144.0756618860353,0,0,0.0,0,0.0
6928,43,21897.324743208796,Mortgage,1,1212.8681889982124,1,2440.09114948365,0,0,0.0,1,2.752074388010249
6929,68,34845.34830197715,Own,1,1340.4337937954888,1,83140.86665658264,0,0,0.0,1,0.0
6930,68,55338.828538658774,Mortgage,1,2454.4852932906965,1,7908.81683619176,0,0,0.0,1,10.888459756271034
6931,38,14164.043970652756,Rent,1,106.9643982841718,0,0.0,0,0,0.0,0,0.0
6932,47,22051.93694892354,Mortgage,1,1101.3827694853308,0,0.0,0,0,0.0,1,0.0
6933,49,18793.925808606386,Rent,1,1586.144833042914,1,3995.284319014596,0,0,0.0,0,0.0
6934,75,60683.181592982044,Own,1,3322.9546108862373,1,35421.71590251859,0,0,0.0,1,16.127540119019955
6935,79,83233.50535725411,Own,1,2838.996743044763,1,81286.35500711772,1,1,8478.620846032596,1,9051.819397231593
6936,29,45659.53714798066,Rent,1,1569.2648069313157,1,2624.33734207208,0,0,0.0,0,0.0
6937,72,72161.71569912822,Mortgage,1,2359.6967317542267,1,9142.46082901829,0,0,0.0,1,2611.3701111031382
6938,28,14495.230209667441,Rent,1,726.7955591104544,1,548.7270284495792,0,0,0.0,0,0.0
6939,28,15098.758664444871,Rent,1,359.94554545584924,0,0.0,0,0,0.0,0,0.0
6940,28,6179.847521452441,Rent,1,541.2618416604055,1,2248.7324324601113,0,0,0.0,0,0.0
6941,53,38828.054334338274,Mortgage,1,1802.245998369472,1,3308.1932827599285,1,0,0.0,1,0.0
6942,50,20275.02384158863,Mortgage,1,1159.7950859644536,0,0.0,1,0,0.0,1,10.290301342280758
6943,90,135417.9049716954,Own,1,7055.649669804827,1,95296.57632831289,1,1,9579.566235525028,1,9.395975860086043
6944,30,525.5206015037594,Rent,0,0.0,0,0.0,0,0,0.0,0,0.0
6945,29,17435.278810376258,Rent,0,0.0,0,0.0,0,0,0.0,0,0.0
6946,27,17108.506544567437,Rent,1,633.3012293899321,1,4042.9856081734206,0,0,0.0,0,0.0
6947,37,51451.17066962722,Mortgage,1,2123.1979529943815,1,3809.38643521459,0,0,0.0,1,2667.1763117010687
6948,57,44440.845490810316,Mortgage,1,1521.479177058306,0,0.0,0,0,0.0,1,0.0
6949,65,51362.11737244495,Mortgage,1,494.8493000119726,1,1749.941942699026,0,0,0.0,1,0.0
6950,58,42034.487764092075,Mortgage,1,1259.169645167365,1,4665.613300236932,0,0,0.0,1,0.0
6951,28,525.5206015037594,Rent,1,89.45361503470804,0,0.0,0,0,0.0,0,0.0
6952,29,525.5206015037594,Rent,0,0.0,0,0.0,0,0,0.0,0,0.0
6953,54,51600.39498182864,Mortgage,1,1933.1732697503717,1,5210.560991476457,0,0,0.0,1,4132.961406942857
6954,44,19205.773576088108,Rent,1,558.4872129495368,1,2556.4018526545788,0,0,0.0,0,0.0
6955,76,59974.621688713036,Mortgage,1,4281.2129416305315,1,3691.2616698625834,0,0,0.0,1,7.227276015056746
6956,46,32172.987860674803,Mortgage,1,1330.7035813504444,1,2498.247064378199,1,0,0.0,1,0.0
6957,39,60688.71491196954,Rent,1,416.3633159663662,1,3416.2779029011654,0,0,0.0,0,0.0
6958,71,61247.65690864998,Own,1,1908.8436479174418,1,35723.10428705376,0,0,0.0,1,0.0
6959,69,41561.30791073078,Mortgage,1,1759.88217278393,1,8921.406065910618,1,0,0.0,1,27.63123427434478
6960,42,20223.24940547818,Rent,1,989.5420478395979,1,4393.845223419186,0,0,0.0,0,0.0
6961,62,43657.27184128114,Mortgage,1,1620.1491650731555,1,2610.808451261136,1,0,0.0,1,6.114674791830946
6962,91,215889.00498639565,Own,1,3542.267403938261,1,94386.08930718087,1,1,18474.199584596365,1,2.131439138648572
6963,88,200019.37245213756,Own,1,9634.822346940497,1,94109.09414319148,1,1,4431.031030670318,1,3.3462110266910727
6964,74,116404.59384743762,Own,1,1774.5479794298285,0,0.0,0,0,0.0,1,8.032114180597452
6965,48,22594.56713296875,Mortgage,1,1618.4581578289067,0,0.0,0,0,0.0,1,6169.622579990006
6966,89,133798.95498423482,Own,1,5002.870206478535,1,92986.3092390619,1,1,22785.195245651452,1,0.0
6967,62,42814.44130310289,Own,1,7437.852859372662,1,2129.013111532214,0,0,0.0,1,21.797945433149444
6968,39,29776.257436372372,Own,1,2942.5025668352364,1,39142.106025003806,0,0,0.0,1,0.0
6969,35,5117.865015112056,Rent,1,484.57653807089804,1,2010.979878158342,0,0,0.0,0,0.0
6970,60,51744.14963349154,Mortgage,1,1422.8622404272378,1,9147.076999130557,1,0,0.0,1,4481.033741147901
6971,75,93581.52830313661,Own,1,5058.168130137476,1,79808.23935446804,1,1,8220.798810450788,1,13.374851565403846
6972,32,821.7244559945138,Rent,1,809.9135106457608,0,0.0,0,0,0.0,0,0.0
6973,52,30376.803367126173,Mortgage,1,1380.2309029307708,1,3188.046122834509,0,0,0.0,1,0.0
6974,32,40708.665872931146,Mortgage,1,4701.687853736411,1,1268.7123722205356,0,0,0.0,1,0.0
6975,90,111884.72192332627,Own,1,6801.6385557562235,1,96758.46639356414,1,1,8247.06957986598,1,19.654477115548588
6976,53,35199.41966279965,Mortgage,1,1379.6494866053667,1,3631.888156634426,0,0,0.0,1,0.7447586339636861
6977,42,29922.112702390838,Rent,1,2209.0178688477968,1,3597.395706757874,0,0,0.0,1,7.676110845471782
6978,64,34155.91471067469,Mortgage,1,1276.0289869948394,1,3647.9983365991657,0,0,0.0,1,8.287246975444747
6979,36,35424.086605159086,Rent,1,362.992934288889,0,0.0,0,0,0.0,0,0.0
6980,79,166709.59079422342,Own,1,4303.3464315937235,1,47542.68773832024,1,1,4310.871593937117,1,13.319152968605554
6981,31,9807.859467598919,Rent,1,0.0,1,1425.3800786633842,0,0,0.0,0,0.0
6982,32,11051.261851278916,Rent,1,494.0181832204636,1,3365.380886992649,0,0,0.0,0,0.0
6983,70,45293.24874726355,Own,1,2314.0758716837854,1,3762.4961271993916,0,0,0.0,1,0.0
6984,78,208041.56327835697,Own,1,8203.042281735674,1,95661.37146293659,1,1,4413.2884081569455,1,0.0
6985,37,30827.591010457905,Rent,1,536.5198599467122,1,2536.3967927360422,0,0,0.0,0,0.0
6986,75,806934.0463444381,Own,1,5721.069425469789,1,95410.16386564505,1,1,4916.598016722467,1,6603.989952830004
6987,77,82130.2899942717,Own,1,10257.835578442193,1,85847.05070339193,1,1,4136.2030539155,1,13.96270410194091
6988,74,73330.871199694,Own,1,2457.939078970789,1,35882.84654735738,0,0,0.0,1,12.754586528632116
6989,76,71348.4644006186,Mortgage,1,1870.0367387819833,1,2747.299300010862,0,0,0.0,1,3559.0637817701463
6990,86,203584.4894374298,Own,1,6740.53502192021,1,95844.45987651394,1,1,7793.190564993085,1,14395.37904807317
6991,67,41624.70268542318,Mortgage,1,1409.1594507107836,1,10036.158879771638,1,0,0.0,1,0.0
6992,46,17098.453234507062,Rent,0,0.0,0,0.0,0,0,0.0,0,0.0
6993,73,92062.51337040725,Own,1,1131.0449653412838,1,8284.476234543756,0,0,0.0,1,10963.139351849393
6994,50,28650.789568722877,Mortgage,1,1973.249222795781,1,2956.97646057814,1,0,0.0,1,2412.5924331000374
6995,42,46783.459510231994,Mortgage,1,448.3909825169301,1,3421.2910318598797,0,0,0.0,1,0.0
6996,40,30470.049673569796,Rent,1,545.635961696503,1,1162.1686898272533,0,0,0.0,0,0.0
6997,53,26346.730768335146,Mortgage,1,1119.132651561898,0,0.0,0,0,0.0,1,0.0
6998,70,41335.830398945385,Own,1,5254.293778425183,1,45544.23871566704,0,0,0.0,1,4125.417087537139
6999,33,525.5206015037594,Rent,0,0.0,0,0.0,0,0,0.0,0,0.0
7000,34,21359.85434764108,Rent,1,1415.1221096786007,1,1939.8973533288217,0,0,0.0,0,0.0
7001,31,15217.204410410535,Rent,1,946.7310073623923,1,4249.632947602613,0,0,0.0,0,0.0
7002,89,124755.26027770732,Own,1,6429.0438079919,1,75481.2346984694,1,1,4735.193926051768,1,0.0
7003,73,57578.527771119974,Rent,1,1736.7251640406305,1,1503.8215814004147,0,0,0.0,1,11.903503078444533
7004,27,18692.948817198943,Rent,1,282.99200318027874,1,1583.2156053105614,0,0,0.0,0,0.0
7005,43,44831.36501881598,Rent,1,1738.1062223227732,1,2535.8101695533906,0,0,0.0,0,0.0
7006,74,123024.50698844489,Own,1,2824.4021130435212,1,43595.44843084517,1,1,4354.591708621307,1,0.0
7007,33,525.5206015037594,Rent,1,0.0,0,0.0,0,0,0.0,0,0.0
7008,46,8414.472370070922,Rent,1,708.2318427333606,1,2794.4479484697495,0,0,0.0,0,0.0
7009,37,10954.446472263113,Mortgage,1,396.6361424678918,0,0.0,0,0,0.0,1,0.0
7010,76,107739.84698785767,Own,1,6693.5173519392265,1,94041.18155710745,1,1,6885.125170316339,1,15.514412000006555
7011,34,12103.881346757218,Rent,0,0.0,0,0.0,0,0,0.0,0,0.0
7012,60,70493.34466369887,Mortgage,1,1823.8336722392894,1,2598.343685798608,1,0,0.0,1,5864.796851101634
7013,35,41264.03162479188,Rent,1,1369.7962075158039,0,0.0,0,0,0.0,0,0.0
7014,58,43223.374905292396,Mortgage,1,3608.7012471158696,1,9300.372746954634,1,0,0.0,1,0.0
7015,73,37863.356285327114,Mortgage,1,659.9610056204822,1,3496.2167501606937,1,0,0.0,1,0.0
7016,45,29376.976097768485,Rent,1,749.7206586676814,1,2513.099248700718,0,0,0.0,0,0.0
7017,52,36007.87305552645,Mortgage,1,1226.619797074134,1,3654.3128245034814,1,0,0.0,1,4382.188454330868
7018,91,220787.76036649436,Own,1,7399.713010952182,1,95077.33074377775,1,1,5131.602417975553,1,35.20888073427956
7019,68,32812.955590341815,Rent,1,895.1653103632209,0,0.0,1,0,0.0,1,10.103112445043259
7020,73,55838.699800644,Own,1,1697.578695485978,1,3534.549174599487,0,0,0.0,1,0.0
7021,60,50700.19466259234,Own,1,5106.685447334111,1,9412.658480215887,1,0,0.0,1,0.0
7022,51,38487.461267265615,Mortgage,1,1950.3958631637242,1,4424.6967192817865,1,0,0.0,1,5715.12308914459
7023,88,79561.77453944102,Own,1,6557.439268650367,1,91754.43538803779,1,1,4911.180589223779,1,2.3223526899350326
7024,62,21950.75414849283,Own,1,3810.563434540102,1,2710.2665330943146,0,0,0.0,1,6822.733119257777
7025,90,94729.60551598246,Own,1,9846.786812459111,1,94815.38261003976,1,1,4384.631989971527,1,7854.379026340825
7026,79,112883.47305965674,Own,1,10552.634812485372,1,96758.46639356414,1,1,12355.923556851492,1,13.848726684289437
7027,74,41339.6923917782,Mortgage,1,1443.013542363763,1,4595.49699993621,0,0,0.0,1,4.46690335996248
7028,91,96703.63718672082,Own,1,5828.125833498775,1,83350.54476218607,1,1,7595.190285609069,1,12.782731696727893
7029,56,40594.85196096506,Mortgage,1,1941.652954692825,1,9734.716446997285,1,0,0.0,1,0.0
7030,74,63616.60211189226,Own,1,6043.990458256723,1,96135.10885605472,1,1,4831.112792428358,1,0.0
7031,37,18613.94554572606,Rent,0,0.0,1,1707.7631978487166,0,0,0.0,0,0.0
7032,80,114472.94783221882,Own,1,10399.96411611882,1,96758.46639356414,1,1,18508.68528481186,1,16.69825824568071
7033,60,50268.82067752398,Own,1,2647.6497057517126,1,37003.84547250837,0,0,0.0,1,6.725293274991193
7034,59,51265.43998817628,Mortgage,1,1638.3335962421768,1,7809.136871184794,1,0,0.0,1,2730.2328917724285
7035,34,18924.89849422712,Rent,1,1523.097307864271,1,1367.4235292002368,0,0,0.0,1,0.0
7036,85,118801.50271083013,Own,1,4992.976001114954,1,35193.97624928873,0,1,4682.666065738691,1,4759.401317480358
7037,35,10967.513920654761,Rent,1,306.00162108566803,1,871.2024876060743,0,0,0.0,0,0.0
7038,71,30044.74716601976,Own,1,640.408536508623,1,1110.7494687437006,0,0,0.0,1,6.941542483819297
7039,45,23886.704090502935,Rent,1,788.056327014247,1,3058.738591526844,0,0,0.0,0,0.0
7040,74,100222.00630709263,Own,1,7352.987521513712,1,43684.68077318889,1,1,6186.761151625846,1,0.0
7041,30,8791.15483950047,Rent,1,651.4530518031498,1,2042.890015727864,0,0,0.0,0,0.0
7042,30,9428.531220244193,Rent,1,213.15407836761221,1,30.046370830931664,0,0,0.0,0,0.0
7043,61,39490.63595079048,Mortgage,1,2387.488091403049,1,9230.14694522036,0,0,0.0,1,6.7506714857040935
7044,78,55364.17072334055,Own,1,6116.251692201708,1,76587.13244233737,1,1,6398.754305142672,1,17.94603437335114
7045,57,63691.56878465609,Mortgage,1,1471.910838430364,1,3063.988356285349,1,0,0.0,1,6.6588928059342125
7046,35,29653.529471870683,Rent,1,480.1082953288925,1,1300.4929664928645,0,0,0.0,0,0.0
7047,71,63384.87306905025,Mortgage,1,1978.6139966804783,1,9298.66943733531,0,0,0.0,1,4293.1887280050605
7048,53,58043.250403355974,Rent,1,989.0369842176208,1,2858.8115984491014,0,0,0.0,1,18.08006384655061
7049,58,15283.959925226056,Mortgage,1,1301.878657813441,1,3567.464542977864,0,0,0.0,1,0.0
7050,50,26246.41569801681,Mortgage,1,1494.8106415868824,0,0.0,0,0,0.0,1,2969.4172416498477
7051,27,525.5206015037594,Rent,0,0.0,0,0.0,0,0,0.0,0,0.0
7052,29,8212.688829710174,Rent,0,0.0,0,0.0,0,0,0.0,0,0.0
7053,36,60650.42127213757,Rent,1,535.6892159851229,1,2260.8298629192045,0,0,0.0,1,0.0
7054,26,10465.814959917381,Rent,1,78.63455722505728,1,951.8559326753075,0,0,0.0,0,0.0
7055,74,28247.578737731084,Own,1,1202.4144514053387,1,2874.4966065123904,0,0,0.0,1,23.177234890034114
7056,76,137972.2446305494,Own,1,6266.075484107369,1,79400.83414444883,1,1,9123.318958215263,1,16398.609263607643
7057,87,135929.2743209373,Own,1,10373.608092246377,1,91476.80567310435,1,1,4596.02096279787,1,11.91307303634775
7058,46,58391.72642947846,Mortgage,1,1759.1278947778708,1,3086.986173903449,1,0,0.0,1,0.0
7059,66,51528.134082393524,Mortgage,1,2238.833274751209,0,0.0,1,0,0.0,1,7415.757069182077
7060,49,19222.642411395176,Rent,1,688.4563075996527,0,0.0,0,0,0.0,0,0.0
7061,47,37285.39436109548,Mortgage,1,788.1420200492413,1,6013.560712153576,0,0,0.0,1,2968.1829397794254
7062,91,198707.09727172737,Own,1,10137.078302307153,1,94813.55624041679,1,1,5045.178040242619,1,7.724215954015419
7063,34,11208.514905010921,Rent,1,42.36696568000593,1,3936.5042806469314,0,0,0.0,0,0.0
7064,42,14477.030904488085,Rent,1,571.8751557134008,1,2964.2534022892205,0,0,0.0,0,0.0
7065,74,101406.91420311538,Own,1,8438.949052871023,1,41262.44611252411,0,1,4176.233012088621,1,7116.269812849882
7066,68,181124.6072115076,Own,1,4524.124307945787,1,85678.11622858523,1,1,4716.606270625656,1,2.4257221026173563
7067,30,11946.633519539992,Rent,1,558.7677784031914,1,1753.6945698649006,0,0,0.0,0,0.0
7068,27,48735.09840080219,Rent,1,770.5826904653567,1,43469.27378993661,0,0,0.0,1,7.2454291979155325
7069,70,23809.6113148439,Own,1,1093.6378343508798,1,8197.507712278075,1,0,0.0,1,0.0
7070,63,32879.712669942855,Mortgage,1,1231.4072855754148,1,9353.116738962019,1,0,0.0,1,0.0
7071,44,14812.006947440372,Rent,1,799.147136432329,1,817.57251978511,0,0,0.0,0,0.0
7072,87,255325.591554403,Own,1,3998.3395678393863,1,96758.46639356414,1,1,4523.976355264789,1,10.972730054128776
7073,28,525.5206015037594,Rent,0,0.0,0,0.0,0,0,0.0,0,0.0
7074,57,8114.263684142879,Mortgage,1,535.6690616097919,0,0.0,0,0,0.0,0,0.0
7075,75,183031.36464383913,Own,1,4977.423512427072,1,96758.46639356414,1,1,10485.639862224796,1,7.470650617747061
7076,51,61610.43508639697,Mortgage,1,766.091330773054,1,5726.564252513878,0,0,0.0,1,0.0
7077,65,42577.911796606095,Mortgage,1,1168.1742954526023,1,4074.8921704546738,0,0,0.0,1,6.708498789859407
7078,67,23162.814063178994,Own,1,2178.3117204626246,1,35928.90754102041,0,0,0.0,1,0.9093879048804102
7079,76,41360.007453865546,Own,1,1620.0068557291859,1,38630.38573485257,0,0,0.0,1,0.0
7080,28,33502.57317233084,Rent,1,980.8152102595909,1,963.2031388991443,0,0,0.0,0,0.0
7081,74,49294.171260934316,Own,1,1226.8004787816863,1,37429.92518314821,0,0,0.0,1,5.109063755536005
7082,31,14528.915097408866,Rent,1,166.12505515938437,1,252.6333800138991,0,0,0.0,0,0.0
7083,75,180669.94707807788,Own,1,6306.22568994006,1,95486.21804351661,1,1,4466.071536464794,1,24.26039432500462
7084,70,26288.057054390407,Own,1,2172.0651655642314,1,3648.595582181691,0,0,0.0,1,8.39105919142093
7085,49,28331.788960732694,Rent,1,785.2411419996287,1,2224.6699261845106,0,0,0.0,1,0.0
7086,32,525.5206015037594,Rent,0,0.0,0,0.0,0,0,0.0,0,0.0
7087,56,47056.86900705971,Mortgage,1,1973.429444357301,1,8957.243483451999,0,0,0.0,1,0.0
7088,61,31693.936635123075,Mortgage,1,2345.707004014087,1,9874.977438094731,1,0,0.0,1,5.31480233106331
7089,66,50231.745546328995,Own,1,4389.740763065687,1,8484.438600804535,1,0,0.0,1,27.133740643534207
7090,38,525.5206015037594,Rent,0,0.0,0,0.0,0,0,0.0,0,0.0
7091,75,118370.49567130485,Own,1,7672.692643495639,1,43633.68429419283,1,1,4943.3279919224615,1,0.0
7092,31,15136.654235744456,Rent,0,0.0,0,0.0,0,0,0.0,0,0.0
7093,87,74722.7746565662,Own,1,7916.00718359264,1,96758.46639356414,1,1,17355.126944260206,1,9.816722593717342
7094,31,18570.239106260582,Rent,1,402.0892308290777,1,3006.1138430186306,0,0,0.0,0,0.0
7095,29,3110.2619659913344,Rent,1,675.3363559687641,1,2473.1301929462743,0,0,0.0,0,0.0
7096,32,525.5206015037594,Rent,0,0.0,0,0.0,0,0,0.0,0,0.0
7097,59,59749.01546434903,Mortgage,1,2955.0699860963014,1,1281.7849136966333,1,0,0.0,1,5635.500102518125
7098,55,84701.19589340914,Own,1,4945.688621810762,1,8866.558644260636,0,0,0.0,1,4922.087200270074
7099,27,40283.85294489064,Rent,1,787.8621575589054,1,1549.6858851472643,0,0,0.0,1,5.398488398910954
7100,64,34568.6522839495,Own,1,1954.279420423091,1,36932.6693021272,0,0,0.0,1,0.0
7101,70,81708.59028924737,Own,1,2447.221036501972,1,36106.551193811014,0,0,0.0,1,0.0
7102,35,25643.533734081175,Rent,1,397.2366955697637,1,1844.2279504429082,0,0,0.0,0,0.0
7103,36,22030.903711287014,Rent,1,1168.1418179474867,1,3059.148036758351,0,0,0.0,0,0.0
7104,48,24576.489057816787,Mortgage,1,902.754442979899,1,1872.2130307862635,0,0,0.0,0,0.0
7105,59,30416.623534241648,Mortgage,1,2346.001919700445,1,2522.575487029866,1,0,0.0,1,3836.360739557148
7106,28,525.5206015037594,Rent,0,0.0,0,0.0,0,0,0.0,0,0.0
7107,55,23153.09073171213,Mortgage,1,525.0784102032693,0,0.0,0,0,0.0,1,0.0
7108,51,43158.467531240574,Mortgage,1,2436.3076783617025,1,9306.05413359782,1,0,0.0,1,0.49710659275630775
7109,47,35402.26287557558,Mortgage,1,1197.298874951272,1,3607.30111763258,0,0,0.0,1,7.178988678815014
7110,60,67096.53012553547,Mortgage,1,2301.670033286241,1,9042.58114776578,1,0,0.0,1,5864.656128964736
7111,57,60236.434282197166,Mortgage,1,1966.1345243592393,1,9210.750634953523,1,0,0.0,1,2668.8517968255464
7112,87,123213.71388003555,Own,1,5675.105726684496,1,80144.43379082948,1,1,4444.374914463728,1,8.404311750827393
7113,34,12974.384096258897,Rent,1,817.0929269019823,1,536.3456327315166,0,0,0.0,0,0.0
7114,29,525.5206015037594,Rent,0,0.0,0,0.0,0,0,0.0,0,0.0
7115,63,34614.407458364585,Own,1,4979.106695982803,1,3280.8576633023754,0,0,0.0,1,3131.548520735332
7116,78,145749.18379383854,Own,1,2519.574135248825,1,37071.414193646706,0,0,0.0,1,3.762019840267005
7117,90,30451.99363234295,Own,1,5358.872857693666,1,77636.8821623517,1,1,7165.080906969175,1,7.980100688430126
7118,47,10299.887053102342,Rent,1,822.2633109929232,1,1471.6664273714614,0,0,0.0,0,0.0
7119,40,42627.32652561974,Rent,1,876.4763847908588,1,40870.86514733737,0,0,0.0,1,18.219720350867053
7120,71,92827.30624373228,Own,1,3700.0411070437917,1,37847.757442729926,0,1,7194.155391039007,1,4288.509604792833
7121,27,525.5206015037594,Rent,0,0.0,0,0.0,0,0,0.0,0,0.0
7122,61,49527.358878072824,Mortgage,1,1858.2552602794926,1,5636.097457368847,0,0,0.0,1,2614.350471838522
7123,32,8116.887975285083,Rent,1,328.8972869803881,1,559.5892830324153,0,0,0.0,0,0.0
7124,38,22020.368814648922,Rent,1,628.392929751953,1,1809.3221006751562,0,0,0.0,0,0.0
7125,91,210016.87337092447,Own,1,9031.277106036554,1,94924.16748961783,1,1,5519.344195258411,1,17101.425361820755
7126,34,9535.028427523506,Rent,0,0.0,1,0.0,0,0,0.0,0,0.0
7127,36,14837.63980844309,Rent,1,571.4934637606511,1,298.9742662382125,0,0,0.0,0,0.0
7128,27,525.5206015037594,Rent,0,0.0,0,0.0,0,0,0.0,0,0.0
7129,27,525.5206015037594,Rent,0,0.0,0,0.0,0,0,0.0,0,0.0
7130,28,20392.28534641428,Rent,1,843.1018970757477,1,700.7004618675933,0,0,0.0,0,0.0
7131,90,99206.7014227955,Own,1,4284.478522623505,1,91838.18758443477,1,1,4856.68688367938,1,2.263774745319186
7132,46,29581.406959840184,Mortgage,1,3528.021552591795,1,8957.29709515704,1,0,0.0,1,10.993581108045339
7133,29,16511.713252576217,Rent,1,546.7238251344575,1,1550.4431105097106,0,0,0.0,0,0.0
7134,89,81497.19250078456,Own,1,17940.048476939082,1,96758.46639356414,1,1,13245.78229586244,1,17.61238146564696
7135,36,9837.100656331682,Rent,1,254.0872600424409,0,0.0,0,0,0.0,0,0.0
7136,28,525.5206015037594,Rent,0,0.0,0,0.0,0,0,0.0,0,0.0
7137,27,14058.729407522831,Rent,1,452.76593000538725,1,2625.9531884321327,0,0,0.0,0,0.0
7138,29,12441.393410824352,Rent,1,198.49765113643434,0,0.0,0,0,0.0,0,0.0
7139,37,525.5206015037594,Rent,0,0.0,0,0.0,0,0,0.0,0,0.0
7140,47,38126.81686404324,Mortgage,1,1934.9579041783495,1,5442.804727817601,1,0,0.0,1,0.0
7141,69,867264.264296606,Own,1,4937.117925350144,1,76386.25272236795,1,1,11387.120112186125,1,11.355318107528905
7142,39,1198.5794004117215,Rent,1,654.1260775471967,1,492.19213316177525,0,0,0.0,0,0.0
7143,41,12658.886112434877,Mortgage,1,1447.169244528788,1,3564.6523200917427,0,0,0.0,1,2526.2943745685584
7144,58,71246.48209253776,Mortgage,1,1212.4017718342106,1,817.9221852770661,1,0,0.0,1,0.0
7145,79,669489.8465302379,Own,1,4439.216779385222,1,94084.71560393398,1,1,11736.785764355416,1,4456.613052194138
7146,61,47388.99086844657,Mortgage,1,1142.6677218445475,1,4824.356651205808,0,0,0.0,1,2617.6091198077183
7147,47,39051.19097224382,Mortgage,1,2683.5433725054404,1,3661.019191592759,0,0,0.0,1,0.0
7148,69,31536.633094704448,Own,1,1387.3073172157583,1,38321.20584016827,0,0,0.0,0,0.0
7149,30,14109.974223469155,Rent,1,1026.5547121451596,1,2159.8473603651482,0,0,0.0,0,0.0
7150,74,48628.20039876351,Own,1,2178.1139559565545,1,46539.02176033065,0,0,0.0,1,1.6252834343592135
7151,53,13593.735679344445,Mortgage,1,979.4659683692205,0,0.0,0,0,0.0,1,8.528687161032215
7152,70,123844.75593748255,Own,1,2800.974365578059,1,45146.53193537291,0,1,0.0,1,12.89890686051847
7153,47,20966.995234251095,Rent,1,711.7568932169321,1,3276.4999961956264,0,0,0.0,0,0.0
7154,53,31125.122177405727,Mortgage,1,848.647503106903,1,2949.264506300791,0,0,0.0,1,7244.658953838716
7155,31,33566.42572272693,Rent,1,979.6248835500746,1,2738.3071396188293,0,0,0.0,0,0.0
7156,28,14525.845681424773,Rent,1,772.049586187762,1,2314.391072543582,0,0,0.0,0,0.0
7157,69,101200.2205701656,Own,1,7440.219470654316,1,91710.87759752915,1,1,12247.96089275782,1,0.0
7158,45,26949.924242992987,Mortgage,1,2135.715213367058,0,0.0,0,0,0.0,1,4.194242913873893
7159,69,87633.07627310221,Own,1,6998.2770456085,1,48902.53048077847,0,1,19129.920169022746,1,1.110870474921763
7160,43,27282.745308381163,Mortgage,1,1681.027849461921,1,5822.92551391626,0,0,0.0,1,3204.709881746243
7161,81,117685.80035912027,Own,1,3363.9272238872527,1,95957.86354301375,1,1,4946.96955838283,1,0.0
7162,29,5009.2742983023945,Rent,0,0.0,0,0.0,0,0,0.0,0,0.0
7163,36,11226.167749034088,Rent,1,929.1624354311693,1,3938.8997007951393,0,0,0.0,0,0.0
7164,87,80657.9862349539,Own,1,27106.274242398013,1,81390.52238765633,1,1,12219.770874145213,1,24.65785095706794
7165,90,222570.7611198841,Own,1,10738.807252819315,1,93435.82394840253,1,1,8167.26151691972,1,13.166678447855023
7166,59,21638.047501516347,Mortgage,1,1880.9496852647094,1,2894.3295927498516,0,0,0.0,0,0.0
7167,87,106657.1656365911,Own,1,14042.27671126551,1,45519.851880310394,0,1,6564.6194708724925,1,6480.646993066886
7168,26,20439.126242936636,Rent,0,0.0,0,0.0,0,0,0.0,0,0.0
7169,28,10040.342394315372,Rent,1,229.5614538955084,1,257.11869985679664,0,0,0.0,0,0.0
7170,60,106362.79673825635,Own,1,9271.294444880954,1,45522.34811362357,0,1,4302.038264084972,1,9.221278571427801
7171,69,141936.5560518793,Own,1,4245.1740822716365,1,94259.26166367011,0,1,4627.31971011927,1,10701.047419542441
7172,40,35754.016020087176,Rent,1,719.1401619663064,1,2449.3129100599726,0,0,0.0,0,0.0
7173,55,34746.199290578836,Mortgage,1,1898.0800695185962,1,4990.460083708155,0,0,0.0,1,2492.738137358103
7174,79,90982.34344077882,Own,1,4202.430062144185,1,45900.03783900432,1,1,5471.405933968142,1,8394.247397858486
7175,75,33994.54589718475,Own,1,3570.188515989232,1,84166.8041403758,0,1,10586.436742052534,1,10549.26261107558
7176,28,15377.414945601813,Rent,1,497.7234853350197,1,1071.5927276809196,0,0,0.0,0,0.0
7177,69,27995.638410151223,Own,1,3634.8473190319664,1,37819.27974698049,0,0,0.0,1,1.1003173510279
7178,37,12182.000320965932,Rent,1,305.3216916610115,1,1147.8699279397276,0,0,0.0,0,0.0
7179,74,138601.7136953994,Own,1,6443.273596189041,1,92288.29358366261,1,1,13517.322129497257,1,0.0
7180,70,14263.459864249548,Rent,0,0.0,0,0.0,0,0,0.0,0,0.0
7181,74,234981.94756556195,Own,1,7940.0097928142095,1,44939.38426218872,1,1,15950.552175194898,1,6742.795579252108
7182,64,26261.854290333205,Mortgage,1,1267.3323149357714,1,2307.3892325954716,0,0,0.0,1,0.0
7183,59,49945.433890781605,Mortgage,1,1989.3609494011712,1,4460.138195515912,0,0,0.0,1,18.755662023473352
7184,65,32956.3746847781,Mortgage,1,2551.825287171706,1,9653.615782747449,1,0,0.0,1,0.0
7185,28,14205.641801767419,Rent,0,0.0,1,1535.9772872423484,0,0,0.0,0,0.0
7186,37,23517.125616103833,Rent,1,677.2815191550358,1,3326.4810087144215,0,0,0.0,0,0.0
7187,35,15800.608128693639,Rent,1,1038.6607371871096,1,2103.811429031815,0,0,0.0,0,0.0
7188,63,125440.95074293314,Own,1,1672.5684097590888,1,8811.451323590974,1,1,4571.880060149888,1,0.0
7189,64,17363.386003560616,Mortgage,1,993.8289085915919,1,3713.160184054763,0,0,0.0,1,4087.7183696032216
7190,73,278691.883432697,Own,1,7366.830424517285,1,96279.66616897064,1,1,4728.392154208778,1,28.899368840396267
7191,28,27520.94846043807,Rent,1,1607.684151044804,1,940.0090597976578,0,0,0.0,1,0.0
7192,34,10066.314688416698,Rent,1,351.49045993392326,1,1684.5072697090025,0,0,0.0,0,0.0
7193,75,34461.300797334654,Mortgage,1,2512.7323494483885,0,0.0,1,0,0.0,1,0.18142904806428858
7194,58,24074.636286428453,Mortgage,1,1555.757177069138,1,3497.5003591220902,1,0,0.0,1,18.888387867755682
7195,61,13639.600959774993,Rent,1,1858.80337231701,1,2013.4010955633867,0,0,0.0,0,0.0
7196,33,525.5206015037594,Rent,0,0.0,0,0.0,0,0,0.0,0,0.0
7197,47,12251.170340427721,Rent,1,362.75699215891433,1,2805.95324911249,0,0,0.0,0,0.0
7198,90,119208.29905089144,Own,1,2999.3051633837995,1,96051.18053075517,1,1,11644.669337599438,1,24.987482840400986
7199,50,7878.7958367645715,Mortgage,0,0.0,0,0.0,1,0,0.0,1,2525.0989937154845
7200,78,58769.47866010488,Mortgage,1,2928.5811005314526,1,9393.94154657919,1,0,0.0,1,15.511124892683238
7201,34,15917.976963596495,Rent,1,631.4113429764708,0,0.0,0,0,0.0,0,0.0
7202,35,13465.812955458356,Rent,0,0.0,0,0.0,0,0,0.0,0,0.0
7203,53,47811.915550010286,Mortgage,1,1190.8794699933874,1,3549.657997942338,1,0,0.0,1,5934.037643370932
7204,38,27352.893393249367,Rent,0,0.0,1,1438.6899457054978,0,0,0.0,0,0.0
7205,52,29496.632134715128,Mortgage,1,1558.4356994610023,1,3899.983458223012,0,0,0.0,1,18.115678347766075
7206,31,525.5206015037594,Rent,0,0.0,0,0.0,0,0,0.0,0,0.0
7207,71,82015.01510052345,Own,1,5758.821049253875,1,96758.46639356414,1,1,4955.920550241154,1,0.0
7208,73,761652.5119567123,Own,1,6077.678051089362,1,92147.66263882341,1,1,5370.634308776222,1,20384.04781844869
7209,74,102106.54612505352,Own,1,2370.9175588607086,1,96758.46639356414,1,1,6691.139355908327,1,19.930015407578097
7210,70,95233.30397005743,Own,1,33582.796919436296,1,96516.3272850374,1,1,10589.29333292409,1,5.691255218419082
7211,32,12052.216667457094,Rent,1,510.7451917741372,1,1182.4270319038246,0,0,0.0,0,0.0
7212,41,43037.78043027324,Rent,1,1848.90001134199,1,1727.5932180914076,0,0,0.0,0,0.0
7213,75,108270.72625110528,Own,1,2115.7025768832336,1,79291.79562038218,0,0,0.0,1,7619.265520222217
7214,28,74956.86750492256,Mortgage,1,2307.703159581264,1,9118.60441054236,0,0,0.0,1,0.0
7215,68,64968.3089248931,Mortgage,1,1959.1012496737558,1,9555.808939906668,1,0,0.0,1,8.948133269499642
7216,58,45913.50520843726,Own,1,2105.200475184334,1,36612.8454056888,0,0,0.0,1,2547.577640127288
7217,59,37992.63302532733,Mortgage,1,2538.282133979112,1,8814.33354938837,1,0,0.0,1,4651.206150845299
7218,89,203369.83657662373,Own,1,25117.8959980054,1,95259.00740436235,1,1,17148.007817688085,1,0.0
7219,30,9999.559318782145,Rent,0,0.0,0,0.0,0,0,0.0,0,0.0
7220,45,24165.207641283603,Mortgage,1,1375.4479199381221,1,3065.102558661742,0,0,0.0,1,2633.756979071149
7221,73,122537.3218230758,Own,1,5642.140636275768,1,45326.83321967102,0,0,0.0,1,5840.974974346047
7222,72,49935.433533864845,Mortgage,1,2701.5922125105417,1,41430.1176486686,0,0,0.0,1,0.0
7223,57,18927.620346978503,Mortgage,1,802.0524250985371,1,4230.11569035881,1,0,0.0,1,1.7657678481694044
7224,41,46079.05487921846,Rent,1,635.3893054194601,1,1272.8918957034243,0,0,0.0,1,4.892945209974942
7225,55,48403.54076647474,Mortgage,1,1348.369305054249,1,3127.877906945649,1,0,0.0,1,2999.276717125642
7226,71,59433.74827604387,Own,1,6096.547344043057,1,96075.25103722537,1,1,7477.649690166458,1,10.228875589256642
7227,90,195370.8184173861,Own,1,5479.23692893432,1,96758.46639356414,1,1,4940.877535382049,1,19.87037688774683
7228,28,16559.916164331516,Rent,1,1035.1437009515278,1,2862.7692931138417,0,0,0.0,0,0.0
7229,31,16782.478476390555,Rent,1,341.3001477101119,1,2357.272183349196,0,0,0.0,0,0.0
7230,30,15159.499355689659,Rent,1,1257.8671169458264,1,3227.0036594113412,0,0,0.0,0,0.0
7231,53,32001.90994719323,Mortgage,1,986.388397870053,1,2424.5899871116862,1,0,0.0,1,0.0
7232,46,26714.070789364177,Mortgage,1,1609.5963320007531,0,0.0,0,0,0.0,1,3.6905327653680255
7233,48,25945.521968300236,Mortgage,1,514.8623878525694,0,0.0,0,0,0.0,0,0.0
7234,31,8693.255829754118,Rent,0,0.0,0,0.0,0,0,0.0,0,0.0
7235,41,18766.192033844054,Rent,1,0.0,1,2101.215341518455,0,0,0.0,0,0.0
7236,70,73647.34142246441,Own,1,4150.757771070685,1,96758.46639356414,1,1,8190.691974972543,1,0.0
7237,86,120322.12342744219,Own,1,35477.52668807826,1,96758.46639356414,1,1,5239.418075270717,1,4.953136420407022
7238,40,24272.628329983207,Rent,1,992.8795917081031,1,3052.2213123522065,0,0,0.0,0,0.0
7239,28,525.5206015037594,Rent,0,0.0,0,0.0,0,0,0.0,0,0.0
7240,41,25982.034770889,Mortgage,1,1220.6879093154218,1,4272.764947743797,0,0,0.0,1,0.0
7241,31,21740.593153314352,Rent,1,1241.4862666514316,1,1375.6646175193164,0,0,0.0,0,0.0
7242,30,9578.762741734467,Rent,1,32.472822297202356,0,0.0,0,0,0.0,0,0.0
7243,61,52942.21969628699,Mortgage,1,1999.8542276252583,1,9247.583551681799,1,0,0.0,1,3.355322161283017
7244,55,36514.4664952923,Mortgage,1,287.1945155073629,0,0.0,0,0,0.0,1,17.228978393860846
7245,90,92674.34276787851,Own,1,24003.223167457072,1,96758.46639356414,1,1,11208.610458049616,1,7058.946054849321
7246,27,6614.4589385049585,Rent,1,912.5107693700271,1,1389.333999340327,0,0,0.0,0,0.0
7247,31,22076.497503311057,Rent,1,78.38703076204774,1,848.6521903151329,0,0,0.0,0,0.0
7248,50,20021.043388506245,Mortgage,1,1996.3183426535231,0,0.0,1,0,0.0,1,8266.45183668264
7249,67,50091.627874016376,Mortgage,1,2530.2133417496384,1,9806.025198851234,1,0,0.0,1,15.695846707238847
7250,50,58429.47000930419,Mortgage,1,1408.1832945663893,0,0.0,1,0,0.0,1,13.110560326850678
7251,76,716757.4349550033,Own,1,10024.500092592618,1,84413.03997355123,1,1,29249.344501611708,1,13.661655934680372
7252,32,32309.513185637283,Rent,1,1535.7036551515093,1,1946.287910951716,0,0,0.0,0,0.0
7253,71,107648.6603708044,Own,1,3793.6769488175823,1,83031.49349037197,1,1,30702.647820483664,1,5052.0259033039065
7254,30,14295.134252855984,Rent,0,0.0,0,0.0,0,0,0.0,0,0.0
7255,47,15621.435548870713,Mortgage,1,908.279310986291,0,0.0,0,0,0.0,1,22.406970425202452
7256,28,18364.911843699676,Rent,0,0.0,0,0.0,0,0,0.0,0,0.0
7257,38,45350.32295931411,Rent,1,664.7908745955162,1,2328.262731184226,0,0,0.0,1,0.0
7258,55,35938.40862334102,Mortgage,1,4057.95320711071,1,8745.056890773727,1,0,0.0,1,4448.178970642494
7259,60,84773.80567144189,Own,1,12656.02573078983,1,36764.01300555806,0,0,0.0,1,0.0
7260,46,40819.94735591203,Mortgage,1,1334.0603487103763,0,0.0,1,0,0.0,1,0.0
7261,74,61586.59887876407,Own,1,5425.228558247313,1,36981.45297172291,0,0,0.0,1,7.279687003906178
7262,73,42810.464083553554,Own,1,4345.384833852038,1,44109.08059677676,0,0,0.0,1,0.0
7263,36,43236.393005445956,Own,1,1225.278190296127,1,2244.9915267275983,0,0,0.0,1,10.076545248662846
7264,74,99120.82821949554,Own,1,3864.689283504024,1,42988.17598979678,1,1,4514.604994100131,1,9160.68127913256
7265,49,35654.85404692644,Mortgage,1,1464.5881805663328,1,2380.976965364105,0,0,0.0,1,0.0
7266,46,26245.678827328804,Rent,1,944.4333864107555,1,2605.8837043481267,0,0,0.0,1,0.0
7267,78,43907.19095041329,Own,1,2014.6866078018088,1,38993.253183524794,0,0,0.0,1,9.324770887681229
7268,36,14687.842668403217,Rent,1,849.5746006781454,1,2476.4255051045866,0,0,0.0,0,0.0
7269,65,60778.73548503305,Own,1,7837.994560848668,1,45991.62525104087,1,0,0.0,1,0.0
7270,29,968.5941670350821,Rent,0,0.0,0,0.0,0,0,0.0,0,0.0
7271,56,66141.73123501262,Mortgage,1,2301.913776773334,1,8733.9214328158,1,0,0.0,1,0.0
7272,37,15308.753539587724,Mortgage,0,0.0,0,0.0,0,0,0.0,0,0.0
7273,32,9324.772125984458,Rent,1,272.70724317998963,1,1241.9155981384088,0,0,0.0,0,0.0
7274,43,42315.86700976568,Mortgage,1,1446.4318071651373,1,4138.562375455238,0,0,0.0,1,14.21873902401888
7275,44,12497.500337323476,Rent,0,0.0,1,1581.325140023896,0,0,0.0,0,0.0
7276,38,48824.8093100014,Rent,1,1330.054829148624,1,1811.2151640812713,0,0,0.0,0,0.0
7277,45,27557.05646044691,Mortgage,1,855.6250043644478,1,2780.678697121397,0,0,0.0,1,0.0
7278,72,93409.52283370173,Own,1,2748.9140964963062,1,44571.26655475773,1,1,3887.8336660923837,1,2.041059832431158
7279,61,48250.14477647913,Rent,1,1631.0947144466518,1,37957.88369533987,0,0,0.0,1,0.0
7280,39,525.5206015037594,Rent,0,0.0,0,0.0,0,0,0.0,0,0.0
7281,30,1374.0776365083511,Rent,0,0.0,0,0.0,0,0,0.0,0,0.0
7282,41,36339.23326531508,Rent,1,939.3834742117996,1,2153.4801858173014,0,0,0.0,0,0.0
7283,69,49737.36474034681,Mortgage,1,2244.961230055761,1,2949.4141395873276,0,0,0.0,1,0.0
7284,35,525.5206015037594,Rent,0,0.0,0,0.0,0,0,0.0,0,0.0
7285,44,23828.396276599604,Mortgage,0,0.0,0,0.0,0,0,0.0,1,0.0
7286,63,63408.493710350274,Mortgage,1,2361.69730297351,1,8310.278732624098,1,0,0.0,1,0.0
7287,67,51752.46115374281,Own,1,4586.191390067808,1,41822.8609999573,1,0,0.0,1,15.422410041243955
7288,80,274243.0606356935,Own,1,7087.93793558747,1,93725.6539466915,1,1,10777.211867681359,1,0.0
7289,71,33158.82480914505,Own,1,2382.842145476715,1,8575.417348150695,0,0,0.0,1,0.6019420560557689
7290,57,57856.327592527276,Mortgage,1,3193.9782928971963,1,9770.955241086274,1,0,0.0,1,0.0
7291,75,107207.54160358211,Own,1,3886.974125698035,1,96072.6855552434,1,1,10905.847682231415,1,0.0
7292,28,525.5206015037594,Rent,0,0.0,0,0.0,0,0,0.0,0,0.0
7293,56,32965.29208345547,Mortgage,1,1647.6329951982875,1,4293.503367113375,1,0,0.0,1,17.08779798538781
7294,52,30874.77733694746,Mortgage,1,1757.0902796573248,1,8775.04480227185,1,0,0.0,1,11.24950188749923
7295,27,525.5206015037594,Rent,0,0.0,0,0.0,0,0,0.0,0,0.0
7296,50,26292.797589356007,Mortgage,0,0.0,0,0.0,0,0,0.0,0,0.0
7297,60,62653.958064463266,Mortgage,1,2125.1781102216314,1,8918.761801324355,1,0,0.0,1,9.083120939990737
7298,70,70038.50063600496,Own,1,4881.977120024736,1,37339.210830562435,0,0,0.0,1,0.0
7299,28,41365.59305491613,Rent,1,292.8592543613944,1,2565.661090529158,0,0,0.0,0,0.0
7300,79,66773.04397610489,Own,1,3091.365365544485,1,9151.32708601401,0,0,0.0,1,0.0
7301,56,46647.297726983845,Mortgage,1,1905.8121067685365,1,5483.513442887946,0,0,0.0,1,7.04821126915077
7302,86,114519.81019855182,Own,1,11336.988380947074,1,75249.94020827419,1,1,11638.364976716617,1,5.879367769785659
7303,75,34634.192823232006,Own,1,1664.616579319349,1,3490.5144067893757,0,0,0.0,1,0.0
7304,29,11363.800466291104,Rent,1,152.57942361727066,0,0.0,0,0,0.0,0,0.0
7305,56,28437.947632008134,Mortgage,1,1530.7782225478277,1,4143.990191868774,1,0,0.0,1,2710.520004013758
7306,75,49300.21654527557,Own,1,2556.523334165609,1,39573.607537588876,0,0,0.0,1,15.964193012700159
7307,55,17079.133549665126,Mortgage,1,1376.4231907514268,1,3134.663459197624,1,0,0.0,1,0.0
7308,48,37285.41599805321,Rent,1,1367.3973699644457,1,2876.232000338346,0,0,0.0,0,0.0
7309,76,205602.26254799168,Own,1,1816.6278431140352,1,96758.46639356414,1,1,19100.747896437504,1,0.0
7310,27,19126.6669357674,Rent,1,662.3078969273546,1,1201.873092857452,0,0,0.0,0,0.0
7311,38,35011.23763217029,Rent,1,500.6608525560985,1,1961.621161232165,0,0,0.0,0,0.0
7312,41,14323.859468435428,Mortgage,0,0.0,0,0.0,0,0,0.0,0,0.0
7313,61,27720.732697284162,Mortgage,1,916.6452274345154,1,2538.504672337012,0,0,0.0,1,3987.849113329374
7314,89,130387.8954572675,Own,1,5479.662891646015,1,96416.79824541835,1,1,8375.911648557125,1,7846.706677964517
7315,88,201939.6506410094,Own,1,5031.642175561995,1,96478.45739356652,1,1,4034.2686448421464,1,0.0
7316,31,15245.550703668607,Rent,1,366.44861175766647,1,2518.342161781382,0,0,0.0,0,0.0
7317,49,22661.300409546195,Mortgage,1,2527.5313700132397,1,3340.9042963978723,0,0,0.0,1,13.90825907150533
7318,49,32775.768396035564,Mortgage,1,3733.0375892826946,0,0.0,0,0,0.0,1,10.75500900620068
7319,28,6900.622237054082,Rent,1,59.87142482929255,1,1150.0687187292292,0,0,0.0,0,0.0
7320,45,27296.995110560274,Mortgage,1,1250.1700073371921,1,3249.4248324648534,0,0,0.0,1,8.860339569061713
7321,76,43595.6081447246,Own,1,1971.5957949942833,1,2353.433398801486,0,0,0.0,1,0.0
7322,65,29660.570872756554,Mortgage,1,2128.7316648017763,1,7552.084045084672,1,0,0.0,1,5815.090537346123
7323,38,46342.23259120381,Rent,1,288.5466908704793,1,1868.4449758491435,0,0,0.0,0,0.0
7324,30,19762.755125799416,Rent,1,1333.0642142768609,1,2577.0813659884916,0,0,0.0,0,0.0
7325,49,29037.883303343064,Mortgage,1,973.5674298957885,1,4732.255569950294,0,0,0.0,1,0.0
7326,40,40182.85856635675,Rent,1,1182.0247249817598,1,4562.865907211604,0,0,0.0,0,0.0
7327,90,112164.99204414044,Own,1,7244.909151739501,1,94421.25820265665,1,1,4269.582670455599,1,9.488604602030001
7328,64,25244.98422905334,Mortgage,1,2746.108732610707,1,9693.367660828966,0,0,0.0,1,4711.265944552116
7329,45,39658.44035586509,Mortgage,1,2139.503792738629,1,3602.754822455341,0,0,0.0,1,3984.7337906525845
7330,69,103806.67532094086,Own,1,6350.002663017939,1,81571.16249921129,1,1,4031.322736835593,1,11.742301653207242
7331,67,69721.89082811467,Mortgage,1,1109.1772229537016,1,9471.293690528046,1,0,0.0,1,5.075203446227467
7332,61,37747.53977425825,Mortgage,1,3123.223357373939,1,7669.384306186324,1,0,0.0,1,0.0
7333,67,35423.69867083674,Mortgage,1,2474.430966814097,1,8398.8095492873,1,0,0.0,1,6838.876606375273
7334,35,42021.976703589506,Own,1,1070.4598995942238,1,3520.4402363772415,0,0,0.0,1,1.0606873323222816
7335,74,115281.29005667972,Own,1,12194.877517603729,1,96758.46639356414,1,1,11507.05638384824,1,4604.102795658981
7336,35,20244.540194148467,Rent,1,693.3795314645756,1,1409.9223694490038,0,0,0.0,0,0.0
7337,42,21823.968859889108,Mortgage,1,1054.0749834875176,1,3647.485610371481,0,0,0.0,1,1.0199367259141308
7338,41,35857.61520256079,Own,1,1987.8474014959925,1,40033.833929739834,0,0,0.0,1,0.0
7339,54,32975.7982940008,Mortgage,1,1398.9619291604463,0,0.0,0,0,0.0,1,0.0
7340,61,32359.132547199286,Mortgage,1,902.802003020659,1,9242.856933870587,0,0,0.0,1,6.704703046983167
7341,64,40931.93290072898,Mortgage,1,1787.1715899455937,1,38052.22166389755,0,0,0.0,1,5101.031307597605
7342,29,525.5206015037594,Rent,0,0.0,0,0.0,0,0,0.0,0,0.0
7343,48,10453.01987101803,Rent,1,321.19394192718664,0,0.0,0,0,0.0,0,0.0
7344,91,673843.2824267527,Own,1,4910.246376547329,1,96758.46639356414,1,1,7586.19447759798,1,1.1107708504384641
7345,38,4675.478866965974,Rent,0,0.0,0,0.0,0,0,0.0,0,0.0
7346,46,10880.206733467083,Rent,1,300.93991769058744,0,0.0,0,0,0.0,0,0.0
7347,81,143085.14434828024,Mortgage,1,3131.5954927213143,1,96758.46639356414,1,1,13.813470663165456,1,4.133205896584862
7348,46,12670.428870321135,Mortgage,1,638.9946926615908,1,3017.6926267566037,0,0,0.0,0,0.0
7349,50,15156.793511239779,Mortgage,1,527.8025311305233,0,0.0,0,0,0.0,0,0.0
7350,47,68993.5676116431,Mortgage,1,713.8545145004658,1,4634.741387294055,0,0,0.0,1,0.0
7351,89,65717.99795850803,Own,1,34156.52750141985,1,95117.1716217006,1,1,4422.200220201406,1,5.285583321175191
7352,90,112008.57410541657,Own,1,10202.832994584454,1,96758.46639356414,1,1,16504.967849537163,1,0.0
7353,34,5574.348815784833,Rent,0,0.0,0,0.0,0,0,0.0,0,0.0
7354,91,88146.99611038955,Own,1,10018.32828452476,1,96758.46639356414,1,1,12215.818416354025,1,0.0
7355,37,12040.88035690455,Rent,1,119.4037260214593,1,516.6495880820416,0,0,0.0,0,0.0
7356,54,50643.1874026374,Own,1,2140.2403641926526,1,36317.02186928894,0,0,0.0,1,9.421592869183534
7357,27,3834.2782822027984,Rent,1,213.80073238666353,1,2451.424997234918,0,0,0.0,0,0.0
7358,30,9898.303725100866,Rent,1,747.4530698039185,1,1325.8967513863495,0,0,0.0,0,0.0
7359,78,87474.01081723064,Own,1,6491.811552370937,1,96758.46639356414,1,1,4991.237745597035,1,12.093499483733991
7360,69,58488.82207543939,Mortgage,1,3368.058844733109,1,8695.347198582675,1,0,0.0,1,15.119566630781863
7361,60,33340.79739011943,Mortgage,1,1190.4404474128635,0,0.0,1,0,0.0,1,0.0
7362,42,21171.326119842044,Mortgage,1,1427.559982991561,1,8573.161989700699,0,0,0.0,1,0.0
7363,56,67257.32626899274,Mortgage,1,2762.219784449584,1,10096.010784969994,1,0,0.0,1,16.497451332389467
7364,86,155973.82728163796,Own,1,3329.8295529330817,1,96758.46639356414,1,1,5090.568156475001,1,0.0
7365,29,19006.148727757653,Rent,1,351.02785496114984,1,2933.2377420649323,0,0,0.0,0,0.0
7366,46,19154.661745906677,Rent,1,11.229519660924666,1,700.6439930059255,0,0,0.0,0,0.0
7367,59,53937.498123704216,Mortgage,1,948.6324568208763,1,8777.983554871233,1,0,0.0,1,4319.483366404561
7368,29,10065.682280128613,Rent,1,79.98720541809348,0,0.0,0,0,0.0,0,0.0
7369,77,117189.84130696405,Own,1,5412.499121888037,1,93362.43057502342,1,1,4515.072462254657,1,9357.284503473475
7370,33,13004.010304913609,Mortgage,1,568.4574819494263,0,0.0,0,0,0.0,0,0.0
7371,58,60714.5210067352,Rent,1,1847.3341551066926,1,41197.0212217896,0,0,0.0,1,0.0
7372,86,653996.678757803,Own,1,28582.763107964427,1,96758.46639356414,1,1,8813.856508122022,1,37.621563442035395
7373,54,62970.02727574526,Mortgage,1,1406.319871957242,1,1832.1796428351804,1,0,0.0,1,3.7851787779423995
7374,41,30720.60115340999,Rent,1,524.8782553878486,1,2351.0496412827506,0,0,0.0,0,0.0
7375,56,41159.17329851137,Mortgage,1,1650.8772449189296,1,2420.898841108719,0,0,0.0,1,8.20542874150257
7376,58,34665.792477326366,Mortgage,1,607.9454885262901,1,4570.845122909159,0,0,0.0,1,4800.6321291810455
7377,73,78283.77237360524,Own,1,5058.30421745772,1,94461.2743627085,1,1,9630.546551196905,1,5.342188050208513
7378,49,42160.74635261101,Rent,1,1629.7098562487222,1,1925.4518781651143,1,0,0.0,0,0.0
7379,39,13188.409295676436,Mortgage,1,837.4679069424376,0,0.0,0,0,0.0,0,0.0
7380,56,57212.17952649381,Mortgage,1,2161.5966297881173,1,9864.00802804982,1,0,0.0,1,2902.6713616652546
7381,52,46786.174336060554,Mortgage,1,911.6799444032342,1,2886.1967891060663,0,0,0.0,0,0.0
7382,29,5123.261101257964,Rent,1,312.02825213955794,0,0.0,0,0,0.0,0,0.0
7383,45,17420.904098123494,Rent,1,314.517110629847,1,1872.8137711843322,0,0,0.0,0,0.0
7384,77,114140.55621158148,Own,1,4547.080953970245,1,93761.45411186376,1,1,5387.020486277465,1,6838.559403784042
7385,39,13464.707257220967,Rent,1,201.8401449431624,1,1538.9420404331536,0,0,0.0,0,0.0
7386,66,806181.7103525527,Own,1,3378.342598038784,1,8609.202521635201,1,1,7036.93886741442,1,26.520956954895226
7387,28,525.5206015037594,Rent,0,0.0,0,0.0,0,0,0.0,0,0.0
7388,35,20972.520821818714,Rent,1,285.3806808313126,1,618.4337915499646,0,0,0.0,0,0.0
7389,28,11183.274322978454,Rent,1,252.44748588061282,0,0.0,0,0,0.0,0,0.0
7390,73,106130.63967922538,Own,1,5033.765306183634,1,44954.22016377789,0,1,4252.919170142569,1,1.488647579420177
7391,66,34965.57650707856,Mortgage,1,1474.4041297011513,1,4241.260105312325,0,0,0.0,1,2.117887705792211
7392,74,772294.7003335698,Own,1,35176.42074874257,1,94036.2954505741,1,1,4347.159083216484,1,4.504082816629165
7393,37,38633.19638369869,Rent,1,1082.6187948612715,1,1419.145787578896,0,0,0.0,1,16.989645341188982
7394,42,31129.5557801905,Mortgage,1,1371.4883239823296,1,4830.528127579353,0,0,0.0,1,5.988502636547937
7395,60,17473.824937584686,Own,1,2267.967566860445,1,37188.0861445502,0,0,0.0,1,3929.9234318434405
7396,75,221046.92965219912,Own,1,9236.352498059654,1,83083.22745083652,1,1,11554.80141064255,1,13.954025257506395
7397,43,15645.235176446931,Rent,1,239.79958104495847,0,0.0,0,0,0.0,1,0.0
7398,36,16190.520182406724,Rent,1,350.348752988853,1,1584.6316493872705,0,0,0.0,0,0.0
7399,36,3378.764290383193,Rent,0,0.0,1,1041.1013817569049,0,0,0.0,0,0.0
7400,49,19525.267230459576,Rent,1,1334.4166556068071,1,601.1831980922598,0,0,0.0,0,0.0
7401,61,24527.11569490809,Mortgage,1,2485.6281364423685,1,8779.931351330439,1,0,0.0,1,0.0
7402,54,40425.66646479601,Mortgage,1,1508.5240686467812,1,2302.507952450778,1,0,0.0,1,2742.0869382493797
7403,55,87699.30446348275,Own,1,2530.165302751643,1,9901.510300824219,0,0,0.0,1,9.735266812669177
7404,37,1862.5523534107579,Rent,0,0.0,0,0.0,0,0,0.0,0,0.0
7405,77,124162.15010755023,Own,1,2491.871145788632,1,96758.46639356414,1,1,17829.543550898914,1,9769.269647380725
7406,44,41944.318804580136,Mortgage,1,1615.4511269901325,1,3639.4353027682755,1,0,0.0,1,20.859598945600798
7407,50,70802.97048389705,Mortgage,1,962.7596017967327,1,5494.972759115648,0,0,0.0,1,5182.465862082622
7408,85,879336.2878384473,Own,1,4208.034466830194,1,96260.4122315346,1,1,4985.279000239057,1,19.512069173241137
7409,74,60060.03884329586,Own,1,2298.9764418699815,1,37367.01493435074,0,0,0.0,1,8458.624273132587
7410,48,18091.711608427617,Mortgage,1,1413.4573578039358,1,5137.155885812152,0,0,0.0,1,0.9882054518887535
7411,35,29111.13952263843,Rent,1,1031.921713202721,1,32989.010036059226,0,0,0.0,0,0.0
7412,28,21041.36669535488,Rent,0,0.0,1,1043.6436761267473,0,0,0.0,0,0.0
7413,59,32299.864837528145,Mortgage,1,2069.7085650825093,1,9711.86085410701,1,0,0.0,1,0.0
7414,58,57616.61972228299,Mortgage,1,2141.607426118313,1,2621.4690641840266,1,0,0.0,1,3.1568721930539407
7415,36,32222.501384853942,Rent,0,0.0,0,0.0,0,0,0.0,0,0.0
7416,75,50278.28541767577,Mortgage,1,3592.3061283315947,1,9352.707949711088,0,0,0.0,1,4229.89514203559
7417,28,19012.67679364961,Rent,1,511.68446840979794,0,0.0,0,0,0.0,0,0.0
7418,89,91145.11717108177,Own,1,37715.646239765796,1,96758.46639356414,1,1,5061.984568892482,1,6826.611295339524
7419,46,43856.22897479961,Mortgage,1,1088.0084649094656,1,4119.687796396019,0,0,0.0,1,0.0
7420,48,8541.053912192701,Rent,1,495.96390789226507,1,2513.3403449887674,0,0,0.0,0,0.0
7421,37,62561.77392204189,Rent,1,519.5717443017973,1,2851.9705430081744,0,0,0.0,0,0.0
7422,78,72617.52499341371,Own,1,2566.962969471099,1,9256.124060670183,0,0,0.0,1,0.39497153493143966
7423,39,11768.228179779304,Rent,1,579.0535117962866,1,2345.4959655252537,0,0,0.0,0,0.0
7424,26,525.5206015037594,Rent,0,0.0,0,0.0,0,0,0.0,0,0.0
7425,32,34955.73597787787,Rent,1,717.6900073782488,1,2808.873029545387,0,0,0.0,0,0.0
7426,54,51066.64663843479,Mortgage,1,1765.6248482936446,0,0.0,1,0,0.0,1,0.0
7427,38,14525.468210913059,Rent,1,507.4665004547107,1,2495.5804511422984,0,0,0.0,0,0.0
7428,66,185821.16145669163,Own,1,4348.41905450145,1,43596.156725501685,1,1,7811.143654323969,1,0.0
7429,50,27413.567296159148,Mortgage,1,1230.8403360419102,1,4963.806964938611,0,0,0.0,1,0.0
7430,86,245985.31404703774,Own,1,11907.588907091846,1,95915.97111418212,1,1,24814.25402425554,1,9129.980467798656
7431,57,61380.927576225295,Mortgage,1,2367.5971366669824,1,9034.411716492881,1,0,0.0,1,2348.882157296336
7432,62,32608.553087753528,Mortgage,1,1649.722070519681,1,41313.27090603595,1,0,0.0,1,0.0
7433,37,559.9527211884342,Rent,0,0.0,0,0.0,0,0,0.0,0,0.0
7434,33,15503.267388912123,Rent,1,817.6989397118343,1,2342.1819836944355,0,0,0.0,0,0.0
7435,54,31489.59945165247,Mortgage,1,1780.8158508002543,1,1978.0236066427879,0,0,0.0,1,7.231834210636825
7436,91,881740.6694703669,Own,1,10365.485855049566,1,96095.85170754079,1,1,21834.58486413313,1,32.56381165390339
7437,78,212967.8361069558,Own,1,10169.302594794588,1,83772.79737007502,1,1,11030.446862366058,1,9.241803217489535
7438,35,43807.23147165014,Own,1,1317.8765626308,1,40059.30301778971,0,0,0.0,1,1.8656089771724853
7439,33,4343.431414460718,Rent,1,68.94396712272282,0,0.0,0,0,0.0,0,0.0
7440,33,16835.550356857526,Rent,1,429.89372829543663,0,0.0,0,0,0.0,0,0.0
7441,90,115337.84661094502,Own,1,7018.236786982188,1,49012.07505658738,1,1,21031.705255571535,1,0.0
7442,64,35283.85758416305,Mortgage,1,1776.802633073742,0,0.0,0,0,0.0,1,13.985597708077869
7443,33,18280.232649768834,Rent,1,1033.323970677415,1,2097.403058196145,0,0,0.0,0,0.0
7444,31,525.5206015037594,Rent,0,0.0,0,0.0,0,0,0.0,0,0.0
7445,62,55982.867275235316,Mortgage,1,2312.4550809367697,1,3535.7447693904987,0,0,0.0,1,0.0
7446,72,40369.57040653271,Own,1,6579.8329191247,1,3497.6383123672067,0,1,22210.583790580356,1,6390.118254797956
7447,69,37153.807365551824,Own,1,4303.037220335973,1,46912.546991576164,0,1,11790.508161252867,1,7.13708231575985
7448,90,686840.2565666091,Own,1,12694.7012497353,1,92911.63832630086,1,1,12130.783060142701,1,1.2368358092768181
7449,58,14977.457934781958,Mortgage,1,863.8926608449661,1,9151.527845411832,1,0,0.0,1,6044.829288491702
7450,40,15360.434289451428,Mortgage,1,549.9382115847927,0,0.0,0,0,0.0,1,6.42232971439849
7451,29,525.5206015037594,Rent,0,0.0,0,0.0,0,0,0.0,0,0.0
7452,76,44226.812090021434,Own,1,3533.6613440790975,1,85324.9672777077,1,0,0.0,1,0.0
7453,60,75241.37273524457,Mortgage,1,1451.1049034698913,1,1766.9090652302234,1,0,0.0,1,12.717567272139581
7454,66,60279.859449571166,Mortgage,1,1906.0472898897872,1,7886.957611781946,1,0,0.0,1,4.811148502931167
7455,45,19598.286125259234,Mortgage,1,1068.9095050631709,1,5415.747498008694,0,0,0.0,1,3.399675081372761
7456,90,62231.209150939656,Own,1,10811.278889181225,1,94860.49441150093,1,1,17872.203411774397,1,0.0
7457,60,63068.77901634861,Mortgage,1,860.1105395678753,1,9908.334034045667,1,0,0.0,1,4355.4293470860675
7458,26,21424.935251171424,Rent,0,0.0,0,0.0,0,0,0.0,0,0.0
7459,52,37703.03704289411,Mortgage,1,1504.6270635516207,1,5147.7424178424135,1,0,0.0,1,0.0
7460,30,8858.258062729665,Rent,0,0.0,0,0.0,0,0,0.0,0,0.0
7461,43,46032.572978588636,Mortgage,1,1980.236391836382,1,2823.321424719449,1,0,0.0,1,0.0
7462,52,36305.791101796545,Mortgage,1,1673.038058239719,1,10108.71701194988,1,0,0.0,1,2352.6598085068817
7463,56,7722.915614247475,Rent,1,392.3100737723928,1,3456.9886412857722,0,0,0.0,0,0.0
7464,45,31162.134710744453,Own,1,2670.2277076046284,1,2540.3527859774267,0,0,0.0,1,9.110155720629445
7465,26,525.5206015037594,Rent,0,0.0,0,0.0,0,0,0.0,0,0.0
7466,34,9283.957110638701,Rent,1,576.5267382568045,1,1619.861689281047,0,0,0.0,0,0.0
7467,31,10418.547521716786,Rent,1,488.30521571461367,1,1781.9222869742089,0,0,0.0,0,0.0
7468,44,51289.0840669673,Mortgage,1,1638.552060173781,1,5115.974360619259,0,0,0.0,1,14.339744223060045
7469,57,41116.52717675867,Mortgage,1,2553.9313693860086,1,10389.278950038151,0,0,0.0,1,2587.9090355804524
7470,29,3001.738613149915,Rent,0,0.0,0,0.0,0,0,0.0,0,0.0
7471,35,22029.58289268661,Rent,1,1471.8931073083722,1,4288.278801814312,0,0,0.0,1,0.0
7472,27,10687.156118575787,Rent,0,0.0,0,0.0,0,0,0.0,0,0.0
7473,29,4251.677043921194,Rent,0,0.0,0,0.0,0,0,0.0,0,0.0
7474,33,44066.6569618716,Mortgage,1,884.0943810421766,1,2862.023609839571,0,0,0.0,0,0.0
7475,53,25561.020422392256,Mortgage,1,446.59978457328964,1,1781.4040179799372,0,0,0.0,1,8.341082744593015
7476,42,45536.141968800286,Mortgage,1,2100.5571047564777,1,4057.9349575649176,0,0,0.0,1,0.0
7477,79,68702.9987090803,Own,1,2266.5258446727166,1,94735.56930187157,1,1,4263.10120074054,1,6357.780540042787
7478,73,115263.60760448624,Own,1,7585.758089713134,1,95180.92617153171,1,1,10267.743090105017,1,0.0
7479,72,28959.919233298206,Own,1,1995.252012396439,1,37657.052759297825,0,0,0.0,1,0.0
7480,46,32729.720459293818,Rent,1,934.2886801103012,1,2662.050448409129,0,0,0.0,0,0.0
7481,52,27137.44032480538,Mortgage,1,331.55275891366284,0,0.0,0,0,0.0,1,0.0
7482,35,33974.84419692158,Rent,1,369.3543289259895,1,2436.22613640742,0,0,0.0,0,0.0
7483,87,93161.24348925652,Own,1,4289.741136252721,1,84044.42693023983,1,1,4837.201728617248,1,0.0
7484,33,13530.77388835261,Rent,1,222.6010428537753,1,1392.7661841100025,0,0,0.0,0,0.0
7485,74,100743.82887366434,Own,1,9514.81547706568,1,80738.77593132599,1,1,10925.224156845146,1,0.0
7486,65,50440.520143234724,Own,1,2852.543867149192,1,35633.495094274986,0,0,0.0,1,5614.880068826558
7487,42,44113.06619498301,Rent,1,975.3134504181866,1,3486.4303469521083,0,0,0.0,0,0.0
7488,65,32837.7520542076,Mortgage,1,1776.1369722704324,0,0.0,0,0,0.0,1,24.236754786806777
7489,53,49975.38597219362,Mortgage,1,937.9561779951766,1,2051.2836774620614,0,0,0.0,1,0.0
7490,65,43389.03398559571,Mortgage,1,2488.220987868986,1,3236.7130847091516,0,0,0.0,1,14.806716716941997
7491,74,65936.49615767525,Own,1,6092.481132940611,1,44848.635364734444,0,1,4388.26935292041,1,9778.38427511561
7492,71,44738.24853411874,Rent,1,495.3584787318453,1,35032.56602021723,0,0,0.0,0,0.0
7493,55,43494.098969894505,Mortgage,1,1921.9086819837971,1,10114.350792916302,1,0,0.0,1,2482.288422331895
7494,85,673923.8238044485,Own,1,5938.882888625417,1,96758.46639356414,1,1,11481.251353610536,1,5807.169272916911
7495,37,35177.72095808983,Rent,1,4072.739970494533,1,1675.6239084429517,0,0,0.0,0,0.0
7496,48,19517.24351400925,Rent,1,1055.0780773864149,1,2184.6711012693813,0,0,0.0,0,0.0
7497,32,7497.594754947882,Rent,0,0.0,1,676.1850665843781,0,0,0.0,0,0.0
7498,30,525.5206015037594,Rent,0,0.0,0,0.0,0,0,0.0,0,0.0
7499,38,17346.434460730827,Rent,0,0.0,1,704.9812430323975,0,0,0.0,0,0.0
7500,46,36559.95715983542,Rent,1,1752.7505699997969,1,39039.26390523555,0,0,0.0,0,0.0
7501,27,33448.540075513876,Rent,1,161.25076972376007,1,1914.979962289336,0,0,0.0,0,0.0
7502,74,96835.90714342069,Own,1,4131.600794222167,1,80591.97223265195,1,1,20321.247058397854,1,4513.494661770399
7503,78,121934.0978587005,Own,1,5870.824747008142,1,47834.72682192094,0,1,20281.06676467109,1,0.0
7504,45,64281.398720804966,Mortgage,1,775.3839940975486,0,0.0,0,0,0.0,1,0.0
7505,73,16596.165588429158,Mortgage,1,2210.1191266641563,1,4121.3971290718455,0,0,0.0,1,3697.8724743869834
7506,29,11799.511193618506,Rent,0,0.0,0,0.0,0,0,0.0,0,0.0
7507,39,18022.64408672785,Rent,1,833.5668273832026,1,1500.1504616101965,0,0,0.0,0,0.0
7508,40,30210.672152075378,Mortgage,1,981.364572584328,1,4327.007611910741,0,0,0.0,1,8.642529409786748
7509,37,21229.892411905945,Rent,1,674.2606826771791,1,1253.3178017226323,0,0,0.0,0,0.0
7510,71,146438.29433279045,Own,1,3054.80831793692,1,37892.02422559796,0,1,0.0,1,2.0118677311660402
7511,43,25442.79174610065,Own,1,1469.7660808917108,1,2377.092753794597,0,0,0.0,1,2501.7611991617855
7512,72,41185.03876631494,Own,1,2625.571181718355,1,2388.921278890646,0,0,0.0,1,0.0
7513,55,37431.69163018508,Mortgage,1,2768.6628372154514,1,1767.7938053755724,1,0,0.0,1,4160.6844792356615
7514,30,12257.62798979734,Rent,0,0.0,0,0.0,0,0,0.0,0,0.0
7515,27,859.8617536025595,Rent,0,0.0,0,0.0,0,0,0.0,0,0.0
7516,45,21484.272983730745,Rent,1,1505.5299383000256,1,2833.6931175626505,0,0,0.0,0,0.0
7517,52,29028.112043604473,Mortgage,1,1669.752806298374,1,5227.958918999948,0,0,0.0,1,17.405356783096565
7518,41,16253.6746285405,Rent,1,871.6530490878316,1,1784.682202588223,0,0,0.0,0,0.0
7519,71,31732.663319384144,Mortgage,1,921.5831528221563,1,2017.1109112388601,0,0,0.0,0,0.0
7520,31,4372.7556467060585,Rent,0,0.0,0,0.0,0,0,0.0,0,0.0
7521,88,45786.26030124137,Own,1,4546.774470637722,1,9028.59614253372,0,1,4062.723821050022,1,12.402298335670068
7522,28,35400.52528498418,Rent,1,1760.2312847691999,1,1472.6618979882242,0,0,0.0,0,0.0
7523,74,29273.710641653437,Own,1,1998.0128623221285,1,1713.9917868657399,0,0,0.0,1,3.1082667092788605
7524,63,47814.24255499855,Mortgage,1,1716.906597501686,1,4693.7298270306765,0,0,0.0,1,0.0
7525,30,2459.961575650417,Rent,0,0.0,1,976.7229247959106,0,0,0.0,0,0.0
7526,86,184707.74201922616,Own,1,5316.2491844941815,1,85379.19428415467,1,1,17972.289333570214,1,17.471237102213106
7527,56,122629.4135471393,Own,1,1866.708020469061,1,7577.78390330283,1,0,0.0,1,1.162097609515512
7528,34,24386.689915841,Mortgage,1,1580.1008254894718,1,3175.0544219600497,0,0,0.0,1,3874.9393616861535
7529,88,87851.84061501794,Own,1,5154.19024175195,1,96263.82230966889,1,1,5182.977208785795,1,0.0
7530,91,147055.9014215603,Own,1,10159.342815042202,1,96758.46639356414,1,1,10876.43893756129,1,0.0
7531,50,33332.745252433306,Mortgage,1,1746.005909473658,1,2181.575712103502,0,0,0.0,1,0.0
7532,28,17787.03319980275,Rent,1,326.2403374536142,1,1700.9394785322593,0,0,0.0,0,0.0
7533,73,106100.81069429035,Own,1,9003.701182409053,1,96261.03206978788,1,1,18790.76836796386,1,25.99320351369011
7534,54,28750.252622191667,Mortgage,1,1214.887763793111,1,4595.456349713316,1,0,0.0,1,14.522726864475048
7535,75,49022.621326379944,Own,1,23525.340291475877,1,9495.637956553433,1,1,18865.932918392413,1,8.526501930531715
7536,73,82393.75667861279,Own,1,6240.26682789671,1,83734.94318912379,1,1,16589.319584975514,1,0.0
7537,76,44265.85659261446,Own,1,3586.7615766113076,1,45053.284763121126,1,1,0.0,1,9.794131365409088
7538,28,1792.8480679939275,Rent,0,0.0,0,0.0,0,0,0.0,0,0.0
7539,53,14797.598026922482,Mortgage,1,1693.6765817499352,1,2416.770291349901,0,0,0.0,1,0.0
7540,32,33857.332603718365,Rent,1,222.99065470768141,0,0.0,0,0,0.0,0,0.0
7541,38,11709.083196384754,Rent,1,414.2105804453071,0,0.0,0,0,0.0,0,0.0
7542,91,265785.76605699665,Own,1,6457.324038280329,1,85973.83828641003,1,1,4790.335589727416,1,14.956687108720363
7543,91,128049.90297812295,Own,1,4527.308935072037,1,93143.85974805595,0,1,12644.27034882118,1,39.02153674390486
7544,80,125415.18434040213,Own,1,3946.343067902839,1,38091.66988817096,0,0,0.0,1,0.0
7545,65,62020.745546231185,Mortgage,1,2680.116355121003,1,9653.503248743944,1,0,0.0,1,2.336162946197753
7546,37,525.5206015037594,Rent,0,0.0,0,0.0,0,0,0.0,0,0.0
7547,90,218171.55833199472,Own,1,4321.654825319618,1,96758.46639356414,1,1,4557.7586129806905,1,0.0
7548,57,73608.51783234687,Own,1,1452.4519334933825,1,9288.915805467017,0,0,0.0,1,5.168783376705434
7549,42,31221.839414088485,Mortgage,1,911.3207155656584,1,1929.8625767985072,1,0,0.0,1,3874.791172100252
7550,46,32561.210481390317,Rent,1,619.815026658362,1,2903.6460352367394,0,0,0.0,0,0.0
7551,28,3855.19130999944,Rent,0,0.0,0,0.0,0,0,0.0,0,0.0
7552,30,14478.503910569563,Rent,1,557.2618151086638,1,2137.8252515614477,0,0,0.0,0,0.0
7553,37,49839.55649995667,Rent,1,2563.8129237262474,1,36940.85931386604,0,0,0.0,0,0.0
7554,31,7037.040079987246,Rent,1,94.50095622097501,0,0.0,0,0,0.0,0,0.0
7555,67,52505.96779849411,Mortgage,1,1589.4530628564291,1,8935.297598376286,1,0,0.0,1,6516.822415838432
7556,62,46764.299548612165,Mortgage,1,1395.1344681963978,1,8780.121011429954,1,0,0.0,1,0.0
7557,76,99252.29385610986,Own,1,3657.9304551212103,1,41539.77017718066,1,1,7132.686323576267,1,0.0
7558,30,14606.809806332774,Rent,0,0.0,0,0.0,0,0,0.0,0,0.0
7559,30,11290.671652247238,Rent,1,265.95741876378247,1,1296.484291807978,0,0,0.0,0,0.0
7560,47,17505.699582008136,Rent,1,1334.8275448071038,1,1842.0819037774563,0,0,0.0,0,0.0
7561,66,54900.88356921689,Mortgage,1,2760.1319514343986,1,9153.247592582233,1,0,0.0,1,1.9085192196001877
7562,89,91168.7277727657,Own,1,5447.332082865502,1,75477.69224598412,1,1,11178.538397613938,1,10367.306449830281
7563,43,22513.986203443215,Rent,0,0.0,0,0.0,0,0,0.0,0,0.0
7564,72,38521.91424413025,Own,1,2006.9679866381748,1,45668.99549551824,0,1,15.83838453069226,1,0.0
7565,76,102447.18626813081,Own,1,3444.5978817953846,1,39712.05826089245,0,1,4451.870077315623,1,23.19556979996545
7566,89,1020082.6622816236,Own,1,12248.96948310287,1,93247.04999465666,1,1,17275.872280395375,1,10.517636403159962
7567,78,43904.97010041218,Own,1,7713.695546544657,1,51124.575181474924,0,1,3.754807181516107,1,0.0
7568,46,16915.673846306174,Mortgage,1,1541.8312129602941,1,1493.087807273197,0,0,0.0,1,0.9743507025307914
7569,33,40490.79615703442,Mortgage,1,740.3425648145223,1,3323.093152920843,0,0,0.0,0,0.0
7570,81,779132.652371661,Own,1,20312.26925554516,1,96700.10279488303,1,1,11330.637071504463,1,18.124090859411066
7571,50,20148.454785029928,Rent,1,1361.0329314847365,1,3795.156466011963,0,0,0.0,0,0.0
7572,58,35891.47377545453,Mortgage,1,1294.77935298277,0,0.0,0,0,0.0,1,7.485529208921136
7573,77,230097.7097124104,Own,1,5509.3110505742425,1,94624.2710773699,1,1,18974.71087197853,1,21.5099395625668
7574,37,11026.131026056777,Rent,1,1102.6066306289645,1,1765.2423830993448,0,0,0.0,0,0.0
7575,29,2154.5902545698664,Rent,0,0.0,0,0.0,0,0,0.0,0,0.0
7576,60,63456.60917433659,Mortgage,1,2058.4360726790815,1,9357.891341778095,1,0,0.0,1,0.0
7577,37,19089.580893534472,Rent,0,0.0,1,1431.885815749847,0,0,0.0,0,0.0
7578,76,132287.9708151136,Own,1,5794.888366546132,1,96505.45326078599,1,1,4516.685092226264,1,23.26463610004538
7579,56,36859.65190458232,Mortgage,1,1987.6846595470925,1,8916.57949514461,1,0,0.0,1,2402.306505789082
7580,62,49361.118457622164,Mortgage,1,2626.988972519772,1,9593.153222526707,1,0,0.0,1,1.5250418049207604
7581,32,8369.567897273651,Rent,1,740.8903973803378,1,1092.5652077230452,0,0,0.0,0,0.0
7582,68,38970.328354023295,Mortgage,1,781.3035030832363,1,2429.207926007556,0,0,0.0,1,0.0
7583,59,31377.7241328466,Own,1,1313.9572894515418,1,8336.03106456299,0,0,0.0,1,2.6822311170857005
7584,72,52465.42585512827,Own,1,5245.052743522646,1,38983.87513553367,0,0,0.0,1,0.0
7585,46,19331.68525323256,Rent,1,1038.4804912473483,1,2883.1968578377564,0,0,0.0,0,0.0
7586,67,48735.5964590745,Rent,1,1341.5171075650765,1,3339.49597770289,0,0,0.0,0,0.0
7587,44,18019.674410067433,Rent,1,1003.0361704723246,1,2605.7075840385273,0,0,0.0,0,0.0
7588,43,28215.67935762476,Rent,1,475.1754676388244,1,2148.1736877867424,0,0,0.0,0,0.0
7589,69,49359.89862309949,Own,1,9786.30730010743,1,47619.94955291251,1,1,4732.008935385438,1,24.550452760318542
7590,69,48441.95536036183,Rent,1,1591.1679859617464,1,1495.6810983593177,0,0,0.0,1,7.090081587166751
7591,75,20926.763265664973,Own,1,2097.4313362513763,1,3083.846358044591,0,0,0.0,1,2.7326854109955674
7592,71,60862.28545974364,Own,1,1560.6435579937656,1,8847.70689899713,0,0,0.0,1,6716.882230698466
7593,72,209158.08681938544,Own,1,11921.356244831659,1,95181.58387266035,1,1,13423.381044732992,1,0.0
7594,32,525.5206015037594,Rent,1,197.11344154625215,0,0.0,0,0,0.0,0,0.0
7595,89,98094.15957895182,Own,1,7531.224807613053,1,96758.46639356414,1,1,4516.786802678055,1,0.0
7596,55,14297.996350420566,Mortgage,1,2512.1413733055897,1,4362.285199689668,0,0,0.0,1,0.0
7597,36,8580.097139028861,Rent,0,0.0,0,0.0,0,0,0.0,0,0.0
7598,42,20975.402373632747,Rent,1,553.2072098908635,1,2206.407503154393,0,0,0.0,0,0.0
7599,69,50902.53065364824,Own,1,3607.472570190626,1,3549.126326135658,0,0,0.0,1,5.1963107728796505
7600,37,16726.97829744377,Rent,1,1463.314849592341,1,3417.2645445102407,0,0,0.0,0,0.0
7601,50,43524.70260950537,Mortgage,1,2254.782576841419,1,3532.9980283113937,1,0,0.0,1,4166.144310512172
7602,90,863235.4099000139,Own,1,8912.065017639477,1,95412.7638234081,1,1,17589.355565955524,1,16.76531203107289
7603,60,71363.41656939025,Own,1,4731.29370478003,1,42124.51625535454,0,0,0.0,1,2669.139951497544
7604,28,525.5206015037594,Rent,0,0.0,0,0.0,0,0,0.0,0,0.0
7605,60,54672.73050787778,Mortgage,1,2271.487766624237,1,8639.904611141128,1,0,0.0,1,20.561981064569224
7606,54,40209.15032771179,Mortgage,1,1803.1760121681582,1,3557.308609010025,1,0,0.0,1,3516.3050361304367
7607,79,73364.39292110628,Own,1,2937.1130196106724,1,38237.88072173016,0,0,0.0,1,17.196477783530398
7608,50,54459.88892870149,Mortgage,1,1960.2965342952004,1,10288.345179212372,0,0,0.0,1,18.10277021873403
7609,54,64479.18965272461,Own,1,5659.117358242617,0,0.0,0,0,0.0,1,0.0
7610,68,40391.3339200546,Own,1,3610.3812291894715,1,44899.27853307614,0,0,0.0,1,0.0
7611,56,31471.162110076166,Own,1,1583.5459882123182,1,2204.9189991356866,0,0,0.0,1,3.4018044921250805
7612,66,96026.02945990383,Own,1,2124.7128949760863,1,43174.00675149702,0,0,0.0,1,0.0
7613,29,26983.268334521985,Rent,1,99.86663015073998,1,2633.0931425708127,0,0,0.0,0,0.0
7614,80,110281.77852608537,Own,1,6418.160953184766,1,93094.4399860571,1,1,4383.170511645396,1,3.01564848047133
7615,80,73644.51423232484,Own,1,2486.396521635787,1,39157.68021157243,0,0,0.0,1,0.0
7616,32,8617.527114970346,Rent,1,449.858617036085,1,0.0,0,0,0.0,0,0.0
7617,64,54372.411348107664,Mortgage,1,3934.6768324135764,1,9457.369630677656,1,0,0.0,1,7.692854266798059
7618,70,54845.43241837562,Own,1,3291.8653887684486,1,37601.641262818805,0,0,0.0,1,20.540764554005385
7619,27,525.5206015037594,Rent,0,0.0,0,0.0,0,0,0.0,0,0.0
7620,91,880890.268193475,Own,1,8702.856341321109,1,96758.46639356414,1,1,37906.834713171236,1,2.1385105996169975
7621,46,14662.121827735078,Rent,1,348.5434292513588,0,0.0,0,0,0.0,1,0.0
7622,79,121790.9722981322,Own,1,6935.208490065686,1,94192.93164446518,1,1,12231.59785019346,1,13.602711281853388
7623,31,19475.576431573783,Rent,1,762.6707683137884,1,0.0,0,0,0.0,0,0.0
7624,31,7298.012738756221,Rent,0,0.0,0,0.0,0,0,0.0,0,0.0
7625,63,60334.334908446785,Mortgage,1,2437.9503397351364,1,9368.965825707175,1,0,0.0,1,27.393230883118353
7626,35,11372.675669107277,Rent,1,0.0,0,0.0,0,0,0.0,0,0.0
7627,66,32331.617277121208,Own,1,1732.546037768729,1,35903.986465434275,0,0,0.0,1,7.954299449132365
7628,69,16613.1582348277,Rent,1,732.4900862494325,1,2731.5687213922693,0,0,0.0,1,2.432652512338699
7629,30,27614.473362761128,Rent,1,310.2916660516531,1,2562.002984328396,0,0,0.0,0,0.0
7630,46,34196.45919604118,Mortgage,1,1139.0537350082507,1,3779.6332311207807,0,0,0.0,1,2555.9620694750433
7631,56,16426.040730475706,Rent,1,502.0271537130686,1,2384.8162041757055,0,0,0.0,0,0.0
7632,58,23129.738094963945,Mortgage,1,1423.3825306502258,1,3844.8823569961223,0,0,0.0,1,2298.840644900587
7633,91,232669.4551881019,Own,1,27105.823230085385,1,96758.46639356414,1,1,16206.931135616842,1,1.2119903892993487
7634,43,19394.14965423473,Mortgage,1,731.2761988619193,1,3414.7538874179454,0,0,0.0,1,22.615527021918144
7635,28,6782.198703776221,Rent,0,0.0,0,0.0,0,0,0.0,0,0.0
7636,82,115017.20033910846,Own,1,32898.1790719345,1,77803.0320411277,1,1,4576.08558714265,1,4.309597802710273
7637,28,11120.366248944054,Rent,0,0.0,1,0.0,0,0,0.0,0,0.0
7638,53,69072.36341180519,Mortgage,1,2280.40823781937,1,8938.155045355703,1,0,0.0,1,1.594114237663604
7639,36,13251.456162714372,Rent,1,954.5824590000002,1,3092.2604023707545,0,0,0.0,0,0.0
7640,60,32687.689679077845,Mortgage,1,2081.254250320379,1,10139.417173204623,1,0,0.0,1,1.2089196773675188
7641,43,22867.904791426412,Rent,1,164.36246342589118,1,2715.7925722183727,0,0,0.0,0,0.0
7642,61,47273.40678110166,Mortgage,1,1175.9439844539243,1,4909.198816640937,0,0,0.0,1,0.0
7643,52,37613.035871865715,Mortgage,1,2250.4584837822435,1,2898.798174265675,0,0,0.0,1,2.1880094496757296
7644,79,45442.57151623518,Own,1,3498.8420979899593,1,95927.50368633574,1,1,5419.833514566041,1,6046.965531852863
7645,63,19171.344042325443,Mortgage,1,2566.1855067010783,1,37081.31024953581,0,0,0.0,1,4776.555080875003
7646,33,18471.066351308647,Rent,1,514.9589929155563,1,1327.5292900890615,0,0,0.0,0,0.0
7647,28,525.5206015037594,Rent,0,0.0,0,0.0,0,0,0.0,0,0.0
7648,52,24429.074627791622,Mortgage,1,1142.3625987869339,0,0.0,0,0,0.0,1,0.0
7649,44,28738.102030179056,Mortgage,1,1905.1695631284315,0,0.0,1,0,0.0,1,0.0
7650,40,34108.67623095211,Rent,1,602.3140250778638,1,2359.440992300092,0,0,0.0,0,0.0
7651,51,48172.76774967578,Mortgage,1,1015.303063048239,1,5663.300733679918,0,0,0.0,1,1.9976370746025653
7652,91,201417.94909196586,Own,1,8031.783846219607,1,96758.46639356414,1,1,11471.322889502824,1,36.02508059654623
7653,72,102402.50668122474,Own,1,4546.9246060679025,1,93152.81613259032,1,1,5086.7278356443185,1,7.690365156592221
7654,38,43275.88820995097,Own,1,2276.3572320414205,1,40936.05293240067,0,0,0.0,1,0.0
7655,28,7601.98741894343,Rent,1,1513.3810076394802,1,908.362401430205,0,0,0.0,0,0.0
7656,47,58039.10129481432,Mortgage,1,1509.358199729029,1,3944.002131487859,1,0,0.0,1,0.0
7657,65,41085.24993374672,Own,1,2494.4281503070533,1,10282.738836311974,0,0,0.0,1,0.0
7658,49,21931.044104732988,Mortgage,1,1112.7290178796113,0,0.0,1,0,0.0,1,4.20549572454399
7659,75,41349.498424319856,Own,1,4084.8318819698106,1,9580.87968246816,0,0,0.0,1,1.5620401602968255
7660,62,48200.53490660142,Mortgage,1,1935.5024109999838,1,2282.6419149150074,1,0,0.0,1,2280.2854712299627
7661,27,1127.472086139047,Rent,1,0.0,1,450.44619362581216,0,0,0.0,0,0.0
7662,88,88043.01935987597,Own,1,10003.021058142942,1,96758.46639356414,1,1,15230.851324182491,1,12.664083442748895
7663,44,35056.97877318118,Own,1,1052.9957935234042,1,3476.2150011200392,0,0,0.0,1,0.0
7664,48,47478.737002969334,Rent,1,1019.0298198204055,1,1862.8182538483572,0,0,0.0,1,20.252914878592538
7665,31,5601.669550698773,Rent,1,153.34014785447118,1,1039.340454567404,0,0,0.0,0,0.0
7666,38,50575.387791463836,Own,1,2032.7799701535482,1,1633.6889269767635,0,0,0.0,1,0.4813830395308867
7667,85,854979.9296144784,Own,1,31524.68274997758,1,95930.15578115717,1,1,17329.61395694903,1,2.6785327458778108
7668,72,646748.7981337024,Own,1,3578.5629269847154,1,96758.46639356414,1,1,18817.0243502939,1,0.0
7669,71,36378.58680898363,Rent,1,907.6342675441539,1,3332.129090475993,0,0,0.0,1,10.78269960630231
7670,31,17574.224018009172,Rent,0,0.0,0,0.0,0,0,0.0,0,0.0
7671,72,46065.54933514922,Own,1,7736.451159457194,1,47051.370602367955,0,1,8495.489139813471,1,12.24848213846104
7672,29,7674.494277728765,Rent,1,618.9012237346299,1,4480.8008325695055,0,0,0.0,0,0.0
7673,28,3279.299068375163,Rent,1,15.310219179923251,1,1113.1178500558658,0,0,0.0,0,0.0
7674,71,38369.17446881501,Mortgage,1,2014.810115620208,1,2289.4280304760664,0,0,0.0,1,0.0
7675,42,112287.75281941553,Own,1,4220.278457359262,1,9351.296280180619,0,1,0.0,1,0.033051666323300435
7676,39,39908.808942175776,Mortgage,1,1188.3919433175477,1,3591.2060205559737,0,0,0.0,1,3017.5788061950366
7677,58,42663.2455084318,Mortgage,1,2385.3826425080447,1,4756.298429384568,1,0,0.0,1,0.0
7678,71,82780.54274246683,Own,1,2182.7971410576015,1,2712.1957172584425,0,0,0.0,1,7104.7649878629245
7679,36,12151.363652787557,Rent,0,0.0,0,0.0,0,0,0.0,0,0.0
7680,79,56204.81944506327,Own,1,3677.996531757246,1,95156.35655252579,1,1,4874.954890655373,1,10723.311147474897
7681,62,29282.080470095116,Mortgage,1,879.5029988901719,0,0.0,1,0,0.0,1,9.163174969515097
7682,59,92816.70129653266,Own,1,1831.8713596651721,1,84459.12876092919,0,0,0.0,1,16.856323752509034
7683,49,21954.149438159107,Mortgage,1,1165.5127653859804,0,0.0,1,0,0.0,1,0.0
7684,51,37403.6133909615,Mortgage,1,1877.7617404129055,1,3998.232471831572,1,0,0.0,1,10.072729480764838
7685,80,141640.0551364299,Own,1,3885.4058840033954,1,44479.32384078294,0,1,3714.3994331994736,1,6865.070392945059
7686,41,21715.928654478506,Rent,0,0.0,0,0.0,0,0,0.0,0,0.0
7687,85,227897.86735745144,Own,1,9732.545455472238,1,96758.46639356414,1,1,12735.594228634634,1,17.01837724242258
7688,30,19130.00725943413,Rent,1,728.7953637043317,1,2378.0817636010465,0,0,0.0,0,0.0
7689,77,50392.899240490355,Mortgage,1,2346.254445215134,1,9803.436790327945,1,0,0.0,1,6.718104792801808
7690,37,15789.463062816674,Rent,1,359.37353946038456,1,2705.6467548218434,0,0,0.0,0,0.0
7691,38,6123.872709632416,Rent,0,0.0,0,0.0,0,0,0.0,0,0.0
7692,34,8693.727958255693,Rent,1,432.2051573583249,1,422.1957602154748,0,0,0.0,0,0.0
7693,57,13918.336219377463,Mortgage,1,722.2039668631239,0,0.0,1,0,0.0,1,0.0
7694,29,9262.233392327673,Rent,1,118.24346050203712,1,1832.1752973079592,0,0,0.0,0,0.0
7695,26,525.5206015037594,Rent,0,0.0,0,0.0,0,0,0.0,0,0.0
7696,54,64666.753017302515,Mortgage,1,2538.9658232717666,1,9876.74181953843,1,0,0.0,1,15.334950758669562
7697,73,35820.85013305253,Rent,1,1208.9375391011422,1,1680.5088788369524,0,0,0.0,1,17.59377221291739
7698,58,14331.263116979786,Mortgage,1,370.6371756021168,0,0.0,0,0,0.0,0,0.0
7699,37,16294.792563971905,Rent,1,410.63811398634175,1,1698.7388943505712,0,0,0.0,0,0.0
7700,44,32921.86555289252,Rent,1,993.4828488060789,1,3860.1870739470396,0,0,0.0,0,0.0
7701,58,43886.91507979655,Mortgage,1,1371.4172221831413,1,2772.599695243207,0,0,0.0,1,16.52338673933308
7702,42,11109.617050218189,Rent,1,581.9167333755686,0,0.0,0,0,0.0,0,0.0
7703,49,41907.41519329477,Mortgage,1,1215.410146767575,1,2375.447753315409,0,0,0.0,1,4211.819023595013
7704,32,14023.748053754638,Rent,0,0.0,1,499.5615955159144,0,0,0.0,0,0.0
7705,74,72257.94899295033,Own,1,4050.2249330827804,1,45379.57667376961,0,0,0.0,1,0.0
7706,69,54757.95165952129,Own,1,2521.0200454270657,1,9435.918247198519,1,0,0.0,1,9.267189938836687
7707,37,8456.6178237895,Rent,0,0.0,1,1530.6737207182482,0,0,0.0,0,0.0
7708,35,8463.243302355864,Rent,1,621.6539804239011,1,1943.7264640730098,0,0,0.0,0,0.0
7709,73,57200.85065621484,Own,1,4687.918986575696,1,36781.764184487976,0,0,0.0,1,8.989071422752295
7710,58,47339.165169847736,Mortgage,1,1244.88755147331,1,3007.3961644164065,1,0,0.0,1,35.830349274859586
7711,28,13119.374004151134,Rent,1,756.2392766410792,1,1791.2032984693087,0,0,0.0,0,0.0
7712,65,52738.742445120086,Mortgage,1,1784.0783054428105,1,8682.341831881256,1,0,0.0,1,12.71749818581448
7713,40,62274.46989177416,Mortgage,1,2308.617841532482,1,938.431242548842,0,0,0.0,1,12.656998590047161
7714,42,525.5206015037594,Rent,1,406.63980508086644,1,1663.879994670574,0,0,0.0,0,0.0
7715,70,40991.9668852994,Mortgage,1,1623.3385210896117,1,2467.498803527362,0,0,0.0,1,0.0
7716,46,31426.514378568954,Mortgage,1,1699.0034836262776,1,4669.351465304277,0,0,0.0,1,8.563742964140339
7717,40,14446.43169299895,Rent,1,1023.0641672313297,1,1244.3991244258314,0,0,0.0,0,0.0
7718,37,525.5206015037594,Rent,0,0.0,0,0.0,0,0,0.0,0,0.0
7719,86,130184.3375256058,Own,1,4120.786499085437,1,96758.46639356414,1,1,19769.739983811796,1,20.97901015290918
7720,86,86788.68240528354,Own,1,3406.843433608438,1,94496.54420569059,1,1,20309.757629698823,1,9956.78231225061
7721,74,41988.7896928744,Own,1,2212.974847820661,1,34848.00933153613,0,0,0.0,1,4.037501060984472
7722,56,39763.074233987194,Mortgage,1,1865.9052988143785,1,5227.865846543908,0,0,0.0,1,2412.5567261042625
7723,31,21233.62878924804,Rent,1,994.4789536877242,1,2023.020224714216,0,0,0.0,0,0.0
7724,37,525.5206015037594,Mortgage,0,0.0,0,0.0,0,0,0.0,0,0.0
7725,29,525.5206015037594,Rent,0,0.0,0,0.0,0,0,0.0,0,0.0
7726,37,7745.897180448304,Rent,0,0.0,0,0.0,0,0,0.0,0,0.0
7727,71,74493.8305404476,Own,1,1856.4859263841313,1,37147.055489993596,0,0,0.0,1,19.901227436283545
7728,29,23937.15447620307,Rent,1,711.1261676558037,1,2058.6816271613175,0,0,0.0,0,0.0
7729,28,5427.2712056008895,Rent,1,388.9956542421522,1,1953.468906180818,0,0,0.0,0,0.0
7730,65,63647.13576539969,Mortgage,1,4092.9174760139717,1,8107.251015973497,1,0,0.0,1,0.312605851312116
7731,69,49234.557768183964,Mortgage,1,2613.9610034653224,1,3552.3126782225354,1,0,0.0,1,25.33563386386564
7732,71,98483.39098591683,Own,1,6154.733250620549,1,92719.7662095136,1,1,8685.202442099991,1,0.0
7733,59,22358.880243090025,Rent,1,909.7559108040031,1,1365.0714263709956,0,0,0.0,0,0.0
7734,62,52262.32357053913,Mortgage,1,34185.230727570604,1,9062.121286604512,1,0,0.0,1,0.0
7735,61,74421.15613464298,Own,1,4375.483126803924,1,9277.852574938286,0,1,11881.262503460945,1,9064.879392953679
7736,40,20614.24933141701,Rent,1,401.14791511438784,1,2345.9699498832674,0,0,0.0,0,0.0
7737,71,31240.144924744807,Own,1,2546.8956141999415,1,9968.337796927404,0,0,0.0,1,22.852799499850022
7738,36,13207.033981086299,Rent,1,779.9814041357989,1,1284.5644876480765,0,0,0.0,0,0.0
7739,36,6944.993024620177,Rent,1,496.8720959606997,1,2053.594900146333,0,0,0.0,0,0.0
7740,88,245503.63148284378,Own,1,11582.364618869256,1,95550.13227064951,1,1,5421.080659200669,1,0.0
7741,39,22666.778049756045,Rent,1,653.8214125435677,1,1739.2505202180594,0,0,0.0,0,0.0
7742,40,14617.377344362387,Rent,1,660.9767772716037,1,955.4683763519358,0,0,0.0,0,0.0
7743,35,48958.785679731554,Rent,1,1426.364160534446,1,1184.2892579743236,0,0,0.0,0,0.0
7744,91,139257.91583994377,Own,1,6229.180587950341,1,96630.3371204457,1,1,4700.152600890312,1,15752.518403492928
7745,51,49591.44739862943,Mortgage,1,1302.898858970782,1,9660.680642198877,1,0,0.0,1,5542.485403153896
7746,29,17454.305048190578,Rent,1,6.966839726547391,1,2810.9548359830296,0,0,0.0,0,0.0
7747,76,117006.75389963681,Own,1,9670.793116557084,1,84599.63460950984,0,1,7167.245308905222,1,0.0
7748,72,211115.1227878266,Own,1,3795.135544075626,1,46136.384828882205,0,1,7335.922490798384,1,5870.4352816718365
7749,58,62185.479646163185,Mortgage,1,1219.8795232736736,1,1170.6762664536059,0,0,0.0,1,5.815777812533902
7750,51,30839.944488589073,Mortgage,1,800.3616961248844,1,4261.6131752838755,1,0,0.0,1,3724.4916003315107
7751,78,222412.07706709005,Own,1,8220.205865101962,1,96390.57415182417,1,1,5366.755820424398,1,14469.710398649227
7752,87,99031.86639205861,Own,1,23477.412600072035,1,79835.12236382425,1,1,22306.4335733804,1,29.9285588391982
7753,57,19654.893072258325,Mortgage,1,1599.0922165290144,0,0.0,1,0,0.0,1,6.301819634020554
7754,35,21442.398317283085,Rent,1,941.6846413878349,1,2295.1360989070563,0,0,0.0,0,0.0
7755,75,30183.576557328393,Rent,1,868.5090369450422,1,36774.91551436385,0,0,0.0,0,0.0
7756,66,59029.14661102706,Mortgage,1,1008.1596668275477,1,10014.225370275242,1,0,0.0,1,18.339978616596248
7757,41,3445.8413810384973,Rent,0,0.0,0,0.0,0,0,0.0,0,0.0
7758,43,22162.73428109869,Mortgage,1,523.376429355119,0,0.0,0,0,0.0,1,0.0
7759,69,37142.721894792616,Mortgage,1,856.8324088104827,1,1942.8651414910194,1,0,0.0,1,0.0
7760,33,525.5206015037594,Rent,1,1038.3489854259071,0,0.0,0,0,0.0,0,0.0
7761,41,13224.63426959976,Rent,1,1615.2563487867787,1,1758.6356182530412,0,0,0.0,0,0.0
7762,89,147713.57274009477,Own,1,4757.008841098024,1,77725.87884575817,1,1,4347.529355381607,1,0.0
7763,42,25153.47214518411,Mortgage,1,2093.043299053763,1,2921.8565993427965,0,0,0.0,1,21.093515229884254
7764,69,130464.18246046203,Own,1,4883.717618763233,1,36336.92570767035,0,1,16692.082463394145,1,0.05360934584867867
7765,80,40898.74589001388,Mortgage,1,1071.469716543543,1,81986.61567369595,0,0,0.0,1,0.0
7766,65,104143.49120204312,Own,1,2860.2896999319896,1,35593.564387750375,0,1,4059.1817588788285,1,0.0
7767,33,5008.988582161221,Rent,0,0.0,0,0.0,0,0,0.0,0,0.0
7768,66,59922.02708018132,Mortgage,1,1793.6721692143476,1,9134.577316302046,1,0,0.0,1,1.4466037946531252
7769,77,98540.24215000417,Own,1,35023.98033180277,1,95494.83275491545,1,1,13020.781153134318,1,8196.509072674775
7770,38,34251.502526783064,Rent,1,1114.516935565683,1,3118.6926120104526,0,0,0.0,0,0.0
7771,70,95110.88124332012,Own,1,4048.374857128922,1,44902.449393288116,1,1,0.0,1,21.63919306807445
7772,72,119735.84783356852,Own,1,5306.611741778115,1,47803.56747948288,0,0,0.0,1,5611.179822475123
7773,49,10925.740130209255,Rent,1,520.6310606333445,0,0.0,0,0,0.0,0,0.0
7774,37,34034.23468612174,Rent,1,900.6126970604912,1,4168.592221789922,0,0,0.0,0,0.0
7775,41,10737.11521188683,Rent,1,1283.1243318749323,1,4233.178068462743,0,0,0.0,0,0.0
7776,29,5909.867835550123,Rent,1,1197.2356984350697,1,0.0,0,0,0.0,1,6.133223969495207
7777,76,92482.60388716114,Own,1,7512.769300129194,1,96758.46639356414,1,1,21164.464483320706,1,0.0
7778,30,9839.832381388758,Rent,1,310.97520080444804,1,2366.3964339734284,0,0,0.0,0,0.0
7779,26,13108.947397531818,Rent,1,594.2539889539216,0,0.0,0,0,0.0,0,0.0
7780,47,19575.662302211647,Rent,1,1036.0989651488514,1,2254.905069940136,0,0,0.0,0,0.0
7781,34,525.5206015037594,Rent,0,0.0,0,0.0,0,0,0.0,0,0.0
7782,79,96317.93638609427,Own,1,37880.444219598765,1,95784.77371078401,1,1,15756.631292938062,1,5746.6839900543855
7783,62,45701.04906276131,Mortgage,1,1098.480982715716,1,3749.1996416220545,1,0,0.0,1,0.0
7784,63,31287.68234149189,Mortgage,1,25278.456730246682,1,95763.2753395167,1,0,0.0,1,0.3050203887107158
7785,40,14257.91917009237,Rent,1,521.8147903375361,1,759.9254454351747,0,0,0.0,0,0.0
7786,89,90279.2075221719,Own,1,5156.366261938389,1,96101.86815472372,1,1,4280.012372313489,1,29.229891837198018
7787,49,48284.30224795097,Mortgage,1,716.6502157441751,0,0.0,0,0,0.0,1,0.0
7788,52,8798.772775150708,Rent,1,688.0896723246614,1,2288.9180633132846,0,0,0.0,0,0.0
7789,27,1281.1083916449752,Rent,0,0.0,0,0.0,0,0,0.0,0,0.0
7790,57,47705.51397326597,Mortgage,1,1649.1364401649744,0,0.0,1,0,0.0,1,0.0
7791,55,48095.39398882832,Mortgage,1,1853.9897537871586,1,3068.031306055572,0,0,0.0,1,2823.9306355817853
7792,29,525.5206015037594,Rent,0,0.0,0,0.0,0,0,0.0,0,0.0
7793,58,21001.907416364586,Mortgage,1,1021.0468088266803,0,0.0,0,0,0.0,1,0.0
7794,88,109272.32618630619,Own,1,12867.746139396168,1,75774.4763014531,1,1,13276.436642353043,1,0.0
7795,73,62730.61986838609,Own,1,4754.077874354336,1,90828.07405399739,1,0,0.0,1,0.0
7796,60,33778.30315314,Rent,1,1319.6886602117902,0,0.0,1,0,0.0,0,0.0
7797,90,193100.85191731545,Own,1,25540.39351515878,1,95758.00102888409,1,1,13003.928526627637,1,3.1008569505989314
7798,71,47191.12510504954,Rent,1,1456.3295364475855,1,34908.16895769262,0,0,0.0,0,0.0
7799,60,38307.47403025478,Mortgage,1,1765.6442436971408,1,3085.6465559245353,0,0,0.0,1,6591.428524768147
7800,48,27909.446568417006,Mortgage,1,1112.7444882835493,1,3991.1915221384706,0,0,0.0,1,0.0
7801,71,38927.96482376317,Mortgage,1,2024.6197143328914,1,1485.4899001960782,0,0,0.0,0,0.0
7802,71,86605.92648460744,Own,1,12794.73457716705,1,95820.7338859191,0,1,4636.4206393257455,1,19.606377013260396
7803,57,28370.5700266773,Mortgage,1,915.4090764069509,1,5447.248293811643,0,0,0.0,1,11.939406941224558
7804,60,32641.68603303985,Mortgage,1,1860.7989079367371,1,2330.6511387091405,0,0,0.0,0,0.0
7805,56,59387.12448016049,Mortgage,1,1323.9541923465592,1,8520.27078677918,1,0,0.0,1,0.04406792360148146
7806,62,46026.35051614067,Mortgage,1,2090.881083639029,1,3566.737437407268,0,0,0.0,1,22.825577485257774
7807,30,18560.40672533528,Rent,1,862.9569415156551,1,3696.591815378576,0,0,0.0,0,0.0
7808,45,42280.57182452746,Mortgage,1,611.7846606118865,1,3820.0619930723688,0,0,0.0,1,12.108123757131606
7809,90,105486.16311327674,Own,1,5234.9475097963805,1,76971.3504686123,1,1,4646.660801854701,1,0.0
7810,29,15573.380068386434,Rent,1,0.0,0,0.0,0,0,0.0,0,0.0
7811,37,9568.98973982428,Rent,0,0.0,1,968.7566767033961,0,0,0.0,0,0.0
7812,44,18917.532592733933,Mortgage,1,1171.1936691128944,0,0.0,0,0,0.0,1,10.793391966675658
7813,42,34397.169493999434,Mortgage,1,1903.791739043535,1,9848.60439893876,1,0,0.0,1,9.186924645332667
7814,56,46108.54401138393,Own,1,1105.4251550048914,1,9276.721102432271,0,0,0.0,1,2767.2487782357207
7815,67,72512.37008116787,Own,1,3381.7568100027684,1,39406.74143648308,0,0,0.0,1,4355.261465622742
7816,79,130702.66730427911,Own,1,5115.316198780921,1,92250.74534518071,1,1,7134.879505460502,1,9.56725788128165
7817,90,805854.8171024091,Own,1,12335.30552036085,1,96758.46639356414,1,1,5042.088976795215,1,0.0
7818,67,76503.68829114603,Own,1,2631.3839551190185,1,9315.613770752769,0,0,0.0,1,0.0
7819,30,9781.23850494131,Rent,0,0.0,1,0.0,0,0,0.0,0,0.0
7820,27,23714.80924598351,Rent,1,571.5432882134489,1,2659.632955741702,0,0,0.0,0,0.0
7821,78,99513.40468779561,Own,1,3514.618988943458,1,94316.13776594492,1,1,16697.707798216226,1,6186.910539171864
7822,45,41853.658318707654,Mortgage,1,688.7488563365871,0,0.0,1,0,0.0,1,3.286458364235725
7823,39,23462.31167128829,Mortgage,1,317.25922864592303,1,2032.9793166454283,0,0,0.0,0,0.0
7824,68,31931.552276073537,Rent,1,2645.3959334771553,1,2285.148490890468,0,0,0.0,0,0.0
7825,27,525.5206015037594,Rent,0,0.0,0,0.0,0,0,0.0,0,0.0
7826,30,18699.89841153854,Rent,1,1765.4183439812643,0,0.0,0,0,0.0,0,0.0
7827,29,23566.62011463064,Rent,1,1372.4135930316165,0,0.0,0,0,0.0,1,0.0
7828,70,44194.66691923332,Mortgage,1,2125.0952298361885,0,0.0,1,0,0.0,1,0.0
7829,61,66343.00824615458,Mortgage,1,1162.430919072536,1,2771.83497442111,1,0,0.0,1,0.0
7830,64,49327.763250179036,Own,1,2807.171690456367,1,9275.858668382385,1,0,0.0,1,23.712754034681097
7831,70,137109.326221084,Own,1,4503.213195775434,1,34795.31131588031,0,0,0.0,1,0.0
7832,75,153066.48555028107,Own,1,4111.715679200318,1,46302.24840143349,1,1,7756.9218090369495,1,7206.032283169379
7833,76,122538.89228551996,Own,1,3613.0642269614837,1,80452.6070763488,1,1,4070.295988510012,1,0.0
7834,63,35993.044391079704,Mortgage,1,2170.675937463147,1,8692.243267363841,1,0,0.0,1,0.0
7835,39,6976.678480097251,Rent,1,668.9882744490926,0,0.0,0,0,0.0,0,0.0
7836,59,45311.8353021993,Mortgage,1,2171.123799759932,1,2922.2862777169203,0,0,0.0,1,3417.8011881304155
7837,31,525.5206015037594,Rent,0,0.0,0,0.0,0,0,0.0,0,0.0
7838,31,23246.62583956276,Rent,1,1146.4918815801907,1,2433.155182210083,0,0,0.0,0,0.0
7839,39,525.5206015037594,Rent,0,0.0,0,0.0,0,0,0.0,0,0.0
7840,50,42540.95995524573,Mortgage,1,1397.3014095858875,1,3991.6221202008956,0,0,0.0,1,2576.1127464123956
7841,29,12184.813347363992,Rent,1,356.63496766870696,1,728.1067133866461,0,0,0.0,0,0.0
7842,54,30056.830524893776,Mortgage,1,536.159652203443,0,0.0,1,0,0.0,1,19.877217435182985
7843,91,222847.61185541915,Own,1,4844.503923176814,1,94542.36158122901,1,1,4795.497265782118,1,0.0
7844,36,12316.860662495379,Mortgage,1,931.8813995571107,1,1806.6654660573195,0,0,0.0,1,34.220850165220824
7845,58,47417.43543558535,Mortgage,1,2564.749814074176,1,3750.328834917751,1,0,0.0,1,2678.1873389370694
7846,55,24701.094797825852,Rent,1,632.788726084686,0,0.0,0,0,0.0,1,0.0
7847,45,28886.674048932586,Rent,1,1346.8974150658162,1,3034.2879423000036,0,0,0.0,0,0.0
7848,32,525.5206015037594,Rent,0,0.0,0,0.0,0,0,0.0,0,0.0
7849,44,23291.221129320744,Rent,1,1465.726223079525,1,1584.371239644905,0,0,0.0,0,0.0
7850,72,53074.714419954595,Own,1,2518.8056656128338,1,49804.57900002212,0,0,0.0,1,29.80892335164601
7851,62,34434.6962456565,Mortgage,1,1536.959337323324,1,9185.895382364472,1,0,0.0,1,0.0
7852,46,18353.484577271905,Rent,1,686.5415385116625,1,2359.6481290976353,0,0,0.0,0,0.0
7853,84,137352.47769677927,Own,1,6479.557791890614,1,9521.611563218317,1,0,0.0,1,0.0
7854,34,25260.72753150391,Mortgage,1,1799.0401688597644,1,2735.0934727894187,0,0,0.0,0,0.0
7855,55,23678.32352704517,Mortgage,1,1456.6314577798644,1,3723.89331440017,0,0,0.0,1,2.7413830288879897
7856,62,50555.958619910016,Mortgage,1,919.7079536880783,1,5573.54651303033,0,0,0.0,1,0.0
7857,59,49991.026069449515,Mortgage,1,2188.9324428660084,1,8968.90535694656,1,0,0.0,1,4221.906490119654
7858,36,21407.166501579217,Rent,1,965.1519808194823,1,2050.9514228192497,0,0,0.0,0,0.0
7859,37,11907.776124340366,Rent,0,0.0,0,0.0,0,0,0.0,0,0.0
7860,53,25997.184114333715,Mortgage,1,501.62232264611936,0,0.0,1,0,0.0,1,0.0
7861,74,85806.96116660365,Own,1,4826.670183734788,1,50679.12410709976,0,1,5099.74012774925,1,6294.235864511365
7862,37,34713.05402286238,Rent,1,755.2856082447348,1,8845.643875700032,0,0,0.0,1,0.0
7863,74,76127.73351466902,Own,1,3507.759052048154,1,94478.1958623458,1,1,0.0,1,0.0
7864,53,33301.61017925786,Rent,1,543.9801408692722,1,3017.4403562557,0,0,0.0,0,0.0
7865,45,16491.009212780195,Rent,1,590.4834363104346,0,0.0,0,0,0.0,0,0.0
7866,73,41180.645239162004,Own,1,2323.978494445999,1,37088.38664919453,0,0,0.0,1,0.0
7867,72,96758.12615286378,Own,1,7021.594104775638,1,93070.97111220843,1,1,15864.770227935627,1,10244.539360952138
7868,33,16961.659772119503,Rent,1,1161.4105225537614,1,1936.7787707736077,0,0,0.0,0,0.0
7869,69,184196.2076031655,Own,1,6179.217551157996,1,96758.46639356414,1,1,12368.949891649636,1,25.55019996961409
7870,34,525.5206015037594,Rent,0,0.0,0,0.0,0,0,0.0,0,0.0
7871,36,17639.31570451097,Rent,1,143.15078129049937,1,2037.2899474436447,0,0,0.0,0,0.0
7872,55,31220.837001803182,Own,1,1953.6062970073888,0,0.0,0,0,0.0,1,0.0
7873,48,42211.6794070881,Mortgage,1,1861.0240826853899,1,2486.0837497484586,0,0,0.0,1,3987.274219018124
7874,51,45547.21029329111,Mortgage,1,1096.6358082815448,1,2035.8660687722236,0,0,0.0,1,0.0
7875,28,525.5206015037594,Rent,0,0.0,0,0.0,0,0,0.0,0,0.0
7876,74,40415.55384064575,Rent,1,2108.3678105460167,1,38634.34742167284,0,0,0.0,1,9.691707384067014
7877,39,15363.268221908598,Rent,1,634.2592862389695,1,1381.7294186720937,0,0,0.0,0,0.0
7878,37,23964.130219626946,Mortgage,1,3445.825514994191,1,3668.0202268136063,0,0,0.0,1,0.0
7879,87,137035.51030231116,Own,1,6772.970430707182,1,42271.96104347768,0,0,0.0,1,4.112443703702397
7880,49,62254.431335788744,Mortgage,1,1752.2675376755421,1,3376.382376226369,1,0,0.0,1,5.178631682411235
7881,80,105561.85672254529,Own,1,3850.2158154308295,1,93582.4396166577,1,1,16845.884089735173,1,6426.337849125158
7882,47,16586.740815884485,Rent,0,0.0,0,0.0,0,0,0.0,0,0.0
7883,31,525.5206015037594,Rent,0,0.0,0,0.0,0,0,0.0,0,0.0
7884,49,68513.64912813806,Own,1,1886.650231846966,1,36687.580003132534,0,0,0.0,1,3.6116501996171273
7885,58,29837.671307904253,Mortgage,1,1427.0993284422066,1,4406.979475980266,1,0,0.0,1,2590.8914557577277
7886,41,37761.77730068999,Mortgage,1,695.537378926542,0,0.0,0,0,0.0,1,0.0
7887,84,99556.6664308077,Own,1,3399.265436719018,1,73828.56620837392,1,1,16340.979184921007,1,10.82406028751428
7888,34,17419.858232591738,Rent,1,0.0,1,711.1234733179779,0,0,0.0,0,0.0
7889,45,22592.545506276565,Rent,1,220.53844053617604,0,0.0,0,0,0.0,0,0.0
7890,66,57995.75834071006,Mortgage,1,2267.0760643955277,1,3525.076569039127,0,0,0.0,1,2556.818618472969
7891,30,4431.852430019882,Rent,1,0.0,0,0.0,0,0,0.0,0,0.0
7892,27,525.5206015037594,Rent,0,0.0,0,0.0,0,0,0.0,0,0.0
7893,38,52091.638837184255,Mortgage,1,1765.297670266723,1,3278.0642020575906,0,0,0.0,1,0.0
7894,40,7707.457325707022,Rent,0,0.0,0,0.0,0,0,0.0,0,0.0
7895,28,525.5206015037594,Rent,0,0.0,0,0.0,0,0,0.0,0,0.0
7896,28,3315.9380984136405,Rent,0,0.0,0,0.0,0,0,0.0,0,0.0
7897,75,44863.385266791534,Own,1,3449.042048415681,1,79194.83955824486,1,0,0.0,1,0.0
7898,28,16815.705826317495,Rent,1,1891.700380620991,1,2028.7185157089586,0,0,0.0,0,0.0
7899,40,25223.896862590253,Mortgage,1,1166.2769176400993,1,2920.677191065878,0,0,0.0,1,5789.184540398738
7900,64,59423.04753880428,Mortgage,1,2037.4649285486294,1,8091.403636204797,1,0,0.0,1,11.704427328285188
7901,34,5392.342988066268,Rent,1,348.4204934722136,1,1789.0190847393746,0,0,0.0,0,0.0
7902,28,17341.635957588776,Rent,1,998.1704698549314,1,1212.008530191879,0,0,0.0,0,0.0
7903,65,55313.39840931266,Mortgage,1,2250.6727568113442,1,4020.751039876137,1,0,0.0,1,16.423796298571265
7904,55,61635.668054123875,Mortgage,1,3372.4094080196537,1,9479.739936483158,1,0,0.0,1,0.0
7905,33,6129.518507039918,Rent,1,263.7551543086255,0,0.0,0,0,0.0,0,0.0
7906,44,5345.0430293292775,Rent,0,0.0,0,0.0,0,0,0.0,0,0.0
7907,30,7543.884834885073,Rent,0,0.0,1,1866.3843682268339,0,0,0.0,0,0.0
7908,75,92432.18521282385,Own,1,4844.521364384805,1,96758.46639356414,1,1,7474.672306525465,1,31.653486179315564
7909,51,21517.776395264616,Mortgage,1,1298.3110969648935,0,0.0,1,0,0.0,1,27.578810769856744
7910,28,26181.703650495383,Rent,1,551.2692573608686,1,2077.2820212718416,0,0,0.0,0,0.0
7911,42,23274.37723364037,Rent,1,930.8774154081301,1,2551.121692197734,0,0,0.0,0,0.0
7912,36,33765.504690114336,Rent,1,887.1602902662432,1,2302.9427006066594,0,0,0.0,0,0.0
7913,43,26646.735370889844,Mortgage,1,1049.9330968217114,1,2132.6452652787384,0,0,0.0,1,2429.8852704010865
7914,44,19713.718802708543,Rent,1,1449.0701981175594,1,3061.3069130755985,0,0,0.0,0,0.0
7915,47,42626.37733480002,Own,1,2001.579136064838,1,3350.0484812660243,0,0,0.0,0,0.0
7916,40,48947.700698003944,Mortgage,1,1331.9633775679822,1,3115.0297694149417,0,0,0.0,1,0.0
7917,35,10346.233463254357,Rent,1,0.0,1,1971.4082197186647,0,0,0.0,0,0.0
7918,43,21315.95356927877,Rent,1,702.6398014794967,1,1227.1362071448962,0,0,0.0,0,0.0
7919,51,34749.26622727614,Mortgage,1,580.5251062660197,1,8892.653635918063,0,0,0.0,1,2.3853071030584085
7920,30,12441.172155032102,Rent,0,0.0,0,0.0,0,0,0.0,0,0.0
7921,57,25693.299446345452,Rent,1,1366.7328961677922,1,3432.7070307686145,1,0,0.0,1,0.0
7922,53,24461.639299199054,Mortgage,1,1796.0291879305482,1,4550.171817471277,0,0,0.0,1,0.0
7923,60,26523.491649177096,Mortgage,1,2152.898791436816,1,2689.5798461916556,1,0,0.0,1,10.434327306347113
7924,64,32057.309744486523,Own,1,4686.348356748441,1,37997.22013278011,0,0,0.0,1,0.0
7925,80,235920.03423723465,Own,1,9499.636864190115,1,90974.04136587512,1,1,17388.221752540783,1,11.645094190035891
7926,54,77199.59582084152,Own,1,2349.8310103964336,1,38174.55436411368,0,0,0.0,1,0.0
7927,27,4155.590473354929,Rent,1,768.6980000490323,1,1762.2853093058511,0,0,0.0,0,0.0
7928,77,52577.88414705943,Own,1,8111.382742230318,1,45815.492008375324,1,0,0.0,1,14.256557278879985
7929,55,67684.9263568939,Mortgage,1,1427.5653139147173,1,3277.666988680484,1,0,0.0,1,0.0
7930,47,17013.833619215162,Mortgage,1,1331.7332867082648,1,2667.5932718446766,0,0,0.0,1,0.0
7931,28,5324.717694083181,Rent,0,0.0,0,0.0,0,0,0.0,0,0.0
7932,32,24035.35990096766,Rent,1,646.7710160577246,1,3309.728426471588,0,0,0.0,0,0.0
7933,31,70799.11888092867,Rent,1,643.9611947075089,1,2463.267800491837,0,0,0.0,0,0.0
7934,57,64818.26320151471,Mortgage,1,2842.4438598724873,1,4125.0703641451555,1,0,0.0,1,21.03560286692944
7935,85,70741.66831039016,Own,1,6987.330507443242,1,85630.76094606087,1,1,9805.067658733136,1,29.073053864204105
7936,77,118594.1696050346,Own,1,7132.678191172475,1,86485.41679263338,1,1,4477.903346588502,1,0.0
7937,42,23135.00234479083,Mortgage,1,1511.9108902584894,1,3032.6719579867054,0,0,0.0,1,0.6668917748638075
7938,72,54210.249722323126,Own,1,6210.477711701412,1,39017.1515158998,0,0,0.0,1,5904.549777906097
7939,77,140492.34552507516,Own,1,4376.8559114274285,1,94871.9545845143,1,1,9748.655036466707,1,9750.55746965721
7940,31,55575.426590831485,Rent,1,579.7719768594059,1,1842.478105497432,0,0,0.0,0,0.0
7941,42,14927.419863025389,Mortgage,1,349.0981178510111,0,0.0,1,0,0.0,1,0.0
7942,59,27159.25078644311,Mortgage,1,906.5982639440425,1,8672.668404198468,1,0,0.0,1,3973.6735552021205
7943,76,133340.43445392777,Own,1,3508.71277357443,1,91978.03417501278,1,1,11144.86565647883,1,10.927706796435327
7944,53,35013.529312589635,Rent,1,1129.3343909364191,1,3845.13950184502,0,0,0.0,1,8.89048123182782
7945,37,38294.26201397061,Rent,1,359.4301608432793,1,0.0,0,0,0.0,0,0.0
7946,56,43358.40585131571,Mortgage,1,2502.758790129471,1,4021.5782075338566,0,0,0.0,1,2570.7046333262297
7947,55,39842.15119082815,Mortgage,1,2437.3269846609223,1,39011.69110462701,1,0,0.0,1,11.43528703071075
7948,32,6813.709942094043,Rent,0,0.0,0,0.0,0,0,0.0,0,0.0
7949,65,39438.38596382505,Mortgage,1,2541.1537303393493,1,9710.510256400914,1,0,0.0,1,5.146768368398572
7950,70,37576.925014145476,Own,1,4157.9913209304605,1,44263.92138393645,0,1,0.0,1,6.049654547399365
7951,40,27944.78840337519,Mortgage,1,1700.8982702515377,1,1982.8477051673808,0,0,0.0,1,8.384905001605892
7952,39,16008.600084048607,Rent,1,570.819444709992,1,3265.677840022704,0,0,0.0,0,0.0
7953,66,37622.59287527122,Own,1,5279.6628083896885,1,40222.52046733075,0,0,0.0,1,9.269142378459126
7954,55,43521.85551246351,Mortgage,1,547.7456696948614,1,2514.293188052789,0,0,0.0,1,0.0
7955,89,762135.588733052,Own,1,11455.526036893563,1,87196.29526476712,1,1,5432.058379115425,1,24.073222449035622
7956,69,96912.31054984848,Own,1,3904.8654960923163,1,8701.721597910991,1,1,6057.648242061026,1,2.3522029886344074
7957,29,8180.361093639323,Rent,1,248.22487828193766,1,3000.517723646053,0,0,0.0,0,0.0
7958,73,58758.3828260006,Own,1,2135.788952843969,1,8857.119965354117,1,0,0.0,1,4342.0138531847415
7959,57,34393.577452832666,Mortgage,1,1815.0721765350881,1,4859.589174257997,0,0,0.0,1,2.9502565215731704
7960,63,52990.73036439795,Mortgage,1,2043.607745746037,1,2373.0690255098602,1,0,0.0,1,4120.092496775447
7961,30,20255.160483804175,Rent,0,0.0,0,0.0,0,0,0.0,0,0.0
7962,71,15507.611203416147,Rent,1,0.0,1,1130.004063008802,0,0,0.0,0,0.0
7963,41,8828.436150132726,Rent,0,0.0,0,0.0,0,0,0.0,0,0.0
7964,30,525.5206015037594,Rent,0,0.0,0,0.0,0,0,0.0,0,0.0
7965,73,110354.78523365359,Own,1,6478.97253609221,1,44725.19557653525,0,1,4805.301888232183,1,9100.012808651292
7966,46,30950.91430973529,Mortgage,1,1070.0826847497772,1,3052.565735620848,0,0,0.0,0,0.0
7967,68,35098.37721347759,Own,1,2552.1188939981816,1,37071.29522438905,0,0,0.0,1,0.0
7968,75,106936.95174791255,Own,1,6089.778290739779,1,80901.17875157019,1,1,28937.94051883016,1,8.770448247593523
7969,50,40143.762216714065,Mortgage,1,1436.5938123353085,1,2405.2118327233757,0,0,0.0,1,28.282632212460165
7970,75,206018.2929640346,Own,1,5855.181257349972,1,96758.46639356414,1,1,12178.909985120492,1,11122.191262273289
7971,55,21712.790070873998,Mortgage,1,1483.5260826118829,0,0.0,0,0,0.0,1,0.0
7972,31,3112.8380570528116,Rent,0,0.0,0,0.0,0,0,0.0,0,0.0
7973,27,18851.08108686131,Rent,1,210.002312329779,1,2461.733622452893,0,0,0.0,1,0.0
7974,59,27889.86471342561,Rent,1,1597.7572299321969,1,2483.152762562754,0,0,0.0,0,0.0
7975,78,136279.60397432506,Own,1,2728.3753700585,1,38190.49378524929,0,0,0.0,1,8505.894948835448
7976,31,51880.38766778867,Own,1,685.9664443457841,1,2359.3980658486535,0,1,14.840527517011749,1,29.59103709728832
7977,36,24871.752299317523,Rent,1,931.4241804126423,1,3333.642069699604,0,0,0.0,0,0.0
7978,64,60134.30529144799,Mortgage,1,1002.8071806555779,1,8177.329606793637,1,0,0.0,1,9684.979343657891
7979,30,6647.557875867433,Rent,1,989.9401591453512,1,3137.1190269607027,0,0,0.0,0,0.0
7980,91,205538.08160901474,Own,1,28084.426518278062,1,96758.46639356414,1,1,12038.766282999752,1,0.0
7981,73,83258.28830578743,Own,1,3423.98410944094,1,91572.16495772911,1,1,8183.885040866654,1,17.998503935389245
7982,88,810374.0248243996,Own,1,8747.246670680752,1,96758.46639356414,1,1,11161.259275174356,1,19.42058285878908
7983,29,525.5206015037594,Rent,0,0.0,0,0.0,0,0,0.0,0,0.0
7984,90,200575.9579721177,Own,1,3504.3746398259345,1,80575.62220146379,1,1,4178.756099497044,1,10427.176958972468
7985,44,6141.434960732773,Mortgage,1,392.24807394916047,0,0.0,1,0,0.0,0,0.0
7986,72,107376.47635334908,Own,1,8108.718597709716,1,43468.678412789595,0,1,7262.379978459875,1,6783.022296001621
7987,60,45525.92524230621,Mortgage,1,2347.8139306541198,1,3485.198884317366,1,0,0.0,1,6348.809118672655
7988,37,11805.911351325569,Rent,1,327.1788457406552,1,2387.5058785957476,0,0,0.0,0,0.0
7989,56,25340.063553236854,Mortgage,1,1744.0975073228526,1,8740.802954302742,1,0,0.0,1,5838.59275152788
7990,72,107583.37828682155,Own,1,4050.5577487817422,1,96264.19609971624,1,1,9410.565234880462,1,22.107263934400414
7991,56,37227.4620191364,Mortgage,1,2034.9505031617268,1,2469.3899355880453,0,0,0.0,1,0.0
7992,72,62642.885888853874,Own,1,1399.471945403401,1,2995.1692366435923,0,0,0.0,0,0.0
7993,37,8967.067131712258,Rent,1,729.2885400866065,1,2628.4211260028574,0,0,0.0,0,0.0
7994,45,29957.329460117347,Mortgage,1,859.695976700741,1,4514.601952750363,0,0,0.0,1,0.0
7995,42,18403.881246014604,Mortgage,1,1073.3199147956122,1,3160.668933465761,0,0,0.0,0,0.0
7996,74,168926.55190544782,Own,1,6094.9773197757095,1,92065.62842503244,1,1,6421.6242382159135,1,0.0
7997,35,525.5206015037594,Rent,0,0.0,0,0.0,0,0,0.0,0,0.0
7998,53,36060.06752124185,Mortgage,1,1460.0857954243234,1,3308.9511059197703,0,0,0.0,1,5634.798223527267
7999,76,109298.64732042202,Own,1,3730.153313463957,1,96758.46639356414,1,1,15992.68037507981,1,0.0
8000,27,23526.087927499633,Rent,1,387.129985586145,1,2557.060165540276,0,0,0.0,0,0.0
8001,54,43109.349771025896,Mortgage,1,3920.391161551548,1,4319.844527611296,0,0,0.0,1,4096.573716389469
8002,62,62637.99804380922,Mortgage,1,3207.1349308020876,1,8521.02715120863,1,0,0.0,1,7025.168817750052
8003,26,525.5206015037594,Rent,0,0.0,0,0.0,0,0,0.0,0,0.0
8004,37,7413.953096790872,Rent,1,305.78955686664267,1,1634.6266411682373,0,0,0.0,0,0.0
8005,80,824732.0818370343,Own,1,6135.167342050326,1,95911.8946252482,1,1,30565.317926086784,1,10707.810926055932
8006,73,74432.76323343275,Mortgage,1,1236.591552904908,1,3244.773141008345,0,0,0.0,1,0.0
8007,52,19227.07772140727,Mortgage,1,1339.0286386444286,0,0.0,0,0,0.0,1,3315.2643411304816
8008,39,7945.238776960199,Rent,1,530.9575478740551,0,0.0,0,0,0.0,0,0.0
8009,65,46473.5039670625,Mortgage,1,2269.8847932601334,1,9608.357577941679,0,0,0.0,1,18.623745190070476
8010,74,70643.42705774432,Own,1,4542.958298510745,1,9013.382161668169,0,0,0.0,1,7633.544248526476
8011,48,79908.78211959681,Mortgage,1,1444.3390619401512,1,2650.098960987265,0,0,0.0,1,0.0
8012,29,525.5206015037594,Rent,0,0.0,0,0.0,0,0,0.0,0,0.0
8013,77,167760.63256990272,Own,1,5598.080212515295,1,76595.4323924458,0,1,4469.040007704438,1,0.0
8014,68,24262.820664463605,Mortgage,1,1276.5999795792338,0,0.0,1,0,0.0,1,21.079697964863914
8015,60,57211.5306922714,Mortgage,1,2310.7261192536835,1,9371.825453823178,1,0,0.0,1,3.761810578789523
8016,34,43799.12373616815,Rent,1,1411.887959130997,1,3114.592181721431,0,0,0.0,0,0.0
8017,63,31382.657971576085,Mortgage,1,1450.662334664969,1,3384.6048494794804,1,0,0.0,1,6.023547425894088
8018,32,33170.707887567805,Rent,1,679.9019277945712,1,2989.3480172642667,0,0,0.0,0,0.0
8019,58,59798.84439482789,Mortgage,1,1152.4336396634785,1,9580.299373693912,1,0,0.0,1,3718.754593267526
8020,42,44755.93286874155,Rent,1,1127.7066148338058,1,5104.415901992733,0,0,0.0,1,0.0
8021,33,26406.481431232634,Own,1,2034.102193072922,1,36606.727525925184,0,0,0.0,0,0.0
8022,38,9367.86822466869,Mortgage,1,1166.2393867652158,1,3682.1389137318397,0,0,0.0,0,0.0
8023,73,107187.40206631656,Own,1,1281.903721436997,1,47470.23847199894,0,0,0.0,1,0.0
8024,61,42357.49972327881,Mortgage,1,1959.4932848744365,1,8383.125596709082,1,0,0.0,1,0.0
8025,66,73924.06300796702,Own,1,2085.7042472559638,1,37360.088768325746,0,0,0.0,1,6425.168924866812
8026,37,10037.946908375652,Mortgage,1,1150.1142315956936,1,2619.523325630484,1,0,0.0,1,22.008977122555734
8027,65,41581.329853277544,Mortgage,1,1882.0705179250328,1,9101.056091954972,1,0,0.0,1,0.0
8028,78,130319.15414920059,Own,1,4130.165215024836,1,82960.56238115922,1,1,20654.40053543361,1,19.595595541540177
8029,51,49141.909131667104,Own,1,2206.8048401147335,1,3945.9145313404983,0,0,0.0,1,0.0
8030,76,50721.67322146336,Own,1,2584.6795279512703,1,38586.09036282318,0,0,0.0,1,3675.934105303726
8031,70,65776.09865985693,Mortgage,1,4175.967037399863,1,3623.348298948716,1,0,0.0,1,0.0
8032,48,21484.919910115437,Rent,1,1060.8835422453235,1,4128.808897087821,0,0,0.0,0,0.0
8033,28,16551.78327179472,Rent,1,755.7984587844534,1,1294.669654821712,0,0,0.0,0,0.0
8034,91,109764.02394619219,Own,1,38572.994649617365,1,96758.46639356414,1,1,21765.71688765408,1,2.2126443566118565
8035,38,2205.8159066286735,Rent,0,0.0,0,0.0,0,0,0.0,0,0.0
8036,37,16721.19425146135,Rent,1,719.598156847362,1,3489.142231844614,0,0,0.0,0,0.0
8037,34,30145.339154083194,Rent,1,874.3068063200252,1,3020.9294697311943,0,0,0.0,0,0.0
8038,38,525.5206015037594,Rent,0,0.0,0,0.0,0,0,0.0,0,0.0
8039,74,188307.01653786303,Own,1,7749.272460415211,1,96322.60654057904,1,1,5188.743082873769,1,1.7682935040399699
8040,31,5125.2471768734395,Rent,1,68.59289090727952,0,0.0,0,0,0.0,0,0.0
8041,90,218282.00528236528,Own,1,3870.4566336316857,1,94466.76339092494,1,1,7863.496255113703,1,27.08992189090014
8042,45,29693.532160473027,Rent,1,950.4053908329747,1,2587.716687483111,0,0,0.0,0,0.0
8043,59,68053.05135448647,Mortgage,1,1628.49536094191,1,8450.44286861291,1,0,0.0,1,2458.521516702733
8044,51,68763.61177299323,Mortgage,1,1353.2612034043855,1,3751.954475958207,1,0,0.0,1,2551.0842479011194
8045,42,13262.000215808264,Rent,1,649.1344097941751,1,477.6229829138208,0,0,0.0,0,0.0
8046,28,6351.080921490575,Rent,1,807.4201011674937,1,289.51619175300516,0,0,0.0,0,0.0
8047,28,1182.093811355544,Rent,1,0.0,1,677.2588946443673,0,0,0.0,0,0.0
8048,37,7899.245446917603,Rent,1,605.203784236394,0,0.0,0,0,0.0,1,0.0
8049,80,135301.56825455723,Own,1,4725.948994765838,1,94142.50986959523,1,1,8067.057062206641,1,6255.255723668683
8050,45,42145.02322449654,Mortgage,1,1209.083155938432,1,4750.241914048621,0,0,0.0,1,2399.799059421659
8051,77,54377.844817190766,Own,1,2468.429422041392,1,8800.907910858275,0,0,0.0,1,40.945544840437016
8052,31,18845.612990956244,Rent,1,580.0301419956106,1,2294.0826168498097,0,0,0.0,0,0.0
8053,69,61924.67431309908,Own,1,2283.24010394899,1,38716.468663375315,0,0,0.0,1,6332.526683087549
8054,67,46693.3370905914,Mortgage,1,804.1424441635168,1,3438.4650152821296,1,0,0.0,1,2666.0379944291963
8055,67,141840.4997536988,Own,1,4506.73634898468,1,36675.80580597859,0,0,0.0,1,3.8952312913272236
8056,55,39315.492534600075,Mortgage,1,4981.549928701304,1,8982.685493393028,0,0,0.0,1,1.283107251608381
8057,27,18998.093247569806,Rent,1,604.5210178322187,1,2699.2583699625598,0,0,0.0,0,0.0
8058,47,34099.44541489051,Rent,1,3264.140833089398,1,2846.1296026099294,1,1,0.0,0,0.0
8059,72,99945.1329022398,Own,1,4706.634470385948,1,42596.501092848055,0,1,10.857259501176244,1,0.0
8060,29,525.5206015037594,Rent,0,0.0,0,0.0,0,0,0.0,0,0.0
8061,40,19808.750488375535,Rent,1,512.4573975693029,1,1171.9528857839168,0,0,0.0,0,0.0
8062,74,132981.64870970126,Own,1,7389.654769558681,1,82860.63604436081,1,1,5071.386017394213,1,29.82032760154323
8063,75,49433.647172915735,Own,1,3591.580291764334,1,48358.833007200046,0,1,3942.36397759426,1,1.878927368838014
8064,88,677369.7354964314,Own,1,32199.81101926512,1,96758.46639356414,1,1,19415.367094112586,1,0.0
8065,61,36540.761318480974,Mortgage,1,1541.629432792024,1,3454.978754473251,0,0,0.0,1,2627.204248054965
8066,31,525.5206015037594,Rent,0,0.0,0,0.0,0,0,0.0,0,0.0
8067,40,85100.4826775485,Mortgage,1,1555.9121139622237,1,36951.15900093105,0,0,0.0,1,6469.450152494613
8068,34,525.5206015037594,Rent,0,0.0,0,0.0,0,0,0.0,0,0.0
8069,67,61819.328949969364,Own,1,2192.5600113614264,1,9975.31705467055,1,0,0.0,1,0.0
8070,53,73787.56295583896,Mortgage,1,2104.2442685978217,1,2169.3785989287085,1,0,0.0,1,0.0
8071,59,69913.69261205246,Mortgage,1,2041.7660532279367,1,9617.771236998822,0,0,0.0,1,4735.77132083018
8072,31,16971.028738836947,Rent,1,1107.0082486800848,1,2502.975595792237,0,0,0.0,0,0.0
8073,67,46674.876274957176,Mortgage,1,2485.5914883656674,1,3208.7800357314127,0,0,0.0,1,2339.873156837038
8074,58,58914.82994663435,Mortgage,1,3367.654947478225,1,8708.899113857291,1,0,0.0,1,0.7567223329065685
8075,58,64687.93091900495,Mortgage,1,2380.2256501296447,1,3592.256028688973,1,0,0.0,1,0.0
8076,28,14910.419752625552,Rent,1,411.3525008914028,0,0.0,0,0,0.0,0,0.0
8077,40,25718.9325977101,Rent,1,581.7650436269262,1,1901.9499793893572,0,0,0.0,0,0.0
8078,88,205525.91831607663,Own,1,9678.155450122524,1,96758.46639356414,1,1,13247.566957382585,1,5.781527015300876
8079,49,55151.18957525624,Mortgage,1,1726.7679069336573,1,2139.3692673911837,1,0,0.0,1,2.6035618178166375
8080,37,6485.118958028352,Rent,1,478.4772094168406,1,1948.033456354386,0,0,0.0,0,0.0
8081,61,225151.1243193036,Own,1,3915.8852398551944,1,83555.42607712185,1,1,16963.492216804665,1,9228.124792891707
8082,39,9425.427950620302,Rent,1,478.47824373229014,1,1972.2321109868133,0,0,0.0,0,0.0
8083,69,58375.01789429263,Own,1,9651.575888715692,1,42167.17988644835,0,0,0.0,1,13.512533602573907
8084,47,43927.781169283866,Mortgage,1,1434.0322562448519,1,10249.55723705862,1,0,0.0,1,0.0
8085,69,43331.095928213836,Own,1,1989.4557791847708,1,9298.787534817637,0,0,0.0,1,5.685738825547375
8086,47,40913.81011152876,Mortgage,1,845.4668667390846,1,4264.716203610704,0,0,0.0,0,0.0
8087,43,24625.33490348021,Rent,1,477.97166557697625,1,2440.6379731550855,0,0,0.0,0,0.0
8088,42,12523.351840861054,Mortgage,1,690.4224378376801,0,0.0,1,0,0.0,1,0.0
8089,30,13194.636397671977,Rent,1,394.8364335856951,1,1801.740972058593,0,0,0.0,0,0.0
8090,50,48433.946241717975,Mortgage,1,2157.0702939333914,1,5542.451483705684,0,0,0.0,1,9.695686355892438
8091,35,19338.623036747213,Rent,1,1054.7488991066316,1,2460.1363308043083,0,0,0.0,0,0.0
8092,36,27557.960313737804,Rent,1,857.4006247786215,1,3206.363830627607,0,0,0.0,0,0.0
8093,36,31828.92308249747,Rent,1,1404.4939563287892,0,0.0,0,0,0.0,0,0.0
8094,45,25026.976884591964,Rent,1,1124.1586468750595,1,1253.7102327205744,0,0,0.0,0,0.0
8095,63,57604.98506595754,Mortgage,1,3947.6539796555294,1,8656.927757874384,1,0,0.0,1,6228.702796796612
8096,77,90612.07162396293,Own,1,8575.775463270713,1,96636.47163205784,1,1,12568.102070144858,1,19299.221687831618
8097,56,58911.69164728695,Mortgage,1,1285.1496101807384,1,2413.183116109337,1,0,0.0,1,0.0
8098,53,16831.824906024893,Mortgage,1,1536.6182737707973,0,0.0,1,0,0.0,1,0.0
8099,72,113297.08437990004,Own,1,3831.441043632607,1,44411.16164132318,0,1,15281.77144394804,1,0.0
8100,70,35815.20574479604,Rent,1,2064.188765189024,1,35145.25276951447,0,0,0.0,0,0.0
8101,35,11955.837412063287,Rent,1,584.0045138863966,0,0.0,0,0,0.0,0,0.0
8102,37,12942.652473234622,Mortgage,0,0.0,0,0.0,0,0,0.0,0,0.0
8103,39,12961.700215979536,Rent,1,596.5014382182884,1,2323.363896489091,0,0,0.0,0,0.0
8104,29,28637.906257549897,Rent,1,1215.848701949472,1,1174.159585892805,0,0,0.0,0,0.0
8105,47,29486.012810505832,Mortgage,1,1253.9364522707508,1,4699.842259415311,0,0,0.0,1,0.0
8106,88,84163.72522161038,Own,1,5223.384447877603,1,96236.98660362182,1,1,10907.810065587335,1,11.375607459584858
8107,63,41694.32621144059,Mortgage,1,1849.6349961992312,1,3177.6212720075227,1,0,0.0,1,0.0
8108,44,62148.98760071724,Mortgage,1,1467.43946319014,1,3338.221749562161,0,0,0.0,1,6.835457928497922
8109,58,44052.319415540915,Rent,1,779.6150200517025,1,2443.7242171704233,1,0,0.0,0,0.0
8110,43,35676.895779065206,Mortgage,1,2210.806362544879,1,4166.826788127748,0,0,0.0,1,0.03553677152478461
8111,42,48338.76648939103,Mortgage,1,837.0459912006521,1,2877.6714165110934,0,0,0.0,0,0.0
8112,41,6983.362611773895,Rent,1,37.15295194701332,1,329.35101899995016,0,0,0.0,0,0.0
8113,45,57023.12271942586,Mortgage,1,1732.8023104225977,1,9147.672070090095,1,0,0.0,1,2.8678810914002826
8114,30,4393.420124688833,Rent,1,0.0,0,0.0,0,0,0.0,0,0.0
8115,35,24799.34536517271,Mortgage,1,1131.7612791553458,1,1948.6987013906507,0,0,0.0,0,0.0
8116,85,887832.4726008002,Own,1,29340.85958483574,1,96758.46639356414,1,1,22097.115870161477,1,21.419604686866435
8117,45,58353.330466656094,Mortgage,1,1495.8551228796964,1,2820.6093558892835,1,0,0.0,1,2847.5921840159485
8118,68,22436.475160425704,Mortgage,1,1447.5184294245523,1,3933.5506097001507,1,0,0.0,1,5.373466132959989
8119,58,46515.90546196832,Mortgage,1,2467.3653189571723,1,8894.649162521066,1,0,0.0,1,0.0
8120,90,223780.32554546912,Own,1,4008.1491187351976,1,95610.65674221379,1,1,10917.639302393116,1,17.945605837885292
8121,31,2876.2476704450546,Rent,0,0.0,0,0.0,0,0,0.0,0,0.0
8122,62,82026.09438824456,Own,1,3535.301506637136,1,1443.8409359404986,0,0,0.0,1,5.98370364008109
8123,63,64507.208408225044,Mortgage,1,3155.066336949053,1,2797.722774571162,1,0,0.0,1,4.437791984566366
8124,81,120192.95720413957,Own,1,2035.1359601627757,1,44581.86274522808,0,0,0.0,1,2.7591945348128495
8125,36,34257.722414284806,Rent,1,807.8755176478929,1,3044.525360651291,0,0,0.0,0,0.0
8126,47,36801.69955864345,Mortgage,1,1594.167338291973,1,3382.2367440738053,0,0,0.0,1,8.145433776283824
8127,46,42105.8693123814,Mortgage,1,1682.5589318459379,1,3535.047829596169,1,0,0.0,1,9.125368729667056
8128,35,21038.035184555527,Rent,1,501.66874863386863,1,2983.947331655604,0,0,0.0,0,0.0
8129,44,25997.025576718792,Mortgage,1,450.6709092864124,0,0.0,1,0,0.0,1,0.0
8130,43,34616.433779868355,Mortgage,1,1289.778999269782,1,4279.006136490541,0,0,0.0,1,4.087475755622981
8131,43,38542.858410969755,Mortgage,1,2037.1938467785133,1,3119.665918139167,0,0,0.0,1,0.0
8132,85,68323.28961455116,Own,1,11638.07481822201,1,96758.46639356414,1,1,9486.199178850587,1,8675.684851385626
8133,59,47339.15838919348,Mortgage,1,718.7950404526655,1,2108.8405541004045,1,0,0.0,1,5239.337097995175
8134,49,48107.664185084446,Mortgage,1,1661.4687669999316,1,5944.66796516821,1,0,0.0,1,2492.838830302281
8135,56,38066.05742902209,Mortgage,1,2384.694984414457,1,4811.937548267413,0,0,0.0,1,3902.4607023465105
8136,34,17548.30805412267,Rent,1,248.92543491184495,1,2545.767910692411,0,0,0.0,0,0.0
8137,27,17517.33015623123,Rent,1,1151.7371611916292,1,2620.9695354834585,0,0,0.0,0,0.0
8138,55,36466.48613327844,Mortgage,1,2243.288127134744,1,4796.633199191817,0,0,0.0,1,2386.6035018973434
8139,87,732062.9228654373,Own,1,43387.089955184114,1,96758.46639356414,1,1,11568.401843648235,1,3.200737253550847
8140,34,525.5206015037594,Rent,0,0.0,0,0.0,0,0,0.0,0,0.0
8141,41,21066.64111145206,Rent,1,1229.263596018764,1,2435.574238347621,0,0,0.0,0,0.0
8142,89,210028.81066937093,Own,1,5110.817399822386,1,94812.21410430824,1,1,11350.99880889367,1,17.820513531901156
8143,73,71387.24540544533,Own,1,9172.53148283327,1,37283.589693617905,0,0,0.0,1,0.0
8144,76,88305.04063113625,Own,1,3554.095175832575,1,96758.46639356414,1,1,5158.636716512516,1,6292.234655151704
8145,31,5966.886788877931,Rent,0,0.0,1,837.5179839017562,0,0,0.0,0,0.0
8146,42,48357.37264006209,Mortgage,1,1354.1819510175646,1,3669.0337233210644,0,0,0.0,1,0.0
8147,67,46693.00940595453,Own,1,1812.1761230221941,1,2809.329102973743,0,0,0.0,1,0.0
8148,49,47772.38768594643,Mortgage,1,1453.5055200763998,1,2738.464222380602,0,0,0.0,1,2686.214367616012
8149,58,25587.24742431617,Mortgage,1,1615.8861305163382,1,4875.537121206478,0,0,0.0,1,9.876416182358472
8150,63,53236.970374226796,Mortgage,1,2164.8731916180327,1,4394.28538623994,1,1,18.697624979634767,1,1.4303579951177983
8151,27,525.5206015037594,Rent,0,0.0,0,0.0,0,0,0.0,0,0.0
8152,41,525.5206015037594,Rent,0,0.0,0,0.0,0,0,0.0,0,0.0
8153,27,1229.936166181673,Rent,0,0.0,0,0.0,0,0,0.0,0,0.0
8154,88,645966.3993013081,Own,1,9126.440558251465,1,96758.46639356414,1,1,5129.657290699332,1,6.849053917027717
8155,61,106053.02060294032,Own,1,3977.518616327913,1,8171.159708776815,0,0,0.0,1,10.774117883223374
8156,43,30286.029620269503,Rent,1,833.8025109343149,1,1544.026399250763,0,0,0.0,0,0.0
8157,28,21836.65012691108,Rent,1,1041.6192101345823,1,3115.5568427801177,0,0,0.0,0,0.0
8158,91,252694.09373377962,Own,1,5311.361285954746,1,92840.57382217472,1,1,4743.643129400717,1,4.505554655729157
8159,33,3770.7331540893992,Rent,0,0.0,0,0.0,0,0,0.0,0,0.0
8160,74,34760.8781292994,Own,1,1363.11734886471,0,0.0,0,0,0.0,1,0.0
8161,49,26269.51050537116,Mortgage,1,1507.8006388695042,1,3539.040288478679,0,0,0.0,0,0.0
8162,54,16073.749316655822,Mortgage,1,798.703562863827,0,0.0,0,0,0.0,1,13.420052044539947
8163,41,27048.096862375205,Mortgage,1,1330.442461027241,1,2688.5889740163966,0,0,0.0,1,0.0
8164,70,131850.3611741462,Own,1,6930.396093597685,1,93400.70679684027,1,1,16947.394831162965,1,6.272440423958287
8165,82,134082.317028658,Own,1,4115.959287025787,1,76705.32678848962,1,1,9486.59933287287,1,1.9529777716797614
8166,48,24589.991061097575,Mortgage,1,2420.8461587946836,1,4545.943826414938,1,0,0.0,1,21.01379561822343
8167,57,38634.96212499281,Mortgage,1,2609.0663741613716,1,8368.568627921011,1,0,0.0,1,2680.693413466016
8168,27,17098.72397886111,Rent,1,322.91244227065965,0,0.0,0,0,0.0,0,0.0
8169,30,8819.774072974704,Rent,0,0.0,0,0.0,0,0,0.0,0,0.0
8170,34,34160.23656540513,Rent,1,5871.100356820764,1,2681.5568073465683,0,0,0.0,1,8.673957680201488
8171,59,34460.37962066703,Mortgage,1,1557.248778154852,1,4729.545616403218,0,0,0.0,1,10.924536835489358
8172,41,57687.73893231502,Rent,1,698.156176989163,1,2311.022783118603,0,0,0.0,0,0.0
8173,47,37478.901430732556,Own,1,712.6370070088792,1,3132.009238761577,0,0,0.0,0,0.0
8174,36,12690.262622816208,Rent,1,555.1049718776765,1,786.7345433405319,0,0,0.0,0,0.0
8175,87,68485.12053207272,Own,1,3758.5018320318254,1,85715.62046264308,1,1,7783.222862218229,1,4.824893177247595
8176,73,42497.17410119813,Own,1,1608.9851999889868,1,4603.820179058257,0,0,0.0,1,1.045768378213704
8177,47,23341.523430435514,Own,1,1710.2953458842555,1,37664.035139965934,0,0,0.0,1,0.0
8178,43,24595.400911177487,Mortgage,1,1551.390770071107,1,5276.053466876185,0,0,0.0,1,15.111976146280472
8179,40,13578.121756808394,Rent,1,669.4437130933943,1,1583.5684437271552,0,0,0.0,1,2576.753058145601
8180,51,48491.97247990871,Mortgage,1,1785.3500286734152,0,0.0,1,0,0.0,1,0.6501611507780045
8181,42,18443.362475785434,Mortgage,0,0.0,0,0.0,0,0,0.0,0,0.0
8182,63,41032.449224970354,Mortgage,1,5536.629199386776,1,8852.101098948555,1,0,0.0,1,28.013912440342867
8183,73,33113.2084888856,Own,1,1653.0712318517715,1,45669.34234705009,0,0,0.0,1,0.0
8184,46,5897.125592522412,Rent,1,258.4819777319193,1,2298.342891066419,0,0,0.0,0,0.0
8185,35,6731.515447806554,Rent,1,679.3070634276717,1,3188.578070547679,0,0,0.0,0,0.0
8186,40,46290.39032280965,Own,1,1685.0512703385712,1,1725.223572207829,1,0,0.0,1,9970.198952933732
8187,55,24495.29303726352,Mortgage,1,889.7540194281476,0,0.0,1,0,0.0,1,0.0
8188,27,28501.303744427925,Mortgage,1,2219.768717256242,1,2766.0822321309092,0,0,0.0,1,4.992470569416009
8189,49,29493.72830776525,Mortgage,1,1012.8249614386252,1,3745.2641114453627,0,0,0.0,1,5.997665585883707
8190,37,35013.47644492876,Rent,1,1239.7440897056642,1,1377.593442430247,0,0,0.0,0,0.0
8191,41,24249.145468611343,Mortgage,1,633.5936599193867,1,3220.687791974574,0,0,0.0,1,2591.7615931525984
8192,74,98829.01231538224,Own,1,29446.296929230804,1,96084.67514318955,1,1,15398.50508614523,1,6.189332077988667
8193,29,525.5206015037594,Rent,0,0.0,0,0.0,0,0,0.0,0,0.0
8194,31,9952.374343370262,Rent,1,0.0,0,0.0,0,0,0.0,0,0.0
8195,85,865007.0814685692,Own,1,39778.87351051421,1,81916.40877219805,1,1,10839.323809608084,1,0.0
8196,44,26716.985654990633,Mortgage,1,1330.973803649604,1,1638.772090199582,0,0,0.0,1,17.396796086290482
8197,63,31598.116623629296,Mortgage,1,1653.5988290481534,1,9319.648936655934,1,0,0.0,1,17.78611454950704
8198,67,27153.143040695573,Rent,1,853.9214646551558,1,2422.704212235355,0,0,0.0,1,7.9862073188184635
8199,72,40672.96791028716,Own,1,2573.261612608651,1,9494.487011871532,1,0,0.0,1,0.0
8200,34,25005.36873032991,Rent,1,422.92728867222627,1,2151.7491255053683,0,0,0.0,0,0.0
8201,30,20422.389200447273,Rent,1,565.1936847724731,0,0.0,0,0,0.0,0,0.0
8202,62,62832.90855397578,Mortgage,1,1742.745423398586,1,8890.756797842852,1,0,0.0,1,3568.152380005654
8203,60,37407.785241358804,Mortgage,1,1136.0542793083296,1,3305.542189264104,1,0,0.0,1,14.38740477612042
8204,26,525.5206015037594,Rent,0,0.0,0,0.0,0,0,0.0,0,0.0
8205,27,17696.026854676937,Rent,0,0.0,0,0.0,0,0,0.0,0,0.0
8206,36,17023.13438373805,Own,1,539.6012629821068,1,1867.5157227900368,0,0,0.0,1,0.0
8207,69,28497.027957460432,Mortgage,1,1157.2173075371247,0,0.0,1,0,0.0,1,2544.094645123234
8208,29,4416.194953194017,Rent,1,787.7531765439549,1,2101.5475314956834,0,0,0.0,0,0.0
8209,28,12669.707320919899,Rent,1,452.38202166238864,1,851.2716465334106,0,0,0.0,0,0.0
8210,66,68095.03335367206,Mortgage,1,2196.867722561431,1,9329.013409502559,1,0,0.0,1,5.327138745723861
8211,40,44189.29831825977,Mortgage,1,996.5694899104286,1,1618.5844261689256,1,0,0.0,1,2511.5583551218183
8212,29,525.5206015037594,Rent,0,0.0,0,0.0,0,0,0.0,0,0.0
8213,46,43283.809785947575,Mortgage,1,1448.0018389137963,0,0.0,0,0,0.0,1,0.0
8214,89,743857.7112331525,Own,1,6823.898765349521,1,96103.83484682401,1,1,11388.734727241066,1,10006.71905094916
8215,78,75394.46685568978,Own,1,2316.1650231621925,1,45376.94697423596,0,0,0.0,1,15.724629672277954
8216,53,21389.96691253204,Mortgage,1,1153.4298332007338,0,0.0,1,0,0.0,1,0.0
8217,28,5872.488963308686,Rent,1,745.3389733528672,1,2579.987075190387,0,0,0.0,0,0.0
8218,42,8466.789782994376,Mortgage,1,514.9608546833655,0,0.0,0,0,0.0,0,0.0
8219,57,30501.595337330953,Mortgage,1,2255.685056840832,1,4133.757739834311,0,0,0.0,1,6.5675176303529685
8220,42,4223.147241922043,Rent,0,0.0,0,0.0,0,0,0.0,0,0.0
8221,28,525.5206015037594,Rent,0,0.0,0,0.0,0,0,0.0,0,0.0
8222,59,58650.02632793352,Mortgage,1,2215.3201980656854,1,8964.005433608885,1,0,0.0,1,1.4154837844172348
8223,30,5132.150822170743,Rent,1,667.8954758488504,0,0.0,0,0,0.0,0,0.0
8224,79,101418.61754172671,Own,1,7055.289715400437,1,96218.34984315069,1,1,11198.813069741158,1,8.41758834025998
8225,64,35731.51542114671,Mortgage,1,1297.0231673671283,1,2732.989409894897,1,0,0.0,1,5.874660387793403
8226,52,57348.98029484642,Mortgage,1,2073.3285759676396,1,3468.3881777739234,1,0,0.0,1,6.782342058882235
8227,29,17400.67666622062,Rent,0,0.0,1,1655.0972473046281,0,0,0.0,0,0.0
8228,36,31227.18561179716,Rent,1,1285.8927215034266,1,3159.15613817981,0,0,0.0,0,0.0
8229,59,44152.449029540956,Mortgage,1,1353.9997464828045,1,7601.296935014698,1,0,0.0,1,0.0
8230,75,123051.62456573575,Own,1,2206.23671048329,1,37640.33793746706,0,0,0.0,1,4.900464605649054
8231,71,85450.04040899426,Own,1,5813.051604331481,1,81963.52460594861,1,1,12461.912274942479,1,14.072969881807568
8232,32,10004.962954338287,Rent,0,0.0,0,0.0,0,0,0.0,0,0.0
8233,27,525.5206015037594,Rent,0,0.0,0,0.0,0,0,0.0,0,0.0
8234,39,19036.64948975818,Rent,1,579.6895566940127,1,1962.364602766203,0,0,0.0,0,0.0
8235,50,36564.42663893857,Mortgage,1,655.4187649960296,1,3451.3175673166807,0,0,0.0,1,3542.5795902564196
8236,36,9338.924366554384,Rent,0,0.0,1,314.3113562173173,0,0,0.0,0,0.0
8237,61,43233.83249603291,Mortgage,1,2229.476319896009,1,4826.634535189176,0,0,0.0,1,0.0
8238,62,37900.66901481266,Mortgage,1,1369.3579592268504,1,9036.522171608029,1,0,0.0,1,0.0
8239,74,118054.18695152915,Own,1,4405.402690526459,1,92653.21065368039,1,1,7486.892723831606,1,6576.797413325529
8240,75,200663.0945634983,Own,1,7717.725776820807,1,85437.56985457968,1,1,5192.608352407614,1,0.0
8241,38,17090.681552213784,Rent,1,353.1315934817708,1,996.3122856024954,0,0,0.0,0,0.0
8242,32,15487.525707125953,Rent,1,499.06100297062267,1,2870.7176077623762,0,0,0.0,0,0.0
8243,31,19366.39345962873,Rent,1,497.23954391211566,0,0.0,0,0,0.0,0,0.0
8244,87,196342.72045027988,Own,1,11953.65820714095,0,0.0,1,1,7093.873999500493,1,4.404669096684457
8245,71,40534.60201506181,Mortgage,1,1592.0151347045735,1,2925.3770741893472,0,0,0.0,1,0.0
8246,44,15977.541955525809,Mortgage,1,969.8621203932648,0,0.0,0,0,0.0,0,0.0
8247,27,8659.696832995265,Rent,0,0.0,0,0.0,0,0,0.0,0,0.0
8248,28,14220.938358711699,Rent,1,380.2928944978668,1,2990.324450333203,0,0,0.0,0,0.0
8249,29,12411.364470169836,Rent,1,912.1045936929935,1,326.3806097260954,0,0,0.0,0,0.0
8250,53,34945.008333410195,Mortgage,1,1133.3803670081832,1,3422.0717552584106,1,0,0.0,1,12.799027058192099
8251,59,49661.08484755328,Mortgage,1,2298.9575267336195,1,3760.915550885674,1,0,0.0,1,3985.316182532049
8252,52,51832.43810899779,Mortgage,1,1470.9014647590948,1,5103.199154370803,0,0,0.0,1,4518.399004324096
8253,78,124694.24047752924,Own,1,5492.683239709346,1,44520.552453202814,0,1,11448.476924030358,1,0.0
8254,75,821421.3058159635,Own,1,3997.54611943062,1,82366.55509989537,1,1,4313.932095295676,1,26.926313458046263
8255,45,21944.67318614351,Rent,1,1010.5998238360984,1,2773.428564324284,0,0,0.0,0,0.0
8256,43,22139.245007197012,Mortgage,1,512.8616671507225,0,0.0,0,0,0.0,1,0.0
8257,51,18346.186257518413,Mortgage,1,1385.8195033324325,1,3486.3028781536204,0,0,0.0,0,0.0
8258,73,32568.127085821576,Own,1,6543.274712866008,1,9540.121699818237,0,1,10246.840088226865,1,6634.6024628664245
8259,27,16783.887833706725,Rent,1,577.2742232562508,1,790.8599891513345,0,0,0.0,0,0.0
8260,53,29091.419681010935,Mortgage,1,473.37496085613805,0,0.0,0,0,0.0,1,0.0
8261,28,16598.540471490156,Rent,1,804.51031322908,1,3109.496280815647,0,0,0.0,0,0.0
8262,72,54073.046915636965,Own,1,2729.763183746486,1,35960.53887824865,0,1,0.0,1,5315.105267406511
8263,72,57231.557608197356,Own,1,881.6334121291876,1,37132.78495174122,0,0,0.0,1,6.804097743157194
8264,54,40385.813638121705,Mortgage,1,1909.2826806876826,1,2380.9234624972073,0,0,0.0,1,6.1601826550511944
8265,58,44677.973685301884,Mortgage,1,1172.41354075408,0,0.0,0,0,0.0,1,0.0
8266,65,46864.6013676806,Own,1,5401.087929347537,1,37345.823057882284,0,0,0.0,1,3.7250443885095876
8267,29,21994.738409360383,Rent,1,351.74070516897166,1,1212.0884511052166,0,0,0.0,0,0.0
8268,91,126454.45691299353,Own,1,5397.466062792607,1,77236.00019471004,1,1,17501.45024540596,1,16.396563270217047
8269,30,525.5206015037594,Rent,0,0.0,0,0.0,0,0,0.0,0,0.0
8270,61,59787.332762675884,Mortgage,1,2024.3619744893163,1,10258.243091931305,1,0,0.0,1,0.0
8271,61,55980.47129544978,Own,1,2804.182199673293,1,35190.423002004005,0,0,0.0,1,0.0
8272,82,110779.7673118417,Own,1,44917.147044864214,1,95660.13093965645,1,1,12092.970313252106,1,14.599772134478677
8273,70,43267.61309422993,Own,1,1715.1868297023602,1,39861.87558503407,0,0,0.0,1,0.0
8274,35,16012.789571185725,Rent,1,469.6949255904207,1,964.2763231773229,0,0,0.0,0,0.0
8275,70,98611.14134640156,Own,1,4191.370354325835,1,40051.93774692286,0,1,4294.410751903557,1,4110.756608920235
8276,89,99115.15246785819,Own,1,4919.93450860709,1,82431.27139542086,1,1,4318.1601741729555,1,22.340391232826185
8277,69,26525.366307854503,Rent,1,801.8316874056707,1,2183.1825972506745,0,0,0.0,0,0.0
8278,90,1028995.0596992482,Own,1,12208.164942680303,1,75481.96346504576,1,1,3943.0458361831534,1,0.0
8279,76,38950.31212689933,Own,1,3747.942444093811,1,44931.760623482645,0,1,4472.829451746936,1,5448.502714153839
8280,44,22167.12730208761,Own,1,831.4051117876513,1,38580.28033853725,0,0,0.0,1,2285.4135406391238
8281,73,26079.253063881722,Own,1,1981.517269560929,1,35189.581067263396,0,0,0.0,1,7.5524743585702225
8282,46,17564.93465144971,Rent,0,0.0,1,1183.2507047460017,0,0,0.0,0,0.0
8283,57,67867.90707101126,Own,1,3516.5046619175314,1,39607.95211472042,0,0,0.0,1,2623.9551000672186
8284,38,15339.19562074795,Rent,1,170.20226755772444,1,1162.5690301445823,0,0,0.0,0,0.0
8285,56,53359.19105749242,Mortgage,1,2477.460301900781,1,9534.690732943523,1,0,0.0,1,2929.399811795267
8286,42,10169.292128355253,Rent,0,0.0,0,0.0,0,0,0.0,0,0.0
8287,70,44838.66361372772,Own,1,2327.68408787891,1,38463.72481719415,0,0,0.0,1,0.0
8288,31,690.047642688467,Rent,1,391.59926264360007,1,988.8796406620927,0,0,0.0,0,0.0
8289,31,6824.560186772274,Rent,0,0.0,1,504.0450759822104,0,0,0.0,0,0.0
8290,78,80053.17937731977,Own,1,4299.309033827991,1,42697.789370614904,0,1,4264.562515647218,1,6078.016570957401
8291,56,46330.80169366562,Mortgage,1,2249.4041760364967,1,7874.783202800641,1,0,0.0,1,9.692209010862317
8292,42,14058.371100898636,Rent,1,959.1563053494036,1,1034.8557785063172,0,0,0.0,0,0.0
8293,66,110265.14599191176,Own,1,2656.2740790644652,1,4391.328772290597,0,0,0.0,1,7.350893978813169
8294,58,56594.59935876152,Mortgage,1,1888.9961793070909,1,4556.160459810627,0,0,0.0,1,4521.224768714237
8295,41,8963.22912769393,Mortgage,1,576.2352681631246,0,0.0,0,0,0.0,0,0.0
8296,26,525.5206015037594,Rent,0,0.0,0,0.0,0,0,0.0,0,0.0
8297,86,181190.35739038186,Own,1,37154.28892323174,1,96758.46639356414,1,1,11214.416434999343,1,0.9059297087773578
8298,77,49290.97062416801,Own,1,2023.394452598016,1,35942.741161624894,0,0,0.0,1,0.0
8299,90,816315.1993542586,Own,1,23075.559059264797,1,96758.46639356414,1,1,17952.08241487733,1,11204.939034641828
8300,66,55901.41393434413,Own,1,2780.0245009760138,1,9662.15079147836,1,0,0.0,1,6.8313347765157655
8301,31,7229.091269108298,Rent,1,0.0,1,714.7431825321823,0,0,0.0,0,0.0
8302,54,12754.782570224088,Mortgage,1,0.0,0,0.0,0,0,0.0,1,4128.863462385438
8303,29,15188.196527490203,Rent,1,0.0,1,1263.784866242624,0,0,0.0,0,0.0
8304,27,525.5206015037594,Rent,0,0.0,0,0.0,0,0,0.0,0,0.0
8305,61,46699.253369675236,Mortgage,1,1958.0715569380513,1,3951.123278000788,1,0,0.0,1,6043.187742030649
8306,61,48416.30275008178,Mortgage,1,2138.8349231175434,1,8916.95594667487,1,0,0.0,1,12.104706487166792
8307,63,34079.27525106839,Mortgage,1,3963.8697808299544,1,8651.447233363717,1,0,0.0,1,5657.957624246593
8308,39,12852.301712274806,Rent,0,0.0,1,551.5642668574812,0,0,0.0,0,0.0
8309,63,67828.0271290968,Mortgage,1,1849.0460963336493,1,8968.756328418605,1,0,0.0,1,16.80757183576227
8310,60,38717.17227436563,Mortgage,1,1717.2673152617087,1,2583.9673482029116,1,0,0.0,1,4374.731435096359
8311,65,59923.08284051587,Mortgage,1,1053.222205175308,1,3728.253188758841,1,0,0.0,1,5.166711788203472
8312,75,70063.58573813879,Own,1,8250.433920385276,1,42407.42189453186,0,0,0.0,1,8.939883961782064
8313,65,36632.48017818211,Mortgage,1,1382.6482826906017,1,8668.45146901057,1,0,0.0,1,2974.079689482378
8314,63,32936.6096811044,Mortgage,1,2089.4400500193815,1,9316.219747395231,1,0,0.0,1,0.0
8315,69,36408.761587762485,Mortgage,1,1157.757468145342,1,10046.342701317932,1,0,0.0,1,0.0
8316,60,51162.07371359387,Mortgage,1,2231.227574418379,1,4220.806053565348,1,0,0.0,1,1.7266747503599569
8317,78,107016.58731329127,Own,1,4964.246142762231,1,41538.84434731023,1,0,0.0,1,7.002161228466136
8318,91,141930.05847591083,Own,1,8074.203594543715,1,80428.69367681972,0,1,11768.680122086145,1,0.0
8319,76,115301.71784801687,Own,1,3612.8997908454157,1,94849.36956082129,1,1,10587.787483498247,1,23.243209326752968
8320,91,781636.3636057988,Own,1,8662.146114253652,1,94591.84787543694,1,1,4982.5012326919505,1,9581.449868869084
8321,56,42021.001815758136,Mortgage,1,1025.5084615016785,1,4393.752702776128,0,0,0.0,1,2692.5371025624695
8322,74,136563.66287199862,Own,1,8474.518790141314,1,46073.44847786638,0,1,0.0,1,0.0
8323,29,928.4998300047664,Rent,1,0.0,0,0.0,0,0,0.0,0,0.0
8324,58,25050.522914388774,Mortgage,1,1571.09855754287,0,0.0,0,0,0.0,1,0.0
8325,28,525.5206015037594,Rent,0,0.0,0,0.0,0,0,0.0,0,0.0
8326,35,41144.87077489782,Own,1,1695.2200666463425,1,1945.1186537344172,0,0,0.0,1,0.0
8327,36,11879.041326817161,Rent,1,1057.8366705700084,1,0.0,0,0,0.0,0,0.0
8328,43,20056.19199074732,Rent,1,558.094764116112,1,3604.1145816080425,0,0,0.0,1,1.9402041857627248
8329,85,92063.51111240672,Own,1,8530.941786460455,1,10079.758851780834,1,1,5007.916879704405,1,2.9156132339134797
8330,35,27435.90542031847,Rent,1,0.0,1,1195.9823177690007,0,0,0.0,0,0.0
8331,70,82609.93162763733,Own,1,4176.251329012933,1,93477.36024846412,1,1,9723.44778842112,1,7.381409608860806
8332,37,10775.961573333036,Rent,1,228.6279694263651,1,423.8191940040092,0,0,0.0,0,0.0
8333,60,80503.76014423417,Mortgage,1,2207.9108267151832,1,8653.278937642799,1,0,0.0,1,5267.835306562904
8334,68,47488.76879626585,Mortgage,1,2410.114901063185,1,8922.594880181341,1,0,0.0,1,2470.3478716401514
8335,45,26919.119308479032,Mortgage,1,1479.6204025021427,0,0.0,0,0,0.0,1,2.162428360461036
8336,91,1024664.0098495516,Own,1,7242.444777897266,1,94300.56071592252,1,1,4528.747202349006,1,21004.854145950598
8337,29,2488.3125146994007,Rent,1,195.45564074373215,0,0.0,0,0,0.0,0,0.0
8338,39,5866.871040646665,Rent,0,0.0,0,0.0,0,0,0.0,0,0.0
8339,49,41118.41489925961,Mortgage,1,7934.769627771274,1,9326.330990831399,1,0,0.0,1,0.0
8340,47,81488.48348202098,Mortgage,1,1890.5822976219522,1,9545.407826579452,0,0,0.0,1,0.0
8341,68,51208.28343960865,Mortgage,1,2417.2859332512685,1,8601.16010205502,1,0,0.0,1,4.941424786425652
8342,27,3084.534737360689,Rent,0,0.0,0,0.0,0,0,0.0,0,0.0
8343,87,756022.7226158788,Own,1,4276.396389641106,1,96675.26111962581,1,1,4956.733398600507,1,7971.2968999865225
8344,26,525.5206015037594,Rent,0,0.0,0,0.0,0,0,0.0,0,0.0
8345,69,222847.54899602412,Own,1,4442.829158766674,1,92742.61615236639,1,1,20983.84206495652,1,9.244642765576323
8346,31,32156.76391863775,Rent,1,800.4342238017995,1,3260.210844887555,0,0,0.0,0,0.0
8347,52,32185.778310440335,Mortgage,1,1471.8770310910993,1,5155.679511815793,0,0,0.0,1,0.3203485103343998
8348,62,57492.25124756503,Own,1,1597.6637308931934,1,40335.74478922945,0,0,0.0,1,7.005026809081224
8349,75,43488.786076160235,Own,1,1872.8920720304184,1,37946.968739005955,0,0,0.0,1,5.855035365834624
8350,89,744318.1244509631,Own,1,29108.988222836815,1,93431.5295967258,1,1,4602.083207142766,1,9686.924699467801
8351,41,11073.99196404656,Mortgage,1,150.66984088246306,0,0.0,0,0,0.0,0,0.0
8352,43,525.5206015037594,Rent,0,0.0,1,192.68883231978884,0,0,0.0,0,0.0
8353,75,122875.25528787161,Own,1,7055.16579102787,1,45076.58157972126,0,1,4835.883877832611,1,10471.743685248128
8354,71,42869.90458241368,Own,1,992.6612366191367,1,38901.24507100437,0,0,0.0,1,0.0
8355,26,525.5206015037594,Rent,0,0.0,0,0.0,0,0,0.0,0,0.0
8356,42,23844.563574714295,Rent,1,1159.4564051508837,1,2387.750308753887,0,0,0.0,0,0.0
8357,34,8836.605192730065,Rent,1,229.59543854599326,1,1183.9504955740642,0,0,0.0,0,0.0
8358,78,146774.35844701988,Own,1,5827.260112748848,1,76093.15613459812,0,1,28884.216164355577,1,0.0
8359,30,2088.746621402068,Rent,1,0.0,1,0.0,0,0,0.0,0,0.0
8360,28,20050.36382116514,Rent,1,308.20152139122604,1,1517.4127351093211,0,0,0.0,0,0.0
8361,36,16200.61120322303,Rent,1,189.45708396632972,1,1995.5967347875758,0,0,0.0,0,0.0
8362,36,12253.838766583602,Rent,1,1559.7835011473608,1,2161.548470452761,0,0,0.0,0,0.0
8363,70,178676.977985464,Own,1,3095.2070661245334,1,96758.46639356414,1,1,9247.468838823575,1,5413.822995865556
8364,75,117478.61934925264,Own,1,7277.035119321671,1,96758.46639356414,1,1,11475.139536656272,1,5.600129854984401
8365,28,525.5206015037594,Rent,0,0.0,0,0.0,0,0,0.0,0,0.0
8366,28,18930.597718230125,Rent,1,0.0,1,1289.4768187690254,0,0,0.0,0,0.0
8367,87,130248.7720068609,Own,1,8418.40960205194,1,95273.41041795081,1,1,5110.450638700591,1,0.0
8368,42,37070.499158740924,Mortgage,1,1957.8283306617184,1,3935.4129785092273,0,0,0.0,1,1.9749120541176195
8369,54,58697.54027468721,Mortgage,1,2793.8157464482124,1,9685.48370556327,1,0,0.0,1,2987.3571261660504
8370,32,23818.12989372579,Rent,1,1224.1526974613034,1,889.2874222902456,0,0,0.0,0,0.0
8371,63,34065.464604675275,Mortgage,1,739.5724726345361,1,9677.860664810192,1,0,0.0,1,15.601789179991698
8372,29,4009.5755878424243,Rent,1,880.1199329629758,1,1801.9406133964844,0,0,0.0,0,0.0
8373,53,20131.206843650365,Rent,1,267.67243198659696,0,0.0,0,0,0.0,0,0.0
8374,69,36358.51975542122,Rent,1,1779.9174345996691,1,1224.7737118378561,0,0,0.0,1,13.020978391968812
8375,36,3348.647950787117,Rent,1,476.3678855927921,1,2620.8428024356112,0,0,0.0,0,0.0
8376,58,68023.93011312408,Own,1,2486.2648756644103,1,39897.85456276089,0,0,0.0,1,0.0
8377,90,118946.11578631817,Own,1,10705.779150038865,1,79916.12475793238,0,1,11284.955950859716,1,0.0
8378,49,60241.15710923995,Rent,1,1791.3681324981856,1,2184.7156659156058,0,0,0.0,1,0.0
8379,30,11539.456078554926,Rent,1,246.06020380540394,1,2374.491530396882,0,0,0.0,0,0.0
8380,48,31358.545419284634,Mortgage,1,6501.79630740966,1,39058.0280318811,0,0,0.0,1,2372.6372455169067
8381,53,48441.08072234654,Mortgage,1,1843.9605925098228,1,2114.460538665881,1,0,0.0,1,0.0
8382,60,66495.08741716892,Mortgage,1,1617.0563266737952,1,9396.811226889888,1,0,0.0,1,0.0
8383,63,32463.819395043385,Own,1,6909.687183493916,1,40279.99753071776,0,0,0.0,1,4.939931420427258
8384,31,4098.088357772127,Rent,1,900.4026368276493,1,2411.375813637269,0,0,0.0,0,0.0
8385,78,142753.50651135808,Own,1,4817.226607497983,1,48492.991056591556,0,1,6969.039222509445,1,8.271949360690163
8386,46,14957.927824486058,Rent,0,0.0,0,0.0,0,0,0.0,0,0.0
8387,30,10883.30983278216,Rent,1,796.3129169414785,0,0.0,0,0,0.0,0,0.0
8388,61,67496.82357863248,Mortgage,1,2690.702329405579,1,3142.2695573515534,1,0,0.0,1,0.0
8389,34,14478.486779215571,Rent,1,743.6018848831726,1,3333.355126949761,0,0,0.0,0,0.0
8390,29,15084.112082685566,Rent,1,677.5304050040647,1,535.939498377893,0,0,0.0,0,0.0
8391,65,48347.51435222628,Mortgage,1,1340.7162572837651,1,4219.238720763161,1,0,0.0,1,8.085789749571571
8392,49,28348.878828902663,Mortgage,1,1970.8500126638742,1,2660.275404004211,0,0,0.0,0,0.0
8393,33,19042.797343493698,Rent,1,1172.426750439964,1,2109.3570510501218,0,0,0.0,0,0.0
8394,41,43330.04102446331,Mortgage,1,648.5568207850926,1,1785.0416627605823,0,0,0.0,1,0.0
8395,59,42494.01755483626,Mortgage,1,1345.2672866765552,1,8366.778262502346,1,0,0.0,1,5872.8859226696695
8396,48,13825.875688619104,Rent,1,503.4120429962605,1,2509.0579083850216,0,0,0.0,0,0.0
8397,75,46626.78589105449,Own,1,4118.654277376801,1,84616.99649086554,0,0,0.0,1,25.394841845728884
8398,91,605038.1259577166,Own,1,6019.508438271967,1,96513.73591597771,1,1,4726.836782328025,1,8804.822137178877
8399,45,17500.07198666425,Rent,1,1284.0006039237812,1,4047.754375950618,0,0,0.0,0,0.0
8400,47,36569.85465761775,Mortgage,1,1381.5026843722394,1,2919.7005740592813,0,0,0.0,1,9.68111414755142
8401,31,19198.11528012931,Rent,1,929.2002876826388,1,3618.9845618991817,0,0,0.0,0,0.0
8402,57,24777.302612422733,Mortgage,1,1891.2560015803444,1,1893.3968551999083,0,0,0.0,1,0.0
8403,60,10781.21828575154,Rent,1,829.6346444808066,0,0.0,0,0,0.0,1,4571.6913267932105
8404,78,123139.43286338731,Own,1,5003.6431319055955,1,82480.53966307211,0,1,4795.836052465958,1,4.003047009780494
8405,28,18044.470054961235,Rent,1,878.3504690344668,0,0.0,0,0,0.0,0,0.0
8406,58,42163.384428476296,Mortgage,1,4087.9990303662953,1,3520.74538895544,0,0,0.0,1,1.284416888032048
8407,67,40518.7731516256,Mortgage,1,1073.5640871213782,1,2866.727309669488,0,0,0.0,1,0.0
8408,80,84129.73044502451,Own,1,4516.830555647586,1,81321.43240722944,1,1,17922.215654874613,1,25.61316064055677
8409,88,790456.9667846044,Own,1,12303.361900558853,1,94633.96191700862,1,1,12692.191353943279,1,17.306016655106855
8410,30,22113.276487800802,Rent,1,647.9708515310591,1,2215.301199417724,0,0,0.0,0,0.0
8411,34,14409.304564552633,Rent,1,1077.4354116415202,1,2377.9308887353036,0,0,0.0,0,0.0
8412,28,16663.033340949885,Rent,1,180.5487909662861,1,1992.8304733242862,0,0,0.0,0,0.0
8413,26,525.5206015037594,Rent,0,0.0,0,0.0,0,0,0.0,0,0.0
8414,77,131581.91304201804,Own,1,28601.61943550779,1,87153.98729320503,1,1,10720.450366526573,1,0.0
8415,29,6092.450902789678,Rent,0,0.0,0,0.0,0,0,0.0,0,0.0
8416,26,525.5206015037594,Rent,0,0.0,0,0.0,0,0,0.0,0,0.0
8417,73,62573.51208428248,Own,1,7745.9426189479,1,8525.140363868719,0,0,0.0,1,19.826898560482828
8418,66,67305.75520803635,Own,1,1276.9606760299935,1,42486.73362711227,0,0,0.0,1,0.0
8419,28,9000.266534303231,Rent,1,0.0,1,1594.0341746991107,0,0,0.0,0,0.0
8420,56,74096.77711822603,Mortgage,1,1563.3995946927917,1,3708.3349474158977,1,0,0.0,1,10.472337801417195
8421,78,628446.2227350795,Own,1,7853.921401434438,1,96758.46639356414,1,1,9519.420048649681,1,25.44276172282116
8422,78,105361.46217161854,Own,1,5508.179121912875,1,46835.5842377026,1,1,22084.279631777128,1,9.643129685009638
8423,46,38218.467342793054,Mortgage,1,519.798732215166,1,3516.109332200045,0,0,0.0,1,2713.1971859961145
8424,74,872011.9368287899,Own,1,8487.415717095333,1,96758.46639356414,1,1,4932.484602798093,1,22.191489175959177
8425,35,45551.995735150114,Rent,1,861.4830216831524,1,3254.619507894142,0,0,0.0,0,0.0
8426,90,821075.945464419,Own,1,30200.850822155597,1,96163.91198000801,1,1,7964.096540062308,1,0.0
8427,58,53551.00509629538,Mortgage,1,1936.5515783040967,1,4607.860921576557,0,0,0.0,1,4792.393212241083
8428,59,41931.28355815818,Mortgage,1,3848.7209482455282,1,4013.7875279379614,0,0,0.0,1,2875.5122130466852
8429,33,27658.45158099504,Rent,1,634.4432909574424,1,2165.8056098801835,0,0,0.0,0,0.0
8430,90,97967.44284417006,Own,1,28385.247041843184,1,93824.27311298857,1,1,4706.404121277246,1,6.777335803440083
8431,72,65101.55829982301,Own,1,1809.0912458330897,1,37959.23413168078,0,0,0.0,1,0.0
8432,49,62543.24813761682,Mortgage,1,1179.5435795295375,1,3939.7185912581526,1,0,0.0,1,0.0
8433,36,27801.34955232442,Rent,1,498.5480416113916,1,2769.018612937635,0,0,0.0,0,0.0
8434,48,30335.845218507373,Mortgage,1,1096.78093751505,1,3362.5835568991465,1,0,0.0,1,13.47625527188681
8435,41,15948.497487002034,Rent,1,1051.3046582115392,1,2508.6606490235004,0,0,0.0,0,0.0
8436,46,24155.52000578145,Mortgage,1,780.4655671977279,1,4935.573269855347,0,0,0.0,1,0.0
8437,26,15212.67316727935,Rent,1,0.0,0,0.0,0,0,0.0,0,0.0
8438,77,120105.97900336479,Own,1,5609.536636745499,1,91369.58671979261,1,1,7737.5990532520855,1,0.0
8439,62,44336.89848149185,Own,1,760.1838306950484,0,0.0,0,0,0.0,1,8.182556161638468
8440,48,25214.105858240277,Mortgage,1,1066.5614921893111,0,0.0,1,0,0.0,1,3.9126843493624253
8441,30,10440.426874023413,Rent,0,0.0,0,0.0,0,0,0.0,0,0.0
8442,72,113849.62339665895,Own,1,2958.4375559093155,1,44295.58573019026,0,0,0.0,1,0.0
8443,40,28317.08072840917,Rent,1,1836.6016881311593,1,39241.83674458223,0,0,0.0,0,0.0
8444,29,16383.262287745178,Rent,1,332.76763628882054,1,810.0281327161629,0,0,0.0,0,0.0
8445,41,50214.05166955039,Mortgage,1,1439.4266545922442,1,2714.14094998342,0,0,0.0,1,0.0
8446,59,32459.458425388173,Mortgage,1,1212.8911212493222,1,9439.685164912435,1,0,0.0,1,6.873508473611541
8447,59,46777.65753960409,Own,1,1948.0514534460897,1,9459.581176731908,0,0,0.0,1,2804.9261456147087
8448,79,125955.49699227228,Own,1,4460.622823387434,1,78390.93468119092,1,1,4219.922077076735,1,9344.83029059911
8449,33,5713.9211507481905,Rent,1,691.4676874791136,1,4071.4245776854177,0,0,0.0,0,0.0
8450,76,47566.84148643202,Own,1,2657.5610683202362,1,39367.9075579523,0,0,0.0,1,6885.0779991008885
8451,74,129806.88620182114,Own,1,9524.831121199251,1,80600.00418682994,1,1,12843.49302573088,1,9751.920775700783
8452,63,66369.3898338085,Mortgage,1,1963.0590519617076,1,8869.452435613799,1,0,0.0,1,11.800443302661307
8453,27,4110.399703692621,Rent,0,0.0,0,0.0,0,0,0.0,0,0.0
8454,76,72361.84465453067,Own,1,30658.79511551597,1,96758.46639356414,1,1,21117.33286247175,1,0.0
8455,33,16192.202974984135,Rent,1,408.6814551226451,1,1268.5574047418545,0,0,0.0,0,0.0
8456,51,29818.666407477045,Mortgage,1,1913.0836203408826,1,2073.6100507699452,0,0,0.0,1,9735.396236651719
8457,86,126275.8155840499,Own,1,10607.444524325858,1,95835.63758462277,1,1,4477.496761259088,1,0.0
8458,30,525.5206015037594,Rent,0,0.0,0,0.0,0,0,0.0,0,0.0
8459,58,29805.585029428235,Mortgage,1,1616.0172397018396,0,0.0,1,0,0.0,1,0.0
8460,29,525.5206015037594,Rent,0,0.0,0,0.0,0,0,0.0,0,0.0
8461,28,23083.785403589987,Rent,1,1209.6662143332717,1,37653.46855380607,0,0,0.0,1,0.0
8462,29,8445.649692166842,Rent,0,0.0,1,2164.48452362053,0,0,0.0,0,0.0
8463,47,38369.99177427497,Own,1,2611.7658343364583,1,38343.4572020462,0,0,0.0,1,9.413981358409286
8464,26,22394.407311196002,Rent,1,1782.7990849037596,1,1740.6120957551548,0,0,0.0,0,0.0
8465,27,525.5206015037594,Rent,0,0.0,0,0.0,0,0,0.0,0,0.0
8466,60,25456.03251643593,Mortgage,1,1273.9842635585821,1,2505.3936862570595,0,0,0.0,1,0.0
8467,78,163052.18495221453,Own,1,3231.0409343250685,1,94348.10694603474,1,1,17981.513733523403,1,2.9515874345824664
8468,51,42320.48305070864,Mortgage,1,714.9122202550986,1,3654.67775682123,0,0,0.0,1,7.979781289332918
8469,88,96877.626762395,Own,1,9857.709794486755,1,96758.46639356414,1,1,7447.389080453747,1,21.492794138928517
8470,87,194769.54286084484,Own,1,6661.726390073902,1,95721.91020868391,1,1,8204.533797350869,1,20.10081482574908
8471,44,26235.736441128985,Rent,1,1008.1731684022628,1,974.39546961313,0,0,0.0,0,0.0
8472,69,30274.32726523217,Mortgage,1,1902.1260037370162,1,37221.607874823974,0,0,0.0,1,3775.527437053152
8473,73,103125.63857479823,Own,1,4237.0789356970145,1,36260.99144958921,0,0,0.0,1,2.406170171988032
8474,54,29018.68521049667,Mortgage,1,2234.7576117419308,1,9118.488968356743,0,0,0.0,1,5.9860350532405
8475,53,57144.45235316689,Mortgage,1,1832.8346970311536,1,3931.7031398415465,0,0,0.0,1,5929.789983309556
8476,35,525.5206015037594,Rent,0,0.0,0,0.0,0,0,0.0,0,0.0
8477,34,35538.25044048954,Rent,1,1356.6265016024995,1,2145.2368413878144,0,0,0.0,0,0.0
8478,70,40087.723312678725,Own,1,1300.3318833864614,1,38500.37025966843,0,0,0.0,0,0.0
8479,47,18454.759028842593,Mortgage,1,483.9177677851521,0,0.0,0,0,0.0,1,0.0
8480,52,73265.22833976705,Mortgage,1,1579.3198063165878,1,1969.3811232388146,1,0,0.0,1,0.6674014116678185
8481,77,218843.8964346163,Own,1,3787.609742160729,1,93452.17635571693,1,1,10528.063086861544,1,8881.44117916535
8482,79,126813.65453534995,Own,1,5840.415594787112,1,75933.55668855226,1,1,5207.793142721077,1,25.3602065680779
8483,56,26232.430477285423,Mortgage,1,1708.6020506329594,1,9193.313838828033,1,0,0.0,1,0.0
8484,62,39003.15325187976,Own,1,1227.814431418351,1,38822.9997486381,0,0,0.0,1,17.31072654022683
8485,30,6419.806106472406,Rent,1,1382.3227487643735,1,2001.1179685402626,0,0,0.0,0,0.0
8486,71,106418.32020531457,Own,1,9134.205861604125,1,47870.331914792354,0,1,8837.266902116866,1,0.0
8487,36,10259.23812478174,Rent,1,570.8233455568302,0,0.0,0,0,0.0,0,0.0
8488,30,22764.481753788896,Rent,1,714.8147434119472,1,1030.2997346330899,0,0,0.0,0,0.0
8489,42,38133.176904882814,Rent,1,672.6052016964532,1,3995.2813760120334,0,0,0.0,1,1.0926110968694096
8490,60,50149.04991036858,Mortgage,1,1312.2016874853632,1,4059.977953156267,0,0,0.0,1,21.531694746216214
8491,58,28981.282667224317,Mortgage,1,584.3342832035794,0,0.0,0,0,0.0,1,0.0
8492,45,12176.822586992956,Rent,1,246.4950300203899,1,2861.5803200785954,0,0,0.0,0,0.0
8493,76,201455.89072347493,Own,1,3227.2218949458525,1,93726.66587134964,1,1,4572.455959381211,1,0.0
8494,32,5904.2139080085235,Rent,0,0.0,1,1613.1179828467575,0,0,0.0,0,0.0
8495,56,42098.60337702851,Mortgage,1,1238.2279784680427,1,3110.4467786745017,1,0,0.0,1,0.7201804228704416
8496,52,31964.435961135914,Own,1,1780.223322542862,1,1509.753478971607,0,0,0.0,0,0.0
8497,27,20559.676677367035,Rent,1,1053.7572713332893,1,3215.770218630311,0,0,0.0,0,0.0
8498,40,13262.538987300206,Rent,1,231.563120257195,1,2295.0369105238174,0,0,0.0,0,0.0
8499,52,11257.224861290124,Rent,1,805.8786239132093,1,4251.022655741476,0,0,0.0,0,0.0
8500,35,18065.96637735718,Rent,1,420.2577796007078,0,0.0,0,0,0.0,0,0.0
8501,33,9439.441860204297,Rent,0,0.0,1,792.431368582045,0,0,0.0,0,0.0
8502,51,62370.22055230048,Mortgage,1,2418.4145504612948,1,2021.5414923837054,0,0,0.0,1,0.0
8503,45,46613.21094542271,Rent,1,575.8504141602864,1,2297.109669527801,0,0,0.0,1,12.587669962182066
8504,73,38037.95183741798,Own,1,6688.042304312361,1,81994.18446925294,1,0,0.0,1,0.0
8505,75,181846.78196365832,Own,1,2801.3432983742455,1,93263.89431693143,1,1,37321.335303628424,1,24.494440771929572
8506,51,21598.393434125694,Mortgage,1,933.9007933468056,0,0.0,0,0,0.0,1,3.3565244135274495
8507,91,917246.1669225412,Own,1,3846.792859959571,1,96758.46639356414,1,1,21489.6979839476,1,9.987402863008802
8508,29,525.5206015037594,Rent,0,0.0,0,0.0,0,0,0.0,0,0.0
8509,55,69516.29850750444,Mortgage,1,848.3703287303292,1,3373.708474460685,1,0,0.0,1,12.052557325476986
8510,61,52864.13926986421,Mortgage,1,1155.9349452195156,1,9049.59441859538,1,0,0.0,1,2911.8483559601837
8511,76,36057.799691132044,Own,1,6842.043867941977,1,48709.83203197399,0,0,0.0,1,0.0
8512,44,30625.39486519149,Rent,1,546.7657296860988,1,2810.213245321697,0,0,0.0,0,0.0
8513,32,6410.277589309037,Rent,1,15.125815511205474,0,0.0,0,0,0.0,0,0.0
8514,30,32174.114105149172,Mortgage,1,3903.9422232568854,1,2211.4481652816116,0,0,0.0,1,6.155964884841182
8515,29,13401.787568709286,Rent,1,29.891111831414833,0,0.0,0,0,0.0,0,0.0
8516,74,104566.29814425566,Own,1,8171.505799028886,1,95917.27937934786,0,1,25850.63586331871,1,24.153084238351006
8517,73,35399.481199712514,Mortgage,1,1037.8456136484867,1,4456.547916327332,0,0,0.0,1,0.0
8518,31,14466.816240343749,Rent,1,896.1401914612401,0,0.0,0,0,0.0,0,0.0
8519,43,20848.588251603363,Mortgage,1,1094.7275406049516,1,3520.9097372547894,0,0,0.0,1,1.3569377546798318
8520,36,15598.7762844145,Rent,1,46.459072220819394,0,0.0,0,0,0.0,0,0.0
8521,68,52112.98989392419,Mortgage,1,2222.09156355555,1,9605.42979721007,0,0,0.0,1,0.0
8522,39,6509.19809233247,Rent,0,0.0,0,0.0,0,0,0.0,0,0.0
8523,28,525.5206015037594,Rent,0,0.0,0,0.0,0,0,0.0,0,0.0
8524,74,811186.994241715,Own,1,12890.999229764424,1,96758.46639356414,1,1,4979.821008400584,1,6364.814873797453
8525,76,133723.31179236007,Own,1,9853.742555064331,1,95324.10094514303,1,1,21747.425168399503,1,0.0
8526,64,64230.60038349792,Mortgage,1,135.07537819416393,1,2640.673121577,1,0,0.0,1,0.0
8527,86,236835.3029485118,Own,1,8911.182813892725,1,75967.46029036837,1,1,10395.441735524315,1,10.03191648389824
8528,64,57207.33840697656,Mortgage,1,1507.1090144159575,1,8883.389123928904,1,0,0.0,1,0.3689661342789272
8529,29,7042.313052673948,Rent,1,292.6322216377707,1,531.3997329875895,0,0,0.0,0,0.0
8530,86,707413.5456774706,Own,1,6156.29521406644,1,93011.82760736925,1,1,5140.0132903839085,1,5488.600159769408
8531,36,23433.124984361773,Rent,1,118.31320291520603,0,0.0,0,0,0.0,0,0.0
8532,71,73004.54262950714,Own,1,35064.53619642396,1,96758.46639356414,1,1,5092.7135270543295,1,33.433336146637686
8533,50,44450.98158647529,Mortgage,1,2229.1351719009094,1,3857.4388613666524,0,0,0.0,1,2366.5529067011335
8534,38,16064.38100668848,Rent,1,1036.7529037038546,1,3505.576877841868,0,0,0.0,1,0.0
8535,69,50557.063100882435,Own,1,2823.820810370683,1,36480.31633289105,0,0,0.0,1,0.0
8536,30,18058.138001896663,Rent,1,1266.5770577945186,1,2091.4220593287823,0,0,0.0,0,0.0
8537,43,45943.57630595332,Rent,1,1835.0838849975853,1,1888.4108570460671,0,0,0.0,0,0.0
8538,26,525.5206015037594,Rent,0,0.0,0,0.0,0,0,0.0,0,0.0
8539,76,101253.86583167041,Own,1,27356.77415763696,1,80630.09093611535,1,1,11916.83188558873,1,11.42670731013399
8540,33,11284.182063065091,Rent,1,550.4031807071651,1,852.2685886514546,0,0,0.0,0,0.0
8541,39,23987.061312377366,Rent,1,1385.164966916333,1,1658.8741772338508,0,0,0.0,0,0.0
8542,40,15366.088652535926,Rent,1,1186.2538339918322,1,1071.5722186318121,0,0,0.0,0,0.0
8543,39,40858.95348352342,Rent,1,1742.8922901437534,1,2677.6164488062973,0,0,0.0,1,6270.642887784861
8544,73,62029.131299745604,Mortgage,1,1546.0631122338934,1,2286.405831254774,1,0,0.0,1,0.0
8545,28,525.5206015037594,Rent,0,0.0,0,0.0,0,0,0.0,0,0.0
8546,46,18286.880341023003,Rent,1,1591.241230333359,1,5205.645809321777,0,0,0.0,1,15.274986832234555
8547,50,18239.40275337406,Mortgage,1,1665.0891074882757,1,3738.359275620777,1,0,0.0,1,0.0
8548,57,32587.167914808568,Mortgage,1,6977.575364426464,1,8477.652231401102,1,0,0.0,1,6071.51300503453
8549,63,52349.67627863961,Mortgage,1,4060.756528694852,1,9490.022509778593,1,0,0.0,1,2405.8352467069053
8550,91,128571.85798256971,Own,1,24338.114378066235,1,91677.02891277484,1,1,19524.291078782982,1,0.0
8551,44,33083.55968209574,Rent,1,801.0090076730429,1,1770.1236747401424,0,0,0.0,0,0.0
8552,63,37654.3056824779,Mortgage,1,708.977185222233,1,9576.430416720641,1,0,0.0,1,0.0
8553,60,56662.85825676114,Mortgage,1,2259.1438246327343,1,8926.939451372791,0,0,0.0,1,5658.085084015654
8554,26,12137.90537723532,Rent,1,613.8397272026391,1,1452.6011509430753,0,0,0.0,0,0.0
8555,63,87658.87687471438,Own,1,2595.574139840324,1,43160.254911546195,0,1,21.814584115354062,1,0.0
8556,28,10376.486272958511,Rent,0,0.0,1,160.53395419732556,0,0,0.0,0,0.0
8557,65,64746.343742892954,Own,1,2170.7832850841296,1,36895.698858709075,0,0,0.0,1,0.0
8558,30,18540.602154214383,Rent,1,390.4347121030299,1,2512.5998579533953,0,0,0.0,0,0.0
8559,53,50616.19987471412,Mortgage,1,1085.715727404344,1,2043.6794416769412,0,0,0.0,1,2584.812769651391
8560,51,35843.25479453891,Mortgage,1,2179.2299912231965,1,4490.129966754944,0,0,0.0,1,4.568239982622517
8561,28,31594.76180226105,Rent,1,2279.0590566085516,1,2290.7942044546658,0,0,0.0,0,0.0
8562,71,47312.4088262682,Own,1,2736.979730481441,1,37027.55177977176,0,0,0.0,1,5.814620366275676
8563,33,46208.70286310942,Rent,1,455.29276264860937,1,605.1866932343792,0,0,0.0,0,0.0
8564,40,15099.058898682648,Rent,0,0.0,0,0.0,0,0,0.0,0,0.0
8565,65,41732.73875157006,Own,1,2264.86527339065,1,39597.86046198826,0,0,0.0,0,0.0
8566,56,55486.94943882847,Mortgage,1,665.6872123640861,1,3612.5201648018387,0,0,0.0,1,0.0
8567,75,94309.3942199339,Own,1,6482.988546349288,1,96558.292899299,1,1,4530.769944786556,1,0.0
8568,40,18232.177603437325,Rent,1,886.5353996724367,1,3911.135966433574,0,0,0.0,0,0.0
8569,70,15391.013320786284,Mortgage,1,1657.564864486977,0,0.0,1,0,0.0,1,0.0
8570,82,86346.87087015875,Own,1,37054.104520114226,1,96758.46639356414,1,1,5528.426975826742,1,33.067509036457885
8571,55,20243.75215186478,Mortgage,1,3359.3923157986487,1,5500.424290963365,0,0,0.0,1,0.0
8572,36,20640.293635277496,Rent,1,753.331623825272,1,2080.4511435732093,0,0,0.0,0,0.0
8573,90,827282.3307047097,Own,1,4994.34294745327,1,96263.31569713868,1,1,11191.49817762438,1,0.0
8574,74,138778.90567280698,Own,1,5470.8654264188,1,40866.883560100076,0,0,0.0,1,8721.044619386685
8575,59,29667.67514329319,Mortgage,1,3142.2435357701033,1,9498.038976994483,1,0,0.0,1,4964.926987715205
8576,54,49319.791051866225,Mortgage,1,1096.6846722985679,1,3071.6110088286923,1,0,0.0,1,0.0
8577,69,91840.01953016238,Own,1,1741.5157389839471,1,47215.86872311495,0,0,0.0,1,10.2357161366928
8578,65,72831.10205604995,Own,1,3191.987135584295,1,9343.646496796371,1,1,8928.228557262051,1,20.126729206419835
8579,43,45939.102954166956,Mortgage,1,1165.6964598098184,1,4059.6724327027487,0,0,0.0,1,0.0
8580,48,47959.593841528025,Mortgage,1,3983.249027064779,1,9093.500318718594,1,0,0.0,1,0.0
8581,61,24561.053998230902,Mortgage,1,1148.122166879649,1,2765.4490727202383,1,0,0.0,1,0.0
8582,46,32315.47559634798,Rent,1,1146.2471625448297,1,1967.401574644115,0,0,0.0,1,0.0
8583,53,30997.105085891708,Mortgage,1,1820.9229148588165,1,4622.671214096977,0,0,0.0,1,6.975017812084333
8584,63,55906.845433599316,Mortgage,1,1718.0808706074818,1,3176.884509709769,0,0,0.0,1,8.947393344945292
8585,64,122696.52643769994,Own,1,8369.418070788442,1,38326.469056589944,0,0,0.0,1,0.0
8586,52,39505.021669970454,Mortgage,1,1906.6785034009556,1,1990.9633106399417,1,0,0.0,1,7.533332940887155
8587,71,39432.29699732384,Own,1,5299.821692372425,1,36159.74052544767,0,0,0.0,1,7.731001432641712
8588,79,187030.67775555231,Own,1,8323.383614265722,1,94349.76069481707,1,1,11884.30446188798,1,5425.514102388454
8589,26,525.5206015037594,Rent,0,0.0,0,0.0,0,0,0.0,0,0.0
8590,75,49824.24569877255,Own,1,4399.9059706797125,1,45021.55500988522,0,1,9908.172743196157,1,24.1903407913515
8591,76,134461.84058101062,Own,1,4331.92372634401,1,41983.28712923541,0,1,3625.402651698737,1,8489.33870801207
8592,79,99060.21014175407,Own,1,7354.616759642534,1,47815.92588925422,0,1,15835.999894418326,1,11.816224021066057
8593,40,15475.157740628703,Mortgage,1,977.297548193166,1,2480.159393621333,0,0,0.0,0,0.0
8594,36,14025.874954907176,Own,1,649.8118295996924,1,2941.4586518479323,0,0,0.0,1,0.0
8595,44,47912.320831751604,Rent,1,1032.125834436605,1,2021.739932378754,0,0,0.0,0,0.0
8596,41,32297.424658177202,Own,1,1484.9894301814572,1,870.9940862371179,0,0,0.0,0,0.0
8597,81,105601.2955383173,Own,1,3843.898754725432,1,8584.15422265306,1,0,0.0,1,7.128813483646048
8598,50,19865.355675950123,Mortgage,1,928.4616202223997,1,3715.2813531516786,0,0,0.0,1,0.0
8599,45,22200.429943911633,Rent,1,616.409853335392,1,2821.5569159832585,0,0,0.0,0,0.0
8600,52,64033.25659713173,Mortgage,1,1607.5826510720044,1,9495.725581344926,1,0,0.0,1,0.0
8601,63,208034.2641052723,Own,1,4295.40800189565,1,10116.332150034172,1,1,12318.727853333377,1,12.400643267620891
8602,45,12755.3550896657,Mortgage,1,988.2709628077253,0,0.0,0,0,0.0,1,1977.444876387125
8603,60,58962.37583235615,Mortgage,1,2027.752470460912,1,7959.667285536816,1,0,0.0,1,0.3030278990447393
8604,44,67474.09367966514,Mortgage,1,2040.3428369912017,1,3294.5508104438386,1,0,0.0,1,1.5158127730131534
8605,29,8159.585697398492,Rent,0,0.0,1,123.21557807897102,0,0,0.0,0,0.0
8606,26,17315.43357457607,Mortgage,0,0.0,0,0.0,0,0,0.0,0,0.0
8607,39,24295.676180656483,Mortgage,1,1533.228427192174,1,2799.0236736726133,0,0,0.0,1,0.0
8608,73,119673.75677355943,Own,1,3603.9955010187305,1,96409.16300910476,1,1,7217.958526776389,1,0.0
8609,29,9371.282880990035,Rent,1,1049.038898299423,0,0.0,0,0,0.0,0,0.0
8610,29,525.5206015037594,Rent,0,0.0,0,0.0,0,0,0.0,0,0.0
8611,41,14194.250612809708,Rent,1,1035.246630114692,1,2986.211880158611,0,0,0.0,0,0.0
8612,44,19076.328484592083,Mortgage,1,1678.9173140112034,1,4754.8247208514,0,0,0.0,1,0.0
8613,43,20315.006675911267,Mortgage,0,0.0,0,0.0,0,0,0.0,0,0.0
8614,37,18869.41933022517,Rent,1,136.9947721498072,1,2300.2314939842754,0,0,0.0,0,0.0
8615,45,31447.682336737234,Rent,1,595.3096999573304,1,3008.6711283077757,0,0,0.0,0,0.0
8616,90,127335.23204248323,Own,1,12154.913162036712,1,81655.52358026794,1,1,4940.898017286829,1,0.0
8617,59,21870.60187567707,Mortgage,1,1937.0957262447953,1,9805.52423287159,1,0,0.0,1,30.67418051224141
8618,48,30650.545583209565,Mortgage,1,1332.201299673246,1,3876.520738168868,0,0,0.0,1,1.7555696052081968
8619,49,33124.416075776535,Mortgage,1,1356.4472496114033,1,4011.223620893051,0,0,0.0,1,16.320396097417973
8620,30,24488.607625569006,Rent,1,913.2606074371212,0,0.0,0,0,0.0,0,0.0
8621,31,38871.972867843666,Rent,1,958.7384595202674,1,2588.603680864797,0,0,0.0,0,0.0
8622,54,27415.706298032575,Mortgage,1,596.9804149270346,1,2867.589793357958,0,0,0.0,0,0.0
8623,66,56412.615850203874,Mortgage,1,2218.7751659418004,1,3042.4046513985254,1,0,0.0,1,2992.0771128238252
8624,40,11320.792056910363,Mortgage,1,2380.8315678125255,0,0.0,1,0,0.0,1,30.01288020086145
8625,65,43661.40082600746,Mortgage,1,4199.825658987333,1,9814.127141332705,1,0,0.0,1,0.0
8626,27,16521.79316704862,Rent,1,962.5424989838746,1,2839.410727759761,0,0,0.0,0,0.0
8627,89,937577.0870964264,Own,1,10350.783584919962,1,96758.46639356414,1,1,5463.844116406843,1,0.0
8628,27,525.5206015037594,Rent,0,0.0,0,0.0,0,0,0.0,0,0.0
8629,48,15461.01421091674,Mortgage,1,2012.6575794354094,0,0.0,0,0,0.0,0,0.0
8630,78,136545.79103723617,Own,1,1710.6876871892634,1,47082.70343750585,0,1,8725.418506505568,1,6916.891683497184
8631,62,31814.9284615346,Mortgage,1,997.9581544450112,1,3081.6889532286245,1,0,0.0,1,0.0
8632,50,21979.2680681801,Rent,1,1013.7455169646493,1,3270.063833529117,0,0,0.0,0,0.0
8633,73,73273.33185814612,Own,1,6195.958901992017,1,45005.18873133266,0,1,4726.856265558369,1,0.0
8634,73,111770.60340552422,Own,1,3220.236814709916,1,95547.95509483323,1,1,21475.178321853153,1,15418.828681224075
8635,62,61442.365138685214,Mortgage,1,1315.8014894240664,0,0.0,1,0,0.0,1,25.7975430309934
8636,41,19624.902023835944,Mortgage,1,889.8645212579956,1,2408.5679822627844,0,0,0.0,1,0.0
8637,30,10872.389609531434,Rent,0,0.0,0,0.0,0,0,0.0,0,0.0
8638,38,31680.98140462028,Mortgage,1,450.91527369933334,1,2098.8964494959628,0,0,0.0,0,0.0
8639,72,49715.61347415949,Own,1,2974.971665039145,1,9461.363133710985,0,0,0.0,1,7.848091739927113
8640,77,197224.62055103632,Own,1,5092.9891576568425,1,86429.02063646018,1,1,4021.6417321228837,1,8.507942239731026
8641,66,40392.772917436094,Own,1,5118.278342924652,1,38681.29981896243,0,0,0.0,1,0.0
8642,73,131155.95024676097,Own,1,4366.8661213369405,1,45417.875187258884,0,1,4634.599057156012,1,13.598456965978647
8643,33,525.5206015037594,Rent,0,0.0,0,0.0,0,0,0.0,0,0.0
8644,33,33268.99999379106,Rent,1,1025.1697084160198,1,2053.716207033206,0,0,0.0,1,7.941172546737498
8645,75,589922.820273818,Own,1,3191.5062295342236,1,74268.6131381965,1,1,5.864875026652751,1,6378.400621019572
8646,40,43869.84556136891,Own,1,1911.974646584411,1,1072.321948534607,0,0,0.0,1,0.0
8647,44,20100.841235406286,Rent,1,436.73223787347416,1,2100.8459961338754,0,0,0.0,0,0.0
8648,28,17617.822025440637,Rent,1,0.0,0,0.0,0,0,0.0,0,0.0
8649,55,28067.542507112557,Rent,1,419.0195266963905,0,0.0,0,0,0.0,0,0.0
8650,34,23499.11607246458,Rent,1,0.0,0,0.0,0,0,0.0,0,0.0
8651,81,109796.5188277328,Own,1,6090.545474401797,1,89657.53341912087,1,1,11845.927704913993,1,25.767119015420356
8652,56,38513.681177591214,Mortgage,1,2116.74936923998,0,0.0,1,0,0.0,1,5.534570436841702
8653,60,37188.77922115752,Mortgage,1,2194.9863209233567,1,8680.237920175863,1,0,0.0,1,11.062692464424245
8654,29,19528.116406918183,Rent,1,328.2379256572425,1,3253.256897707708,0,0,0.0,0,0.0
8655,59,68370.46673412781,Mortgage,1,2405.0621952624947,1,40182.53515229569,1,0,0.0,1,0.0
8656,67,44084.00382089407,Own,1,1962.4169928575639,1,8932.070622604464,0,0,0.0,1,0.0
8657,72,130509.31190648014,Own,1,3471.297581115824,1,37610.236080218056,0,0,0.0,1,0.0
8658,29,14385.50998494196,Rent,0,0.0,0,0.0,0,0,0.0,0,0.0
8659,91,280576.4380287129,Own,1,7773.252337807469,1,81123.66921182667,1,1,11926.496876326262,1,6296.9832501533965
8660,66,73396.41705979189,Own,1,2690.0024693601863,1,3180.519025905616,0,0,0.0,1,0.1291832695555847
8661,62,68229.78267717813,Mortgage,1,1972.5716344790285,1,8851.459892208646,1,0,0.0,1,1.3359032215013145
8662,70,52000.640950911315,Own,1,2646.3471790625013,1,38850.42285768269,0,0,0.0,1,4.54349756635077
8663,89,204175.07740016383,Own,1,5465.149883255209,1,96758.46639356414,1,1,15664.621279047884,1,8.362856451387566
8664,62,54535.1634576301,Mortgage,1,4441.744115904522,1,9412.184889080916,1,0,0.0,1,0.0
8665,72,57523.83051385475,Own,1,1619.1094211735121,1,8305.040559257071,1,0,0.0,1,5331.715746355503
8666,29,23081.54809940679,Rent,1,823.2730355926487,1,1596.0928509759888,0,0,0.0,0,0.0
8667,63,52941.32895395431,Mortgage,1,6892.205470592402,1,9792.538946851555,1,1,15140.95186608429,1,6925.226320800583
8668,43,22156.153943950172,Rent,1,679.6256325861295,1,1141.6790461430364,0,0,0.0,0,0.0
8669,39,18579.522703134237,Rent,0,0.0,0,0.0,0,0,0.0,0,0.0
8670,32,525.5206015037594,Rent,0,0.0,0,0.0,0,0,0.0,0,0.0
8671,90,605705.4803302094,Own,1,31594.33265992951,1,96281.23149039873,1,1,4916.937130245214,1,4.193265192186041
8672,86,59079.613729405624,Own,1,6643.737046224022,1,44691.0516844292,0,1,4156.965931207694,1,0.0
8673,36,22527.930202089883,Rent,1,1212.5495279418335,1,1995.2034415818514,0,0,0.0,0,0.0
8674,28,4239.320401539295,Rent,0,0.0,0,0.0,0,0,0.0,0,0.0
8675,28,28580.106118503758,Rent,1,725.6387807116907,1,3717.3186466755633,0,0,0.0,0,0.0
8676,44,22720.417770918226,Rent,1,909.0155884390448,1,2605.06104316308,0,0,0.0,0,0.0
8677,79,123898.07036874545,Own,1,7962.64549742181,1,83098.36026600037,1,1,10343.58093180684,1,0.7331023191049518
8678,78,213135.15883660954,Own,1,7235.594554718146,1,79132.7573552639,1,1,6352.175303368604,1,0.0
8679,61,45777.652058020154,Own,1,2808.733624729971,1,8341.90970181906,1,0,0.0,1,2582.235960313426
8680,44,21453.60147212052,Rent,1,33.746980723553634,1,2804.1406814249003,0,0,0.0,0,0.0
8681,62,53441.90094105707,Mortgage,1,1346.2964482377643,1,3551.319506826525,1,0,0.0,1,0.0
8682,33,18938.70201011661,Rent,1,924.7412318782153,1,5355.185529781043,0,0,0.0,0,0.0
8683,73,118175.79594744343,Own,1,7676.229766374098,1,47922.999532768685,0,1,4619.825457422939,1,20.722441564001077
8684,71,30140.254877260802,Own,1,3485.303683341166,1,39935.82514498668,0,0,0.0,1,9.30134761971849
8685,40,3832.611604712618,Rent,1,314.24487880352854,1,1659.9427170861104,0,0,0.0,0,0.0
8686,76,136398.97904002294,Own,1,3697.0654245839396,1,96125.55918566689,1,1,10619.632749170174,1,0.0
8687,28,33484.4119826337,Mortgage,1,1156.6334332185238,0,0.0,0,0,0.0,1,0.0
8688,39,10335.271719594204,Rent,1,624.8595899688503,1,1315.1280291037024,0,0,0.0,0,0.0
8689,37,9672.554291589513,Rent,0,0.0,1,1537.9675387096486,0,0,0.0,0,0.0
8690,91,211695.63678418112,Own,1,32099.891465931185,1,96380.42714316648,1,1,6922.59389756144,1,9298.152131005536
8691,56,49396.965107220414,Own,1,1384.8157968767941,1,8467.966341209638,0,0,0.0,1,10.500519014552156
8692,29,20812.281685977126,Rent,1,263.5089281278954,0,0.0,0,0,0.0,0,0.0
8693,56,37712.05026464494,Mortgage,1,1762.2505019641437,1,4004.7745825903303,1,0,0.0,1,5.853612588037964
8694,35,47227.09194339617,Mortgage,1,777.5691990027938,1,2750.4032480259903,0,0,0.0,1,0.0
8695,55,44317.89306771397,Own,1,2479.2798704647435,1,38755.12345811446,0,0,0.0,1,9.527288939082599
8696,41,19835.850257859158,Rent,1,1422.0772245529083,1,2580.24463389902,0,0,0.0,0,0.0
8697,34,2728.8181415994204,Rent,0,0.0,1,1331.021346567118,0,0,0.0,0,0.0
8698,57,36313.46119919008,Mortgage,1,2079.5916182784194,1,8410.489851805467,1,0,0.0,1,8.341158839675737
8699,40,79018.99085841305,Own,1,1605.9878686374864,1,1887.5853448272883,0,0,0.0,1,0.0
8700,58,30164.970814901822,Mortgage,1,2742.7832996416423,1,9320.18644457604,1,0,0.0,1,1.4674477146556826
8701,36,22590.162174970224,Rent,1,1693.0206859441475,1,1671.9076319571654,0,0,0.0,0,0.0
8702,42,18472.78159183197,Rent,1,858.5113955332954,1,3075.3236985301055,0,0,0.0,0,0.0
8703,48,34639.55858462714,Mortgage,1,2587.807280856838,1,38950.62963498167,0,0,0.0,1,2.6658063439183164
8704,62,22156.966603007575,Mortgage,1,1047.8945053984762,1,10495.775188147234,1,0,0.0,1,0.0
8705,33,3977.22926860792,Rent,0,0.0,1,919.4497037402416,0,0,0.0,0,0.0
8706,48,37911.178452602835,Own,1,1997.5015203210578,1,8331.959198665987,1,0,0.0,1,10.54156430167127
8707,43,18006.027326668856,Mortgage,1,706.8143577375733,1,2140.4422476135205,0,0,0.0,1,5.42202530887223
8708,37,30443.675243333688,Rent,1,1010.6383151467562,1,3354.974515742654,0,0,0.0,0,0.0
8709,44,22511.736392498817,Mortgage,1,1324.7262428156926,1,2767.961799111211,1,0,0.0,1,9.410852448757941
8710,43,13469.626569074388,Rent,1,151.88306335290156,1,2667.2806697912415,0,0,0.0,0,0.0
8711,34,2136.971092530821,Rent,1,248.72844214651298,1,750.1928439921849,0,0,0.0,0,0.0
8712,66,83444.31942548334,Mortgage,1,2138.933108719351,1,8607.143955443296,1,0,0.0,1,10.672832324368846
8713,36,15039.115129612926,Rent,1,1152.732763691485,1,1647.0211424445858,0,0,0.0,0,0.0
8714,61,41451.94574497764,Own,1,2326.695180905986,1,9040.482483432459,0,0,0.0,1,3554.6188149206187
8715,90,217824.4307928172,Own,1,7405.416458066888,1,95886.6157728935,1,1,10531.69921929841,1,7.180239742050008
8716,40,19086.02933156215,Mortgage,1,2588.0981010784035,1,3516.4348098896908,1,0,0.0,1,4039.179052925072
8717,58,29058.553142216948,Mortgage,1,1563.1534781931764,1,3600.08432353637,1,0,0.0,1,7.227215439365896
8718,72,77164.32435725318,Own,1,10032.245848242996,1,83017.18344116714,1,1,4663.88083619387,1,11014.695519248391
8719,62,48300.69078309374,Mortgage,1,2290.964952752386,1,8689.098360807355,1,0,0.0,1,0.0
8720,74,587966.1078112185,Own,1,5817.740807028505,1,94093.0138526122,1,1,12389.45772462419,1,0.5541518722685397
8721,87,231133.50682369893,Own,1,8950.422470222078,1,8619.447936582006,1,1,9735.111209962482,1,5463.567700066314
8722,49,43893.20286136219,Own,1,6643.206867924537,1,37103.74755640334,0,0,0.0,1,6381.337603726642
8723,29,5331.061521575421,Rent,1,0.0,0,0.0,0,0,0.0,0,0.0
8724,81,131507.0223983077,Own,1,3833.801591585632,1,71781.34301624139,1,1,9687.559250407892,1,22.560792629918012
8725,40,20401.469494326193,Mortgage,1,1168.8789893443077,1,3473.7271522976034,0,0,0.0,1,3754.601770214321
8726,73,173508.21772406797,Own,1,4869.417480663043,1,42517.059374610595,0,1,8804.063772291745,1,34.99945104661476
8727,41,36340.536789957274,Rent,1,1566.5238432315782,1,2690.338864946288,0,0,0.0,1,0.0
8728,72,113924.62033695242,Own,1,2930.6403275016664,1,36935.68098155547,0,0,0.0,1,0.0
8729,70,23755.253561599842,Own,1,783.2383674428177,1,2870.675899420051,0,0,0.0,1,0.0
8730,44,32530.231893516346,Rent,1,218.6111266793763,1,1567.7974907921582,0,0,0.0,0,0.0
8731,69,112698.1101004009,Own,1,7071.71910383824,1,47750.92128035839,0,1,4667.319889636506,1,15.534252791574891
8732,28,29242.667443910002,Rent,1,530.7675589019099,1,1311.294952203717,0,0,0.0,0,0.0
8733,29,11960.731752790547,Rent,0,0.0,0,0.0,0,0,0.0,0,0.0
8734,33,12744.745845391102,Rent,0,0.0,0,0.0,0,0,0.0,0,0.0
8735,48,21339.441323091494,Rent,1,1076.232362309804,1,2456.544810036523,1,0,0.0,1,0.0
8736,60,51011.22204880043,Mortgage,1,1776.5108892615342,1,3983.3789539610166,1,0,0.0,1,0.0
8737,72,49879.03374170433,Own,1,1721.0067173898026,1,35419.68205673066,0,0,0.0,1,0.0
8738,49,53847.16023107796,Mortgage,1,1223.9910695831975,1,4905.245996324191,0,0,0.0,1,0.0
8739,71,117601.59717717324,Own,1,2373.903688013523,1,39731.80823176499,0,0,0.0,1,27.865587104102794
8740,73,85855.2978280227,Own,1,1667.824900994923,1,44940.60386499882,0,0,0.0,1,0.0
8741,50,20347.695045227527,Mortgage,1,1366.5141827780199,1,4386.012422099116,0,0,0.0,1,4.226386077565773
8742,74,47600.65957773859,Own,1,2219.7240471351015,1,9738.448782632595,0,0,0.0,1,0.0
8743,32,12806.123396720315,Rent,1,574.7629644485118,1,1617.3622064016058,0,0,0.0,0,0.0
8744,88,108393.37850005763,Own,1,9226.740037488913,1,80976.21913171648,1,1,4412.964456327896,1,0.9702977632812112
8745,60,28083.19338022252,Mortgage,1,776.4675242590824,1,3727.692362833026,0,0,0.0,1,0.5043555880583506
8746,29,13709.330506679915,Rent,1,356.80778700438987,1,2004.928306147011,0,0,0.0,0,0.0
8747,26,525.5206015037594,Rent,0,0.0,0,0.0,0,0,0.0,0,0.0
8748,58,30542.35997806363,Own,1,2629.8415270797877,1,9713.669047946456,0,0,0.0,1,11.224423551487314
8749,41,44304.11318335048,Mortgage,1,1133.2630756362055,1,3257.362294313554,0,0,0.0,0,0.0
8750,58,20626.69970761104,Mortgage,1,4983.619817393001,0,0.0,1,0,0.0,1,5849.324885167773
8751,91,114148.17055841954,Own,1,10724.504041550825,1,95033.70134041863,1,1,10921.195185568777,1,7030.790986329729
8752,55,46948.93754029668,Mortgage,1,1529.5651023040402,1,9115.357646487899,1,0,0.0,1,0.0
8753,48,43809.16410104449,Mortgage,1,1353.219742130794,1,3090.382950673545,1,0,0.0,1,8.463629369684819
8754,27,525.5206015037594,Rent,0,0.0,0,0.0,0,0,0.0,0,0.0
8755,46,11930.0346893303,Rent,1,725.5199821943437,1,2039.0602152174504,0,0,0.0,0,0.0
8756,76,98614.56167599272,Own,1,7104.825155735032,1,96758.46639356414,1,1,5172.800607345207,1,6813.196172217919
8757,26,525.5206015037594,Rent,0,0.0,0,0.0,0,0,0.0,0,0.0
8758,90,99611.35494535057,Own,1,6470.854801220363,1,94937.08961719992,1,1,13495.084553656932,1,22.34791663600683
8759,54,41990.4986042907,Mortgage,1,1883.1940105264073,1,4514.678838692307,0,0,0.0,1,9.962552812245049
8760,47,34875.09748587988,Mortgage,1,623.2767327086168,1,3557.834946624561,0,0,0.0,1,0.0
8761,64,34982.196548327665,Own,1,4860.518813989929,1,34178.33103385377,0,0,0.0,1,0.0
8762,46,28846.37683320661,Mortgage,1,1897.9797113681211,0,0.0,0,0,0.0,1,0.0
8763,76,106216.16542325009,Own,1,4287.039085335714,1,46502.23555164854,0,0,0.0,1,0.0
8764,72,26790.15613061541,Own,1,10607.250205044842,1,2468.173969701171,0,1,0.0,1,14.919775987345378
8765,46,23994.53638194599,Mortgage,1,1837.6379844570156,0,0.0,0,0,0.0,0,0.0
8766,42,22590.483129204702,Mortgage,1,1450.8853921796294,1,3200.195757100775,0,0,0.0,1,4.365892644531725
8767,34,58066.96804448506,Rent,1,1046.6262277942524,1,2527.1484531678275,0,0,0.0,0,0.0
8768,55,37101.63372030518,Mortgage,1,1631.5632793368604,1,9048.215434503005,1,0,0.0,1,10.90307001215341
8769,61,46813.00056034705,Mortgage,1,1490.6843428607935,1,9434.94685115142,0,0,0.0,1,2895.2939474991854
8770,60,25320.34697756524,Mortgage,1,1816.9307527422984,1,4219.451720573621,0,0,0.0,1,9.659137687411462
8771,60,62691.32074252123,Rent,1,1613.9996955253741,0,0.0,0,0,0.0,0,0.0
8772,62,32291.703213774068,Mortgage,1,2752.495462180354,1,9368.574801655674,1,0,0.0,1,1.2984252668538911
8773,39,10252.070250126239,Rent,0,0.0,0,0.0,0,0,0.0,0,0.0
8774,59,77479.72659545805,Mortgage,1,2095.386306017385,1,1373.6924925336643,1,0,0.0,1,0.0
8775,71,95382.48324460909,Own,1,4252.871829734832,1,42268.99546957373,0,1,7568.61190654562,1,8855.29975226157
8776,74,142435.43055246322,Own,1,3165.3088557120586,1,34862.39481932275,0,1,3925.0314198828237,1,5767.460705714486
8777,78,183924.7328425577,Own,1,9901.263557150252,1,96758.46639356414,1,1,19041.236516937395,1,6.65610031664858
8778,40,25929.64044132539,Mortgage,1,859.0944502341514,1,3891.8615069011757,0,0,0.0,0,0.0
8779,26,11925.059627985918,Rent,0,0.0,0,0.0,0,0,0.0,0,0.0
8780,44,24087.50911115255,Mortgage,1,1575.2472263628383,1,4388.175712920207,0,0,0.0,1,15.640521577096537
8781,75,30751.709179082696,Rent,1,1955.9930346685262,1,2822.8655812131683,0,0,0.0,0,0.0
8782,65,51758.513851698735,Mortgage,1,1455.5307097065847,1,9014.316747084065,1,0,0.0,1,19.297118587074728
8783,43,10809.104645709185,Rent,0,0.0,0,0.0,0,0,0.0,0,0.0
8784,42,14205.544668558861,Rent,1,856.9837383957095,1,2977.626865777333,0,0,0.0,0,0.0
8785,74,115617.03232664223,Own,1,4776.723878343135,1,47010.33020810856,0,1,9788.791034849304,1,8.57551767694028
8786,73,91992.02377335701,Own,1,6430.680699785278,1,96758.46639356414,1,1,13331.470781698546,1,0.0
8787,28,525.5206015037594,Rent,1,160.18306066113666,0,0.0,0,0,0.0,0,0.0
8788,91,231270.25294762786,Own,1,23102.22444254843,1,96758.46639356414,1,1,9208.725127010965,1,9689.347095619712
8789,28,525.5206015037594,Rent,0,0.0,0,0.0,0,0,0.0,0,0.0
8790,28,10276.777146927529,Rent,1,215.30314945679288,0,0.0,0,0,0.0,0,0.0
8791,40,23777.933175747195,Rent,1,233.79535030851855,1,1667.4572142852826,0,0,0.0,0,0.0
8792,74,106510.57458134973,Own,1,4701.581043329583,1,45375.69015617081,0,1,10609.755952337578,1,7587.5503593878975
8793,27,25564.13507101419,Rent,1,573.9697627061958,1,777.8388582512505,0,0,0.0,0,0.0
8794,73,41404.39261081786,Own,1,2435.7553394914185,1,38006.71221619013,0,0,0.0,1,10.241873830886647
8795,60,54178.40665245429,Own,1,2190.3146622335303,1,8772.489452587759,0,0,0.0,1,13.600231182907345
8796,72,43232.66175414618,Own,1,4490.034510907123,1,40608.571798503566,0,1,7096.359249000319,1,9.358892523523847
8797,69,57316.816909163885,Mortgage,1,33089.060393629465,1,9871.598256922103,1,0,0.0,1,1.2961506746937494
8798,26,18709.515126872244,Rent,1,759.4694068501499,1,3124.9747268865813,0,0,0.0,0,0.0
8799,56,13493.759710697876,Mortgage,1,967.528623471464,1,3496.457156682517,0,0,0.0,1,3984.945099952946
8800,54,37935.57555130068,Own,1,2642.4599496549718,1,37000.304983939976,0,0,0.0,1,0.0
8801,40,20493.35481809709,Own,1,1721.8672399857342,0,0.0,0,0,0.0,1,0.06916277634521899
8802,46,33428.59039224105,Own,1,1630.115370595125,1,4037.2072065796287,0,0,0.0,1,0.0
8803,63,29338.63947760498,Mortgage,1,1067.047087112862,1,9848.3009364574,1,0,0.0,1,2.406724865091023
8804,34,12866.98775057424,Rent,1,1325.970878923927,1,3072.136610692587,0,0,0.0,0,0.0
8805,28,1994.7704013582115,Rent,0,0.0,0,0.0,0,0,0.0,0,0.0
8806,90,707669.9700557902,Own,1,5892.6483489544435,1,96758.46639356414,1,1,10166.669635845392,1,10.654182020344654
8807,26,21701.496229468292,Mortgage,1,1059.8290547256206,1,3390.7857066736933,0,0,0.0,1,0.0
8808,72,27163.090325829216,Rent,1,1933.7454671592552,1,2222.3357112927197,0,0,0.0,0,0.0
8809,36,525.5206015037594,Rent,0,0.0,0,0.0,0,0,0.0,0,0.0
8810,41,34876.04379659726,Rent,1,861.336778713547,1,3063.287001987175,0,0,0.0,1,2.0233097782918503
8811,75,37858.926424414974,Own,1,2456.77626251868,1,39111.17576468185,0,0,0.0,1,2.506931826210539
8812,58,78917.10318431178,Mortgage,1,1432.4009339178401,1,3957.0769721847087,1,0,0.0,1,0.0
8813,36,21710.590365181262,Mortgage,1,434.5313791183328,0,0.0,0,0,0.0,0,0.0
8814,65,71417.78852235072,Own,1,1400.3725254449205,1,8340.20569676488,0,1,7540.7727745333905,1,17.296052204274798
8815,72,30035.750820885085,Own,1,1451.5672286555955,1,2047.2035492922796,0,0,0.0,0,0.0
8816,41,21097.33928628886,Mortgage,1,1445.8172464768916,1,4284.3269011858665,0,0,0.0,1,2452.377522510923
8817,34,18689.92092297114,Rent,1,414.64073746483507,1,1627.1461724361943,0,0,0.0,0,0.0
8818,60,42082.20501253502,Mortgage,1,2389.495798019755,0,0.0,0,0,0.0,1,0.0
8819,70,37816.180777316426,Mortgage,1,751.9229083469033,1,9228.746402647539,0,0,0.0,1,0.0
8820,48,25852.598991489125,Rent,1,863.167617720287,1,2633.8527131384258,0,0,0.0,0,0.0
8821,59,32338.965269615685,Own,1,1268.1808017189794,1,35954.01203695637,0,0,0.0,1,0.0
8822,34,11542.930549434279,Rent,1,469.6388952449257,1,1454.039497461078,0,0,0.0,0,0.0
8823,51,32733.733808769626,Mortgage,1,1105.6235367081129,1,5769.272002074796,0,0,0.0,1,6.663642741097726
8824,52,45725.85726365606,Mortgage,1,1353.8324410512305,0,0.0,1,0,0.0,1,2.0182219208859915
8825,27,13977.171386590477,Rent,1,1000.2444939702807,1,2303.0522699715934,0,0,0.0,0,0.0
8826,28,16069.835745944667,Rent,1,598.758639599751,1,2397.025595189315,0,0,0.0,0,0.0
8827,70,28438.135016226977,Own,1,1958.3826539324689,1,2248.051334296762,0,0,0.0,1,10.333868780891628
8828,36,10182.429844334467,Rent,1,401.56622183405113,0,0.0,0,0,0.0,0,0.0
8829,62,14204.141211302393,Mortgage,1,2887.2979813796846,1,4420.021023960628,0,0,0.0,1,0.0
8830,28,29788.058277176835,Rent,1,641.8338885705734,1,1635.7561103704236,0,0,0.0,0,0.0
8831,43,13141.664508953596,Rent,1,871.3809063788711,1,2679.4569290338154,0,0,0.0,0,0.0
8832,30,525.5206015037594,Rent,0,0.0,0,0.0,0,0,0.0,0,0.0
8833,87,172950.19824443164,Own,1,5486.4338884556255,1,96368.00860392327,1,1,20224.538591607055,1,0.0
8834,85,107769.50618161033,Own,1,7621.346186149729,1,96758.46639356414,1,1,8051.834116556754,1,0.0
8835,58,50949.43118694474,Mortgage,1,2029.986314288231,1,8659.64644979527,1,0,0.0,1,3722.8014462519627
8836,62,31119.725661224194,Mortgage,1,2397.1958629279625,1,9985.094615819924,0,0,0.0,1,4458.720587587773
8837,32,14344.681322585395,Rent,1,0.0,1,1857.8793667277234,0,0,0.0,0,0.0
8838,38,33146.32870059676,Own,1,1961.1077635391173,1,37809.51815451004,0,0,0.0,1,16.009693867162788
8839,91,173909.66309702327,Own,1,22015.799812962723,1,93635.49264211039,1,1,16972.801499535504,1,3.288005547480122
8840,77,111363.34660733148,Own,1,7050.655173356025,1,96758.46639356414,1,1,6704.957930142989,1,11.695613314953736
8841,37,8265.020760730233,Rent,1,464.2319373527892,1,745.8384877633182,0,0,0.0,0,0.0
8842,70,103272.65498320779,Own,1,6419.060437588979,1,43952.8866987528,0,1,6948.100154831239,1,13672.331662582399
8843,48,19457.93167114503,Mortgage,1,2514.1845458029743,1,4140.522047286538,0,0,0.0,1,4625.310471828758
8844,78,108753.97121078876,Own,1,4941.324222929826,1,36110.239436545846,0,0,0.0,1,0.0
8845,43,35392.44024969658,Mortgage,1,1567.391039038065,1,5337.141738941144,0,0,0.0,1,2394.9572927025524
8846,89,259219.81488897884,Own,1,8604.091709423561,1,96758.46639356414,1,1,7026.421330747103,1,0.0
8847,59,58965.132032124086,Own,1,2217.0343822984887,1,35938.33746709646,0,0,0.0,1,3.336929178788551
8848,78,107156.7017976589,Own,1,1727.0435063814314,1,47618.1418018179,0,1,6239.034174396922,1,7253.824578670192
8849,44,21157.938458721917,Rent,1,163.38719261258643,1,1063.4579926917024,0,0,0.0,0,0.0
8850,47,19018.10583587481,Mortgage,1,1034.2216382801344,0,0.0,0,0,0.0,0,0.0
8851,55,35555.51285443657,Mortgage,1,1749.9744570790297,1,2795.8498293466264,1,0,0.0,1,0.0
8852,75,100387.77326339397,Own,1,3625.036524142293,1,96758.46639356414,1,1,22838.057083817344,1,13197.659457844476
8853,59,39138.55161794002,Mortgage,1,2447.0880394494266,1,8814.092209786333,1,0,0.0,1,5492.311489958993
8854,34,28877.476300674316,Rent,1,1402.8241466681209,1,1995.7543578662253,0,0,0.0,0,0.0
8855,70,78998.84565001263,Own,1,2265.756058093696,1,39206.3927696446,0,0,0.0,1,0.0
8856,54,26928.927412614856,Mortgage,1,1914.404940780257,1,4286.997676011328,0,0,0.0,1,8.14572914535491
8857,47,49401.65876801005,Mortgage,1,1474.959941271863,1,5408.732483525675,0,0,0.0,1,0.0
8858,41,24218.659788637655,Rent,1,466.3308293667323,1,602.4807863158283,0,0,0.0,0,0.0
8859,55,67299.7211089142,Mortgage,1,2412.241882814316,1,9267.27826672197,1,0,0.0,1,13.366535173863344
8860,75,26934.456267681955,Own,1,1961.314257296176,1,38696.678217959736,0,0,0.0,1,5975.349900108888
8861,55,28682.978421670938,Mortgage,1,2674.5198391499066,1,4314.749638362642,1,0,0.0,1,4339.701663208166
8862,76,93769.52302571914,Own,1,8884.171916701382,1,44542.36549557578,0,0,0.0,1,15.618504065661954
8863,30,525.5206015037594,Rent,0,0.0,0,0.0,0,0,0.0,0,0.0
8864,67,31523.899132712795,Mortgage,1,1990.467422320487,1,3178.6492076213035,0,0,0.0,1,10.967086001743294
8865,42,79550.06728834749,Mortgage,1,914.5443258934132,1,2509.809523648833,1,0,0.0,1,0.0
8866,71,88763.21601026462,Own,1,2696.2838069300383,1,82535.7146956254,1,0,0.0,1,0.0
8867,26,525.5206015037594,Rent,0,0.0,0,0.0,0,0,0.0,0,0.0
8868,57,26199.66967381318,Mortgage,1,1202.6299140894125,1,2724.6184069812102,0,0,0.0,1,14.610913055339642
8869,57,25751.68484292566,Mortgage,1,2296.879395010995,0,0.0,1,0,0.0,1,0.0
8870,76,39644.41552481029,Own,1,1199.091048106622,1,33792.78370710981,0,0,0.0,1,8.326681750188122
8871,28,2707.852848655004,Rent,0,0.0,0,0.0,0,0,0.0,0,0.0
8872,45,18697.87188591253,Mortgage,1,2165.4105841528876,1,3986.488236168289,0,0,0.0,1,0.0
8873,56,31054.218342836703,Mortgage,1,1497.403079517008,1,2489.7134835651414,0,0,0.0,1,2602.398872947619
8874,46,26756.918432535076,Mortgage,1,956.5984580186304,1,3354.748456358323,0,0,0.0,1,2571.288847889446
8875,62,41822.377809739824,Mortgage,1,1178.8182879844512,1,3867.3672644488784,1,0,0.0,1,12.008920800541013
8876,29,4074.6851860459064,Rent,1,43.285142280496075,0,0.0,0,0,0.0,0,0.0
8877,89,1020045.9432817515,Own,1,8041.101330314736,1,96758.46639356414,1,1,5411.273313093054,1,1.7307439599397239
8878,70,40776.00065353714,Own,1,3721.8069457213946,1,8605.703330534398,0,0,0.0,1,21.319327387857957
8879,90,115142.74779028383,Own,1,6305.908018990568,1,75146.31294428071,1,1,11325.158789670433,1,9619.64449525819
8880,76,32399.547526530132,Own,1,2919.6140086673186,1,36641.85722085448,0,0,0.0,0,0.0
8881,77,75409.81430585602,Own,1,8395.76605093781,1,84699.83925394928,1,1,18727.242282800984,1,11.534571088639506
8882,67,51143.89219723587,Mortgage,1,1186.5841122712382,1,8842.826060604573,1,0,0.0,1,4.498833757798068
8883,36,14179.484547115351,Rent,0,0.0,0,0.0,0,0,0.0,0,0.0
8884,38,8514.352809641836,Rent,1,912.3546608023693,0,0.0,1,0,0.0,0,0.0
8885,54,23470.696743163102,Mortgage,1,1453.8549413871237,0,0.0,1,0,0.0,1,0.9609975173899397
8886,28,16459.298640995996,Rent,1,856.1061272777519,1,1681.4609861503334,0,0,0.0,0,0.0
8887,29,18637.221103383126,Rent,0,0.0,0,0.0,0,0,0.0,0,0.0
8888,28,525.5206015037594,Rent,0,0.0,1,1537.143911851886,0,0,0.0,0,0.0
8889,45,17762.898134531464,Rent,1,404.3487668082691,1,1474.2637650861052,0,0,0.0,0,0.0
8890,77,105901.70515181024,Own,1,7398.872333237056,1,96383.62093113744,1,1,4240.286283534413,1,11622.920138829611
8891,26,525.5206015037594,Rent,0,0.0,0,0.0,0,0,0.0,0,0.0
8892,37,6323.2932845898395,Rent,0,0.0,0,0.0,0,0,0.0,0,0.0
8893,38,6376.44229408679,Rent,1,1665.5955083323697,1,3176.8909475278747,0,0,0.0,0,0.0
8894,67,24778.02112271721,Mortgage,1,1403.5610770030803,0,0.0,0,0,0.0,1,0.0
8895,70,34638.97571356298,Own,1,2252.125464616715,1,33692.00627087657,0,0,0.0,1,0.0
8896,37,36054.214111808775,Mortgage,1,1109.3796828149814,1,3612.0329139400865,0,0,0.0,1,16.843114246899372
8897,44,25266.714794543546,Rent,1,640.5226129955188,1,2406.2237427685145,0,0,0.0,0,0.0
8898,72,65823.59427127708,Own,1,2534.1159907528163,1,8265.006239793163,0,0,0.0,1,5.852952763570689
8899,89,189724.19899737532,Own,1,9345.979736964937,1,96758.46639356414,1,1,7333.719499763841,1,24.203331022972797
8900,58,57859.865720438356,Mortgage,1,1219.1411348884424,1,9897.611945923065,1,0,0.0,1,5630.842057887337
8901,35,18902.07111021223,Rent,1,709.6049260444927,1,1327.794252288516,0,0,0.0,0,0.0
8902,63,75507.43898444274,Own,1,802.5099767015429,0,0.0,0,0,0.0,1,0.0
8903,29,9313.939883746018,Rent,0,0.0,1,355.77182450471855,0,0,0.0,0,0.0
8904,74,67180.89631831984,Own,1,4565.866027989929,1,36895.683439835535,0,0,0.0,1,4517.083372295531
8905,54,18807.31406758483,Own,1,2231.5748867213106,1,2276.9174760322635,0,0,0.0,1,0.0
8906,69,34176.25186899481,Own,1,3580.373079591158,1,47144.82024970346,0,0,0.0,1,0.0
8907,61,38260.93783310838,Own,1,1691.0195552928176,1,39768.789757498475,0,0,0.0,1,0.0
8908,59,25654.909865342608,Mortgage,1,1670.722757775081,1,4070.3430242437025,1,0,0.0,1,0.0
8909,52,19850.130838403067,Mortgage,1,1268.6669660399857,1,5261.634225821257,0,0,0.0,1,0.0
8910,43,16753.636917331325,Mortgage,1,834.646501259187,1,4249.455263822903,1,0,0.0,1,0.0
8911,69,118617.39305555957,Own,1,4252.623810049021,1,9053.180681300859,1,0,0.0,1,16.66674587017454
8912,26,1648.1316810417156,Rent,0,0.0,0,0.0,0,0,0.0,0,0.0
8913,30,8185.308280238225,Rent,1,247.97025937013132,1,1238.861313291523,0,0,0.0,0,0.0
8914,39,6134.675334953785,Rent,1,232.2615491524632,1,2915.920655143081,0,0,0.0,0,0.0
8915,57,80179.50154494535,Mortgage,1,3156.492459988203,1,8709.620588004052,1,0,0.0,1,0.8343364386848117
8916,36,14305.658711446413,Rent,1,1117.3524374909175,1,2888.605268828145,0,0,0.0,0,0.0
8917,39,525.5206015037594,Rent,0,0.0,0,0.0,0,0,0.0,0,0.0
8918,59,42686.77998653179,Mortgage,1,1416.9582289868802,1,8955.444456708346,1,0,0.0,1,6.142762888614683
8919,31,3373.837429119538,Rent,1,323.64432388275293,1,0.0,0,0,0.0,0,0.0
8920,26,5807.238829930073,Rent,0,0.0,0,0.0,0,0,0.0,0,0.0
8921,28,12970.948243516508,Rent,1,319.8038810667472,0,0.0,0,0,0.0,0,0.0
8922,57,30831.025029424254,Mortgage,1,673.6195253059454,1,1651.1216187180223,0,0,0.0,1,0.0
8923,40,34207.801360048026,Rent,1,330.48676385949864,1,2792.2866809629195,0,0,0.0,0,0.0
8924,46,16518.253219553582,Rent,1,562.8054208476192,1,4119.320288951028,0,0,0.0,0,0.0
8925,47,38459.14298028457,Own,1,2341.8052504839934,1,35616.234950252685,0,0,0.0,1,22.668499212002644
8926,86,138623.66401938774,Own,1,4387.3185736026935,1,86529.59606830278,1,1,4541.838657560642,1,0.4356692001882899
8927,38,13157.264203754978,Rent,1,810.6529058207982,1,2230.0736467645656,0,0,0.0,0,0.0
8928,56,25877.51170297215,Mortgage,1,1453.4496647151898,0,0.0,1,0,0.0,1,0.0
8929,86,217541.1564257711,Own,1,10678.879340929185,1,79071.30816241541,1,1,6497.919751371989,1,6606.21413582975
8930,88,72131.38550732334,Own,1,5575.206688238625,1,96758.46639356414,1,1,36717.30002880808,1,7965.296571521534
8931,29,10041.197219843436,Rent,1,66.91930940618658,0,0.0,0,0,0.0,0,0.0
8932,45,24780.12510730425,Mortgage,1,1775.4667603787666,1,3737.2094813071435,0,0,0.0,0,0.0
8933,42,21989.54513840439,Rent,1,743.0741919167531,1,2247.62377120573,0,0,0.0,0,0.0
8934,43,26506.956931025456,Rent,1,1706.3756905286766,1,1559.5232850721281,0,0,0.0,0,0.0
8935,44,21143.72954109262,Rent,1,1032.2332218546821,1,4007.1793835592066,0,0,0.0,0,0.0
8936,36,40200.82785563043,Own,1,1845.6671869715929,1,2919.590211463188,0,0,0.0,1,4.604112305993256
8937,28,525.5206015037594,Rent,0,0.0,0,0.0,0,0,0.0,0,0.0
8938,28,16504.735564986233,Rent,1,789.3875353256078,1,1691.4278322035316,0,0,0.0,0,0.0
8939,58,31686.950143120506,Mortgage,1,1345.3597426147926,1,1981.4789100771245,1,0,0.0,1,0.0
8940,29,27843.415616077706,Rent,1,207.19854911291054,1,2180.618546504467,0,0,0.0,1,0.0
8941,91,221204.16793890746,Own,1,9827.977979648998,1,96758.46639356414,1,1,23467.902586605072,1,19125.669986415574
8942,89,221127.04245451136,Own,1,6823.578562705609,1,45535.96983404952,1,1,4240.988805605256,1,0.0
8943,61,68438.2412244445,Mortgage,1,1358.1665183034959,1,2522.8197102581375,1,0,0.0,1,0.0
8944,55,21869.720067588394,Own,1,1713.1795452985198,1,1012.9052099563132,0,0,0.0,1,0.0
8945,91,660435.05044451,Own,1,5617.665831753189,1,82543.97513560072,1,1,12753.981851005761,1,0.0
8946,41,26006.996793966853,Rent,1,944.4647261688765,1,2974.4694838719297,0,0,0.0,0,0.0
8947,69,34018.162508972164,Mortgage,1,1650.1826625343522,1,46315.92875596633,1,0,0.0,1,10.370471516931378
8948,65,47957.37674482547,Mortgage,1,4621.057503259522,1,8603.733226816878,1,0,0.0,1,10.588076419733214
8949,45,23793.73484563956,Mortgage,1,692.5811576124115,0,0.0,0,0,0.0,1,5.354433351020017
8950,49,39097.02294765274,Mortgage,1,704.9373553223206,0,0.0,0,0,0.0,1,0.0
8951,59,58606.89156858432,Mortgage,1,1721.0735959076537,1,3656.0303424051854,0,0,0.0,1,4008.6760865446417
8952,35,6980.427633364359,Rent,0,0.0,0,0.0,0,0,0.0,0,0.0
8953,39,18202.584134480585,Rent,0,0.0,0,0.0,0,0,0.0,0,0.0
8954,60,34805.22899371493,Mortgage,1,911.6287236245796,1,2541.762070345125,0,0,0.0,1,2675.2691151355384
8955,28,2826.51099437399,Rent,0,0.0,0,0.0,0,0,0.0,0,0.0
8956,26,21600.537095319676,Rent,1,845.6684455852403,1,213.31688909327295,0,0,0.0,0,0.0
8957,58,17391.83082470885,Mortgage,1,952.8624441231905,0,0.0,1,0,0.0,1,0.0
8958,43,2674.73300523342,Rent,1,1277.5973730307487,0,0.0,0,0,0.0,0,0.0
8959,27,4754.248251902563,Rent,0,0.0,0,0.0,0,0,0.0,0,0.0
8960,31,14892.765456792724,Rent,1,346.5323062912764,1,3124.4626444407077,0,0,0.0,1,0.0
8961,64,43154.47811753944,Mortgage,1,2052.82146488671,1,9175.908779820385,1,0,0.0,1,11.9335876698986
8962,47,31351.330382769775,Mortgage,1,2732.450737518773,1,2266.1888291673226,1,0,0.0,1,0.0
8963,77,68026.57394992824,Mortgage,1,1878.6581249387145,1,2947.58635105836,1,0,0.0,1,8.231057765613123
8964,47,14704.792836550734,Rent,1,519.8135968057693,1,2387.054748492008,0,0,0.0,0,0.0
8965,91,107069.41337610179,Own,1,6748.100415560121,1,50272.785998054766,1,1,7096.656817591791,1,20.686198277102072
8966,47,46993.71521813111,Mortgage,1,1415.4213750832591,1,3272.3533055850753,0,0,0.0,1,2459.285542544551
8967,63,73610.97358411665,Own,1,5720.411302024196,1,94876.41327074746,1,1,3958.182036445917,1,4636.701909938254
8968,27,11475.44811352178,Rent,1,0.0,1,1499.3677837466325,0,0,0.0,0,0.0
8969,59,34212.13416083374,Mortgage,1,1801.71969419999,0,0.0,1,0,0.0,1,11.963986654194434
8970,55,40313.77767392213,Mortgage,1,1260.715207967675,1,3672.167837112458,0,0,0.0,1,4657.19203312953
8971,72,607515.7371115424,Mortgage,1,3173.4015885142144,1,8104.372737559161,1,1,6930.983877302468,1,0.0
8972,28,525.5206015037594,Rent,0,0.0,0,0.0,0,0,0.0,0,0.0
8973,38,20993.164452463163,Mortgage,1,825.395614638584,0,0.0,0,0,0.0,0,0.0
8974,44,36976.17120853297,Mortgage,1,846.2215032910677,1,4429.11784488129,0,0,0.0,0,0.0
8975,51,40075.217967598954,Mortgage,1,1089.479379686189,1,2866.2882504746963,0,0,0.0,1,5228.681961147104
8976,31,13093.88080723775,Rent,1,637.7326948297391,1,872.6722414795488,0,0,0.0,0,0.0
8977,78,220107.15176346968,Own,1,6694.1476450674745,1,96378.29835441135,1,1,10810.613215687068,1,16.689724582654016
8978,64,63140.07625655471,Own,1,3660.1791069474943,1,8123.651013565019,1,0,0.0,1,9.888392146627188
8979,36,9636.81480281664,Rent,1,268.9947599610267,1,1490.7941966198855,0,0,0.0,0,0.0
8980,38,27251.671622537055,Mortgage,1,2077.9377471534135,1,3459.6301700232684,0,0,0.0,1,2841.2660488698384
8981,78,66817.6047512337,Own,1,1833.26328003298,1,94574.72980336373,1,0,0.0,1,3.1154441777062734
8982,39,14434.976043692317,Rent,1,890.8546622028794,1,3472.5829680826046,0,0,0.0,0,0.0
8983,77,817010.4393188704,Own,1,10973.997841358101,1,94639.55570321245,1,1,11344.019926183153,1,2.087408120783758
8984,50,19751.191647835592,Mortgage,1,1745.7573316492583,1,3040.3585288669533,0,0,0.0,1,0.0
8985,33,525.5206015037594,Rent,0,0.0,0,0.0,0,0,0.0,0,0.0
8986,38,35811.20617357161,Own,1,1546.0687698862873,1,2542.4391260956504,0,0,0.0,1,18.777987920243174
8987,64,45968.62964482508,Own,1,2777.3567067658196,1,8656.44111943325,0,0,0.0,1,1.7030941608199472
8988,51,25688.531122696717,Mortgage,1,1885.478599062465,1,3702.980890004085,0,0,0.0,1,0.0
8989,58,35397.99147586728,Mortgage,1,1603.9610779992724,1,1336.2365310455134,1,0,0.0,1,17.33792852979731
8990,54,62152.92910596622,Mortgage,1,683.8074881560929,1,9851.091653301595,1,0,0.0,1,3655.5219808461266
8991,31,16753.4465297251,Rent,0,0.0,0,0.0,0,0,0.0,0,0.0
8992,69,32749.444265369315,Mortgage,1,962.7228823293715,1,828.1725712333944,0,0,0.0,1,0.0
8993,55,46785.44439492049,Mortgage,1,1607.0998276356004,1,6143.645839919549,0,0,0.0,1,0.0
8994,31,525.5206015037594,Rent,0,0.0,0,0.0,0,0,0.0,0,0.0
8995,66,86662.49298590062,Own,1,1174.7735095710846,1,37121.7677600443,0,0,0.0,1,13.418335900174377
8996,28,1983.3347870248945,Rent,0,0.0,0,0.0,0,0,0.0,0,0.0
8997,73,82400.64919412271,Own,1,9983.584788250188,1,96460.78450335342,1,1,4481.214792135471,1,11.61670972292998
8998,91,197541.8719177479,Own,1,4892.384055179331,1,96640.02735524619,1,1,7301.16636307382,1,10.147469870762901
8999,30,13529.046234856693,Rent,1,0.0,1,0.0,0,0,0.0,0,0.0
9000,78,42966.785081267204,Own,1,2377.946629525747,1,45109.042652879405,0,0,0.0,1,5458.426553332222
9001,34,25129.153506321825,Own,1,1029.1114643718006,1,780.4056163298937,0,0,0.0,1,5.003861803049082
9002,39,23631.62325107855,Rent,0,0.0,1,894.1855902113625,0,0,0.0,0,0.0
9003,29,15511.027251306383,Rent,1,356.1163914541785,1,2187.1733891981394,0,0,0.0,0,0.0
9004,28,7724.201917606621,Rent,0,0.0,0,0.0,0,0,0.0,0,0.0
9005,65,111472.43831721385,Own,1,2147.1331369919117,1,37608.86765519135,0,0,0.0,1,0.0
9006,42,27740.16391006041,Rent,1,1331.955250803736,1,3862.223263844963,0,0,0.0,1,0.0
9007,50,33425.05471432855,Mortgage,1,1620.669869022323,1,9440.62899645081,1,0,0.0,1,0.9502635425182289
9008,91,67635.87163328502,Own,1,10065.918272849969,1,96758.46639356414,1,1,4534.380175566807,1,26.769491505069766
9009,60,44803.34627270469,Mortgage,1,2310.511846224583,1,9205.781721317351,0,0,0.0,1,5.4100308214583785
9010,35,42963.11822929846,Rent,1,637.0044185457842,1,1474.886899894298,0,0,0.0,0,0.0
9011,74,45630.73221609017,Own,1,1964.5218189885925,1,8493.466672846303,0,0,0.0,1,7041.81343846532
9012,63,55165.53192904499,Mortgage,1,1332.244120332857,1,9399.026186897054,1,0,0.0,1,0.0
9013,60,38712.56237763538,Mortgage,1,1842.3879156237354,1,10186.978342137154,1,0,0.0,1,4.194862187672087
9014,39,10857.719943998529,Rent,0,0.0,1,0.0,0,0,0.0,0,0.0
9015,31,27225.522338507453,Rent,1,674.0650788497366,1,1815.79649938277,0,0,0.0,0,0.0
9016,28,7943.514607807467,Rent,1,1064.6667430891646,1,3204.2747586523883,0,0,0.0,0,0.0
9017,65,32881.311536687994,Mortgage,1,1450.353366668081,1,1658.0733126615328,0,0,0.0,1,11.426802428987392
9018,56,27811.80510184251,Mortgage,1,1028.7635609708573,1,8287.912852313117,1,0,0.0,1,2268.3482423471014
9019,55,32659.111207509934,Mortgage,1,779.3052204106632,1,1423.046921413139,0,0,0.0,1,5.25201838093774
9020,91,178925.19177660655,Own,1,6013.89977033783,1,78582.57130944004,1,1,9199.148505859206,1,8.305711547392036
9021,52,46712.430685178144,Mortgage,1,1791.7571013779325,1,3132.507801789429,0,0,0.0,1,4.682519778102694
9022,52,37119.08331434882,Mortgage,1,1643.202322786846,0,0.0,0,0,0.0,1,0.27772531407811196
9023,91,679579.8813528827,Own,1,12558.977240139347,1,95661.27130172,1,1,10803.5230361914,1,14.933051575526877
9024,33,8124.167929646372,Rent,1,664.1380146837677,0,0.0,0,0,0.0,0,0.0
9025,26,525.5206015037594,Rent,0,0.0,0,0.0,0,0,0.0,0,0.0
9026,30,525.5206015037594,Rent,0,0.0,0,0.0,0,0,0.0,0,0.0
9027,67,33942.743805450475,Mortgage,1,1823.3918159205125,1,8162.345514563053,1,0,0.0,1,4307.721093301498
9028,32,38634.66116491266,Rent,1,1002.0009980185566,1,37590.46631376048,0,0,0.0,1,0.0
9029,87,231762.6036491496,Own,1,5521.144020923917,1,96758.46639356414,1,1,5571.734220341719,1,0.0
9030,72,34571.64338923363,Mortgage,1,4448.707495283215,1,84999.25398960068,1,0,0.0,1,7040.902758314187
9031,61,31050.0422058723,Mortgage,1,2046.5872808252684,1,3122.1258084372594,0,0,0.0,1,0.0
9032,41,15658.908353197181,Rent,1,640.6312604455253,1,1422.2149253918396,0,0,0.0,0,0.0
9033,46,45088.11487467949,Mortgage,1,1297.6001085248809,1,3943.7644840309376,0,0,0.0,1,0.0
9034,66,1372.481807329601,Mortgage,0,0.0,0,0.0,1,0,0.0,0,0.0
9035,40,15802.393170014446,Rent,1,1527.5174101097432,1,2834.15388140134,0,0,0.0,0,0.0
9036,35,40878.714853740596,Rent,1,445.85707034277857,0,0.0,0,0,0.0,1,2.051352568463836
9037,43,79647.06948325361,Own,1,478.17300246719634,1,139.4409030189679,0,0,0.0,0,0.0
9038,44,12082.722092042168,Rent,1,0.0,1,2050.8643398332697,0,0,0.0,0,0.0
9039,35,6117.51378331971,Rent,0,0.0,0,0.0,0,0,0.0,0,0.0
9040,67,33868.809121664126,Own,1,548.5779685611699,1,8933.774042861152,0,0,0.0,1,12.748424829433915
9041,49,44508.24604045609,Rent,1,486.019437674874,1,2600.1665080107514,0,0,0.0,1,0.0
9042,46,52309.07638207225,Mortgage,1,3124.7117376397528,1,4059.79217611951,1,0,0.0,1,3894.318579504556
9043,71,50535.01241184809,Own,1,2256.856908648257,1,40120.32256737261,0,0,0.0,1,0.0
9044,77,830326.5375468553,Own,1,5979.617010625601,1,93428.41371192328,1,1,17613.77400520776,1,15.391610556512747
9045,46,19795.140353532817,Mortgage,1,665.2212828059392,1,4169.371749593663,0,0,0.0,0,0.0
9046,41,18916.77866797727,Rent,1,1882.5950171345162,1,38866.81697497448,0,0,0.0,0,0.0
9047,59,86127.35598983464,Mortgage,1,5203.346810857116,1,4366.743664634182,1,0,0.0,1,0.0
9048,31,14706.949644982276,Rent,1,148.4102457995317,0,0.0,0,0,0.0,0,0.0
9049,41,39710.505408078585,Rent,1,965.0390187964578,1,3395.7543227186497,0,0,0.0,1,0.0
9050,73,47111.84810841069,Own,1,2709.705708256375,1,38331.72400142842,0,0,0.0,1,0.0
9051,43,4699.75777027937,Rent,0,0.0,1,3135.776192820559,0,0,0.0,0,0.0
9052,34,17275.10293833392,Rent,0,0.0,0,0.0,0,0,0.0,0,0.0
9053,26,525.5206015037594,Rent,0,0.0,0,0.0,0,0,0.0,0,0.0
9054,51,39087.93811609874,Mortgage,1,1443.4200578873015,1,3465.092566716913,1,0,0.0,1,2450.833773075578
9055,27,34924.61121418126,Rent,1,1012.4831497344228,1,1744.427698577425,0,0,0.0,0,0.0
9056,37,13195.290002381103,Rent,1,728.6026411842128,1,3712.218791110086,0,0,0.0,0,0.0
9057,66,59117.409357920114,Own,1,3483.229404132741,1,77756.98667147844,1,0,0.0,1,10.447580867004666
9058,27,35974.20003358218,Rent,1,1315.8548305493925,1,2315.6503327572154,0,0,0.0,0,0.0
9059,36,9800.797284686696,Rent,0,0.0,1,1950.0781763613,0,0,0.0,0,0.0
9060,41,50906.41175580245,Rent,1,938.7480646792782,1,2967.348705234321,0,0,0.0,0,0.0
9061,29,32337.6002021173,Rent,0,0.0,1,1236.0365826445116,0,0,0.0,0,0.0
9062,76,143674.60160986066,Own,1,5193.449973972058,1,33576.49481606939,1,0,0.0,1,19.734919630495263
9063,35,119771.35359457026,Rent,1,358.56139496940705,0,0.0,0,0,0.0,0,0.0
9064,66,46960.333883040905,Mortgage,1,2475.393316597798,1,9170.075314219095,1,0,0.0,1,1.1595410400175912
9065,68,131828.40384845965,Own,1,9709.781789572738,1,36342.534403227284,0,0,0.0,1,0.0
9066,60,64908.515627828165,Mortgage,1,2024.081984027744,1,9065.0061084286,1,0,0.0,1,0.0
9067,46,54229.04441783725,Mortgage,1,652.2346692124308,0,0.0,0,0,0.0,1,4.155224659583306
9068,45,34804.93801745789,Rent,1,615.7396464759611,1,2734.12104036459,0,0,0.0,0,0.0
9069,67,39661.699779837305,Mortgage,1,4146.606227488065,1,9341.730636997392,1,0,0.0,1,25.95347587300337
9070,86,154966.39173072562,Own,1,8827.455005233998,1,95517.1787465264,1,1,19897.347814788758,1,18.682288341211
9071,66,57609.974260381176,Own,1,11724.749708168632,1,9678.734194207052,1,0,0.0,1,0.0
9072,57,35455.453457835596,Mortgage,1,2104.3943019394787,1,10506.188882523154,1,0,0.0,1,4178.07923789635
9073,36,10030.65243591776,Rent,1,814.36754632627,1,2207.799819272942,0,0,0.0,0,0.0
9074,39,22135.322217494515,Rent,1,2033.3319501428966,1,1678.0463674272025,0,0,0.0,0,0.0
9075,38,21708.680681882975,Rent,1,66.1709969543806,1,2367.342402367402,0,0,0.0,0,0.0
9076,86,48869.83210478766,Own,1,1830.3495316555186,1,42274.218456592935,0,0,0.0,1,0.0
9077,60,46311.116558065965,Own,1,2597.52417217964,1,8688.916717965323,1,0,0.0,1,3683.0350331400196
9078,69,42440.1692907101,Rent,1,1836.8314761636416,0,0.0,0,0,0.0,1,4237.533892762408
9079,65,46078.81238199408,Own,1,3065.2110518379895,1,10231.947309265379,1,1,4003.7268927425976,1,6.480185506666806
9080,30,525.5206015037594,Rent,0,0.0,0,0.0,0,0,0.0,0,0.0
9081,34,8727.483113584682,Rent,0,0.0,1,566.2572071507207,0,0,0.0,0,0.0
9082,29,525.5206015037594,Rent,0,0.0,0,0.0,0,0,0.0,0,0.0
9083,77,749383.7862120762,Own,1,5655.656454590525,1,83267.27780789285,1,1,21486.09015621064,1,13.327847833057483
9084,42,17420.629706097672,Rent,1,776.2032936015629,1,2447.6983972479557,0,0,0.0,0,0.0
9085,67,63041.271284337854,Own,1,2090.3966788187595,1,37219.72732436015,0,0,0.0,1,0.9492422664080299
9086,47,42869.3731443719,Mortgage,1,2239.254474305555,1,4898.281012884734,0,0,0.0,1,2634.2507429342418
9087,37,525.5206015037594,Rent,0,0.0,0,0.0,0,0,0.0,0,0.0
9088,78,35617.97140300637,Mortgage,1,1396.460245158583,1,4414.1543322899615,0,0,0.0,1,8.903636669878708
9089,59,66537.19007467848,Mortgage,1,1332.9395998803634,1,8433.226746610584,1,0,0.0,1,3701.846646005214
9090,50,28541.03338687154,Mortgage,1,1935.8370753109825,1,5224.647673241824,0,0,0.0,1,0.0
9091,69,43358.950449459364,Own,1,5045.456634370665,1,41834.23226839484,0,1,4203.755916632415,1,6241.978386605328
9092,43,28114.201181874036,Mortgage,1,1734.6566326905631,0,0.0,0,0,0.0,1,2915.0305092704225
9093,64,40781.905501775385,Own,1,4923.0104991688195,1,44328.230525432504,0,0,0.0,1,3.2586298417966635
9094,65,64786.51586721932,Own,1,2266.0337897164395,1,9051.766324863002,0,0,0.0,1,0.781991344672637
9095,30,525.5206015037594,Rent,0,0.0,0,0.0,0,0,0.0,0,0.0
9096,28,24692.119951056666,Rent,1,4189.033952214528,1,966.4784941169712,1,0,0.0,0,0.0
9097,64,51189.68610209893,Mortgage,1,3471.6267937744688,1,8811.29946985893,1,0,0.0,1,7.165189436314267
9098,33,27301.72321294808,Rent,1,1565.1065168643129,1,1973.6583750997647,0,0,0.0,0,0.0
9099,26,525.5206015037594,Rent,0,0.0,0,0.0,0,0,0.0,0,0.0
9100,78,133911.79066797672,Own,1,7333.127814460331,1,44332.978816102135,1,1,9448.692315932414,1,0.0
9101,60,37820.79149053564,Mortgage,1,2289.92107366441,1,9647.000237432481,1,0,0.0,1,1.1312753463220437
9102,56,42557.89801894904,Mortgage,1,1411.7841309252829,1,2916.953832980176,1,0,0.0,1,0.0
9103,42,43063.8347345979,Own,1,2030.5011817667264,1,34844.450623400364,0,0,0.0,0,0.0
9104,82,119424.18123972719,Own,1,11945.974394379555,1,87233.03968857258,1,1,5182.994131778041,1,16.653270031775357
9105,57,34437.26532820374,Mortgage,1,1754.4234056948198,1,3917.9427634852964,1,0,0.0,1,0.0
9106,44,30231.323109368837,Rent,1,673.3773477314035,1,4726.115730854295,0,0,0.0,0,0.0
9107,51,44404.6089571092,Rent,1,1044.7560554371796,0,0.0,0,0,0.0,0,0.0
9108,31,11550.388205298004,Rent,1,531.0213503613566,1,213.92461912242743,0,0,0.0,0,0.0
9109,44,36147.29773282493,Mortgage,1,6927.757422420333,1,38922.211526753934,0,0,0.0,1,0.0
9110,38,13705.491921937723,Rent,1,342.41667646195356,1,2106.014630732628,0,0,0.0,0,0.0
9111,74,19162.48685479546,Mortgage,1,1249.7699141819496,1,2997.597897228741,0,0,0.0,1,3329.277654484211
9112,89,191507.18852587306,Own,1,6569.069341526162,1,95673.6534296997,1,1,19645.978463088664,1,11042.529763595172
9113,35,21718.860744092897,Rent,1,730.0863962484455,1,3391.122588498268,0,0,0.0,0,0.0
9114,68,46769.18891599693,Rent,1,1311.000448313816,1,1071.6660268384917,0,0,0.0,0,0.0
9115,29,529.4333592306211,Rent,0,0.0,0,0.0,0,0,0.0,0,0.0
9116,56,24284.769393335246,Mortgage,1,454.61927553160996,1,2439.6031398790496,0,0,0.0,1,1.2164585974378552
9117,29,1404.2497255953876,Rent,0,0.0,0,0.0,0,0,0.0,0,0.0
9118,78,46640.248977697236,Own,1,3192.7455146137654,1,8814.14812116799,1,1,0.0,1,7.1068009784669055
9119,29,16740.168115265777,Rent,0,0.0,0,0.0,0,0,0.0,0,0.0
9120,58,39548.801808595264,Mortgage,1,1022.6874399927378,1,2160.6115035080315,1,0,0.0,1,2362.8589572353494
9121,44,15029.469161048026,Rent,1,1019.2409679314612,1,438.18748432707366,0,0,0.0,0,0.0
9122,89,122180.69032312505,Own,1,6630.217356156167,1,93562.95275600607,1,1,4284.18198334202,1,0.0
9123,31,20347.164094033946,Rent,1,184.78138709701682,1,1385.9991175928735,0,0,0.0,0,0.0
9124,49,16083.381493028946,Rent,1,943.7124611544598,1,3577.4606351190264,0,0,0.0,0,0.0
9125,42,25645.29681173281,Mortgage,1,783.2043754043654,0,0.0,0,0,0.0,0,0.0
9126,34,19281.64761701889,Rent,1,227.7387536584621,1,1880.3617450376526,0,0,0.0,0,0.0
9127,40,32352.678406005805,Rent,1,868.9144318139791,1,1496.335916429472,0,0,0.0,0,0.0
9128,46,30374.57374928787,Rent,1,1389.5593161962818,1,2269.4745190867884,0,0,0.0,0,0.0
9129,47,36997.36746634227,Rent,1,436.96392453417076,0,0.0,0,0,0.0,0,0.0
9130,72,271867.17904830346,Own,1,5879.757535633842,1,93521.09313965027,1,1,10300.282229067667,1,21.094706718679486
9131,78,134730.34170519072,Own,1,4904.71408071662,1,94330.24440878387,1,1,0.0,1,33.22988392797081
9132,75,128486.56329458699,Own,1,4307.149377035749,1,43015.35517409318,0,1,4502.01471117035,1,1.9110869280164673
9133,66,27853.575960805298,Mortgage,1,2100.336350759896,1,3301.7050657355953,0,0,0.0,1,0.0
9134,91,187925.09772664844,Own,1,5112.23052814975,1,95798.51612002018,1,1,19732.47394721981,1,9.107738700501974
9135,29,17829.358242376326,Rent,1,562.5658142857662,1,1571.4289260321975,0,0,0.0,0,0.0
9136,33,9366.393186053687,Rent,1,353.51606331029916,1,1414.9669538622334,0,0,0.0,0,0.0
9137,87,93571.5412844277,Own,1,3058.3567262250963,1,85749.0868479311,1,1,12908.304344514963,1,14277.124494132211
9138,74,170329.91483921188,Own,1,33519.74801522362,1,95211.19941537027,1,1,19156.624940586993,1,0.0
9139,91,163929.68788801754,Own,1,8255.353947465748,1,89782.28184015315,1,1,4438.172351821263,1,9417.000352936331
9140,45,29751.47794908806,Mortgage,1,1648.0699491479127,1,5426.606809588968,0,0,0.0,1,0.0
9141,38,14494.983982749032,Rent,1,985.4466320633619,0,0.0,0,0,0.0,0,0.0
9142,84,122323.23439678259,Own,1,4679.326969974629,1,79374.87859205,1,1,12293.897729230595,1,14.469192972529942
9143,45,36160.37829438477,Mortgage,1,2166.826158336762,1,4153.445507289079,0,0,0.0,1,0.0
9144,55,39764.965222444014,Mortgage,1,1335.494353201486,1,4361.4389025152905,1,0,0.0,1,0.0
9145,28,525.5206015037594,Rent,0,0.0,0,0.0,0,0,0.0,0,0.0
9146,29,16495.82987416719,Rent,1,212.21545187309118,0,0.0,0,0,0.0,0,0.0
9147,76,179383.93664822396,Own,1,6300.635983582373,1,94725.9426960565,1,1,7824.221147105984,1,16.764420917604188
9148,29,31975.341396077023,Rent,1,532.6495106382798,1,1820.5670835443614,0,0,0.0,0,0.0
9149,35,37286.93775672189,Rent,1,1278.7388255118776,1,1590.092804501709,0,0,0.0,0,0.0
9150,75,49909.441423962155,Own,1,6633.143233541421,1,37784.04758078745,0,0,0.0,1,10.928080263091312
9151,46,13396.33747524401,Rent,1,562.8581413836757,0,0.0,0,0,0.0,1,0.0
9152,90,96944.46147296298,Own,1,2563.106442073733,1,92972.96311985652,1,1,9670.936014742803,1,28.557097163322876
9153,40,4310.404486857402,Rent,0,0.0,0,0.0,0,0,0.0,0,0.0
9154,79,120922.26109471329,Own,1,5592.3262665584525,1,77482.05247943736,1,1,4.262050752007291,1,6454.97256018576
9155,86,81610.94931092365,Own,1,3794.2930524217027,1,85435.79450365281,1,1,5228.639654457786,1,9447.430034088547
9156,66,36765.281905192365,Mortgage,1,3315.443069994602,1,9430.53773096133,1,0,0.0,1,3.811977263324238
9157,62,32170.031762355313,Own,1,3874.4725629526956,1,9333.679208374797,1,0,0.0,1,11.42174510973973
9158,30,13486.749212209565,Rent,1,610.492948374763,1,4753.989068199553,0,0,0.0,0,0.0
9159,55,38973.330992214134,Mortgage,1,2304.994621829576,1,4569.926538234342,1,0,0.0,1,10.50516782335574
9160,63,59040.87412694495,Mortgage,1,2149.9377281704383,1,8795.904600856216,1,0,0.0,1,6372.613667418955
9161,43,20015.678080725138,Rent,1,2358.416751232018,1,3312.549018521246,0,0,0.0,0,0.0
9162,64,53931.20318563966,Mortgage,1,1465.8529698355426,1,1600.3547325462118,1,0,0.0,1,0.0
9163,27,10959.751163224748,Rent,0,0.0,0,0.0,0,0,0.0,0,0.0
9164,39,33258.07950483455,Rent,0,0.0,1,1507.4524648274737,0,0,0.0,0,0.0
9165,83,83055.17997994364,Own,1,7060.070671796139,1,96758.46639356414,1,1,19820.089769100472,1,15.056388688352994
9166,72,53563.91437201216,Own,1,4520.812314585024,1,38659.74359129994,0,0,0.0,1,0.0
9167,60,39334.8849641502,Mortgage,1,1211.8903767240888,1,4003.513689929963,1,0,0.0,1,0.0
9168,57,50777.56951487411,Mortgage,1,2086.888638785486,0,0.0,1,0,0.0,1,3.9100047511370137
9169,52,43019.320431128,Mortgage,1,1969.230570188597,1,5132.858182382613,0,0,0.0,1,1.2409889987916272
9170,45,24438.836015224526,Rent,1,1170.7128306363393,1,3244.0930315099195,1,0,0.0,0,0.0
9171,43,24340.15302826154,Mortgage,1,951.5153295178093,1,3302.3418579150543,0,0,0.0,1,0.0
9172,53,68393.98682682455,Mortgage,1,1570.9463963309236,1,2913.0237289644583,0,0,0.0,1,0.0
9173,57,44228.52263441567,Mortgage,1,946.2335828988068,0,0.0,1,0,0.0,1,4044.6636131635523
9174,72,34215.711760351835,Mortgage,1,8756.315104803625,1,96758.46639356414,1,1,20004.98280111108,1,6.901597071020823
9175,91,283799.849845975,Own,1,4997.334745720043,1,96534.36719110928,1,1,12349.176800509667,1,8.571388517451593
9176,72,93048.58353890764,Mortgage,1,1009.8624308002525,1,2772.0231886318643,0,0,0.0,1,8.606948951108286
9177,27,525.5206015037594,Rent,0,0.0,0,0.0,0,0,0.0,0,0.0
9178,28,20929.199692637114,Rent,1,275.43210290399327,1,1315.3310962805142,0,0,0.0,0,0.0
9179,27,13445.748365227273,Rent,1,457.1151673669559,1,1703.1339008023322,0,0,0.0,0,0.0
9180,47,27139.17875468002,Mortgage,1,958.418513363313,1,3828.8463039084254,0,0,0.0,1,0.0
9181,59,34106.32811073265,Mortgage,1,811.3774290172647,0,0.0,1,0,0.0,1,0.0
9182,53,18015.223379419986,Mortgage,1,801.0949740628346,1,2486.995712667511,0,0,0.0,1,0.0
9183,42,52028.22050582906,Mortgage,1,1843.6135498795684,1,5823.17346188215,0,0,0.0,1,2534.1969774976787
9184,88,105501.56159813522,Own,1,3040.5412569152395,1,93200.71206506602,1,1,4770.513354806842,1,0.0
9185,41,25432.86047280765,Mortgage,1,1152.3191852710195,1,4000.5302210822374,0,0,0.0,0,0.0
9186,35,27220.043697512072,Rent,0,0.0,1,2430.9289617170107,0,0,0.0,0,0.0
9187,44,41041.601225221544,Mortgage,1,1223.1779794323804,0,0.0,0,0,0.0,1,14.518060033151874
9188,60,66152.83534959011,Own,1,2157.059361453291,1,8108.617482238514,0,0,0.0,1,5983.08902055076
9189,69,1526.1657321923922,Rent,0,0.0,0,0.0,0,0,0.0,1,14.185593607987482
9190,38,34668.54741317563,Rent,1,2122.189666450944,1,4005.7194703505506,0,0,0.0,0,0.0
9191,79,69553.67892943358,Mortgage,1,2539.5405394239074,1,9273.058215450248,0,0,0.0,1,6486.266106942898
9192,38,525.5206015037594,Rent,0,0.0,0,0.0,0,0,0.0,0,0.0
9193,58,47630.032833853285,Mortgage,1,2575.7541168656144,1,4899.8595658841905,0,0,0.0,1,2882.8760068164515
9194,74,129527.68081466513,Own,1,4204.005998603805,1,45700.05751604829,0,1,4265.073510119114,1,11162.626464542524
9195,54,41575.39152899149,Mortgage,1,1046.3764406131888,1,2786.8113626486493,0,0,0.0,1,4417.4945891375555
9196,81,20356.138940803132,Rent,1,1302.5221606524303,1,78077.3315745194,0,0,0.0,0,0.0
9197,75,42701.750311815,Own,1,3860.695460505865,1,78407.41013534289,1,1,8839.008923595542,1,37.77034935377615
9198,45,25114.932159612064,Own,1,785.51247988188,1,2552.527757656379,0,0,0.0,1,0.0
9199,30,9311.380771151587,Rent,0,0.0,0,0.0,0,0,0.0,0,0.0
9200,32,10323.168853540948,Rent,0,0.0,0,0.0,0,0,0.0,0,0.0
9201,27,525.5206015037594,Rent,0,0.0,0,0.0,0,0,0.0,0,0.0
9202,88,128112.71901786854,Own,1,10731.45148651048,1,75039.45366456223,1,1,4026.4154322383847,1,26.30615054888555
9203,43,19482.96933672665,Mortgage,1,990.5769321626335,1,2278.0115947153886,0,0,0.0,0,0.0
9204,37,31411.43757482575,Rent,1,660.6382458249698,1,1569.54774959737,0,0,0.0,0,0.0
9205,40,19899.02430342335,Rent,0,0.0,0,0.0,0,0,0.0,0,0.0
9206,44,21645.89598454066,Mortgage,1,1161.3567677022554,1,5329.692263704837,0,0,0.0,1,1.5122612102461048
9207,50,11446.053613688873,Mortgage,1,237.79182699805472,0,0.0,0,0,0.0,1,21.90256215437518
9208,52,86546.13973961439,Mortgage,1,988.1471552484155,0,0.0,1,0,0.0,1,0.0
9209,34,14043.423849358656,Rent,0,0.0,0,0.0,0,0,0.0,0,0.0
9210,28,20127.484555932668,Rent,1,1195.5175473322072,1,3193.0659655178188,0,0,0.0,0,0.0
9211,72,96294.79290096721,Own,1,6223.818581923855,1,34999.779070539786,0,0,0.0,1,0.0
9212,77,30429.03457484527,Own,1,1897.5035275683272,1,96129.89176312192,0,1,1.8907981277620531,1,2820.857541015099
9213,70,33009.611296603856,Rent,1,865.1499470005468,1,34945.34225566576,0,0,0.0,0,0.0
9214,75,107815.02247145631,Own,1,8821.318606886165,1,92150.7601365427,1,1,11865.278016092998,1,8626.061735356165
9215,46,17850.597673279874,Rent,1,26.35121153317482,0,0.0,0,0,0.0,0,0.0
9216,40,30926.17715477184,Rent,1,495.35032241572895,1,616.0562133547917,0,0,0.0,0,0.0
9217,63,28222.172866909572,Own,1,1321.2177041031932,0,0.0,1,0,0.0,1,8.711788951326742
9218,78,217645.13783836723,Own,1,1599.2476835677187,1,35491.98565193284,0,0,0.0,1,0.0
9219,39,46590.96733638587,Own,1,857.7881587666692,1,2978.217802839594,0,0,0.0,1,0.0
9220,90,249133.00723303057,Own,1,7784.993483639417,1,43863.02808926169,1,1,4518.172213788232,1,3.3459877476983526
9221,27,10867.113733225411,Rent,0,0.0,1,555.1328414021625,0,0,0.0,0,0.0
9222,30,6647.96670546781,Rent,0,0.0,0,0.0,0,0,0.0,0,0.0
9223,49,40255.04558101596,Mortgage,1,952.9115667190761,1,3802.4488584864966,1,0,0.0,1,2519.4414877434183
9224,58,27464.399659040348,Mortgage,1,1265.4124777020784,0,0.0,0,0,0.0,1,15.828572551521177
9225,75,112449.4710437085,Mortgage,1,29405.422564425204,1,88793.61700519225,1,1,20220.32455174631,1,0.0
9226,72,77690.64680911793,Own,1,5455.813759523172,1,77310.32830701688,0,1,10661.590789772852,1,6888.729532390334
9227,34,525.5206015037594,Rent,0,0.0,0,0.0,0,0,0.0,0,0.0
9228,52,10330.914219454837,Mortgage,1,1795.8974632311456,0,0.0,0,0,0.0,1,0.0
9229,66,39174.97274146924,Rent,1,2685.934195076049,1,36155.71105982912,0,0,0.0,0,0.0
9230,28,5555.213964460294,Rent,1,700.0857958918217,1,1931.4166775852668,0,0,0.0,0,0.0
9231,46,28390.845608004835,Rent,1,1064.5826532431172,1,3426.942240561674,0,0,0.0,0,0.0
9232,78,136868.69713465826,Own,1,2773.988208084502,1,8894.41601798656,1,0,0.0,1,31.70931594000644
9233,70,48537.88582544933,Rent,1,757.1904035766046,1,2864.399164720482,0,0,0.0,0,0.0
9234,53,65356.00304653544,Mortgage,1,821.9157329800896,1,3718.5101948380525,0,0,0.0,1,0.0
9235,41,21673.383096841688,Rent,1,887.281182668871,0,0.0,0,0,0.0,0,0.0
9236,71,38289.254895355974,Own,1,1162.2369962917542,1,1617.1783147258652,0,0,0.0,0,0.0
9237,74,67446.91680283107,Own,1,11558.256099133832,1,48829.940117770726,1,1,10996.739223920275,1,32.525804162586574
9238,28,4041.017139296544,Rent,0,0.0,0,0.0,0,0,0.0,0,0.0
9239,31,16944.87013782519,Rent,1,0.0,1,553.8355290850841,0,0,0.0,0,0.0
9240,44,13967.153319209609,Mortgage,1,1227.8778201794726,1,3980.8012515915943,0,0,0.0,1,15.311073923963763
9241,35,41051.76245509029,Rent,1,1371.9053008678434,1,3417.3924731528787,0,0,0.0,0,0.0
9242,42,8226.324226040984,Mortgage,1,1210.844092767206,0,0.0,0,0,0.0,0,0.0
9243,26,14643.592671400871,Rent,1,551.2403556320214,1,299.50492638776177,0,0,0.0,0,0.0
9244,55,41575.91058848296,Mortgage,1,1095.3688605114703,1,3867.5767694437955,1,0,0.0,1,0.0
9245,70,40743.000618796395,Own,1,2991.221456025534,1,44352.21976916865,0,0,0.0,1,1.6315114664420225
9246,57,33743.64932317791,Own,1,2178.589473196011,1,39754.33616968705,0,0,0.0,1,7197.8678140762595
9247,68,42172.40418213889,Own,1,2387.083358150447,1,1188.7281843277792,0,0,0.0,1,0.0
9248,88,206113.14629448115,Own,1,8126.942210397856,1,96758.46639356414,1,1,6890.350588270223,1,5.549704847668871
9249,91,719330.2599550177,Own,1,11101.087089417248,1,94853.01407426683,1,1,4957.078177330958,1,10708.857733348575
9250,78,121950.572508707,Own,1,8122.333755442363,1,45819.53722627942,1,0,0.0,1,31.2265226776762
9251,30,15302.187976236688,Rent,0,0.0,0,0.0,0,0,0.0,0,0.0
9252,63,37452.38161150065,Mortgage,1,1492.12762731078,1,4223.451444993707,0,0,0.0,1,0.0
9253,36,15305.000567091849,Rent,1,172.91170120559502,0,0.0,0,0,0.0,0,0.0
9254,48,33510.550932974766,Mortgage,1,1412.608155267995,1,3911.776437366236,0,0,0.0,1,11.19070742233551
9255,27,10295.310949052648,Rent,0,0.0,0,0.0,0,0,0.0,0,0.0
9256,91,175532.43328379083,Own,1,10708.652643994765,1,76653.56417232411,1,1,25820.96074983111,1,10596.634490259881
9257,73,95318.04924132579,Own,1,5506.824846535823,1,96758.46639356414,1,1,4911.562155488878,1,11.59231624266255
9258,57,29056.119596838893,Mortgage,1,3813.2455497413653,1,38240.20832918168,1,0,0.0,1,0.0
9259,37,36317.48465271691,Mortgage,1,957.1354967639331,1,4643.388296697976,0,0,0.0,1,2808.05701417895
9260,39,16825.13366048091,Rent,1,1302.0966545268593,1,2073.8999020340393,0,0,0.0,0,0.0
9261,59,35428.765903451866,Mortgage,1,1074.4388520248576,1,2405.1468567449256,0,0,0.0,1,2.292281865683431
9262,55,38980.097236316775,Mortgage,1,1743.4554798846737,1,3872.2263456172122,1,0,0.0,1,2535.884255533632
9263,78,134101.31263598823,Own,1,4453.511725892771,1,42718.48547006527,0,1,3611.505098259044,1,7812.9708377003535
9264,59,113965.7343090288,Own,1,2276.767834052849,1,8734.68725278845,0,0,0.0,1,3.0785558347935496
9265,44,45230.51136771016,Mortgage,1,1513.2260075766426,1,3373.12373663905,0,0,0.0,1,15.043912098540064
9266,50,21038.78983521702,Mortgage,1,1296.3038452997794,0,0.0,1,0,0.0,1,1.899121101415022
9267,31,11685.740419940408,Rent,0,0.0,0,0.0,0,0,0.0,0,0.0
9268,64,40514.72622404086,Own,1,2560.143049501734,1,10223.679979731567,0,0,0.0,1,2831.2614856304217
9269,56,53914.29369905034,Mortgage,1,1406.9328368445083,1,3853.655263697249,1,0,0.0,1,0.0
9270,45,31521.70400211427,Mortgage,1,382.8422161141489,0,0.0,1,0,0.0,0,0.0
9271,32,7041.324660657123,Rent,0,0.0,0,0.0,0,0,0.0,0,0.0
9272,91,243496.18976285058,Own,1,26285.28702095092,1,73438.89165904361,1,1,4840.842641399805,1,14512.43105708333
9273,76,71205.77765207633,Own,1,2189.3750275019775,1,38573.266839048854,0,0,0.0,1,0.0
9274,54,32151.012060020446,Mortgage,1,2846.435798070592,1,2152.415413813049,1,0,0.0,1,2.7611414675543027
9275,40,14670.759804852736,Rent,0,0.0,0,0.0,0,0,0.0,0,0.0
9276,37,11134.002806722594,Rent,1,593.1714448525648,1,3066.0206834924093,0,0,0.0,0,0.0
9277,36,24501.47304228499,Rent,1,1359.0334949258458,0,0.0,0,0,0.0,0,0.0
9278,31,38832.091872299854,Rent,1,637.8127508455334,1,3369.4945546353474,0,0,0.0,0,0.0
9279,72,87946.4672539387,Rent,1,2017.5504565559693,1,2962.6751251962546,0,0,0.0,1,0.18022754675817215
9280,67,53686.052372098115,Own,1,2616.843788466488,1,1926.7087241969584,0,0,0.0,1,1.9162234712565012
9281,63,58580.20715219579,Mortgage,1,4152.078235353836,1,9231.573598210847,1,0,0.0,1,4114.484131565444
9282,69,103143.18132974328,Own,1,6291.657461986543,1,43138.07087123263,0,1,5045.427200435333,1,0.0
9283,59,41536.91203676639,Mortgage,1,2359.728777710697,0,0.0,1,0,0.0,1,0.0
9284,58,36348.87885777394,Mortgage,1,1586.857340382328,1,3155.0751133139347,0,0,0.0,1,11.440903048065756
9285,62,27320.80129424437,Mortgage,1,2149.2449824118244,0,0.0,1,0,0.0,1,11.73316223327205
9286,82,199879.932354136,Own,1,30969.674674862803,1,96758.46639356414,1,1,10852.556632479322,1,9193.673008591204
9287,26,22077.714410168435,Rent,1,683.1222393948387,1,2688.1679407123,0,0,0.0,0,0.0
9288,53,35178.439460346104,Mortgage,1,1115.2407778128509,0,0.0,1,0,0.0,1,20.050774298851508
9289,64,60675.99373926618,Mortgage,1,5118.524632079583,1,9548.834929535597,1,0,0.0,1,6270.498816606238
9290,56,28200.8759768346,Mortgage,1,1686.8231484775542,1,4272.219940456756,1,0,0.0,1,0.0
9291,66,49620.58313081994,Mortgage,1,2174.0442039273885,1,9597.740184375143,1,0,0.0,1,0.0
9292,71,109365.6815793899,Own,1,1893.5545970282058,1,34694.37406944735,0,0,0.0,1,0.0
9293,26,16081.264391591616,Rent,1,519.9432999631415,1,1642.0343165712738,0,0,0.0,0,0.0
9294,53,62377.61264902944,Mortgage,1,2285.714651330772,1,3890.564010646437,1,0,0.0,1,5417.010418197184
9295,30,525.5206015037594,Rent,0,0.0,0,0.0,0,0,0.0,0,0.0
9296,78,69329.65782422732,Own,1,10004.401651286953,1,93292.65963849319,1,1,4595.375328854397,1,0.0
9297,52,18459.001813030427,Mortgage,0,0.0,0,0.0,0,0,0.0,0,0.0
9298,42,34100.1753305153,Mortgage,1,1860.8883623598642,0,0.0,0,0,0.0,1,0.0
9299,67,43576.6909117556,Own,1,6370.60055753795,1,44627.456369049985,0,0,0.0,1,0.0
9300,28,525.5206015037594,Rent,0,0.0,0,0.0,0,0,0.0,0,0.0
9301,38,3017.173092011937,Rent,1,19.985206804356494,0,0.0,0,0,0.0,0,0.0
9302,69,31154.440322804032,Mortgage,1,803.6434460628544,1,3021.069814165893,1,0,0.0,1,2374.3513772910383
9303,52,34927.03241016363,Mortgage,1,1099.8961183378394,1,3426.734023130378,0,0,0.0,1,2469.267156886024
9304,90,90215.55070739346,Own,1,27269.302456895137,1,96758.46639356414,1,1,15843.330000714948,1,16077.678593318335
9305,27,10887.450102224928,Rent,1,718.2702583454397,1,1772.9848940204872,0,0,0.0,0,0.0
9306,38,525.5206015037594,Rent,1,153.78313038557337,0,0.0,0,0,0.0,0,0.0
9307,44,32603.885934734193,Own,1,4252.966593605855,1,37211.47406612864,0,0,0.0,1,0.0
9308,46,20868.78297208855,Rent,1,1266.5319025371787,1,2453.140468830153,0,0,0.0,1,0.0
9309,45,35122.792683177286,Mortgage,1,1141.5357374647028,1,4030.0043917455905,0,0,0.0,1,0.0
9310,29,525.5206015037594,Rent,0,0.0,0,0.0,0,0,0.0,0,0.0
9311,28,18550.68668506697,Mortgage,1,687.7640254933417,0,0.0,0,0,0.0,0,0.0
9312,45,41625.37698379586,Mortgage,1,1488.8686470886348,1,2846.5052492963823,1,0,0.0,1,5.16504170138797
9313,74,139104.2745901077,Own,1,4948.5430286665,1,46101.61306321488,0,0,0.0,1,6323.532067595781
9314,44,21659.779930685338,Mortgage,1,1487.5581989659397,1,3274.6974071261,0,0,0.0,0,0.0
9315,66,27410.55547735905,Own,1,1599.2110354910174,0,0.0,1,0,0.0,1,4.842265384257407
9316,40,525.5206015037594,Rent,0,0.0,0,0.0,0,0,0.0,0,0.0
9317,27,31306.568343757757,Rent,1,617.7446521989561,1,2579.306873723131,0,0,0.0,0,0.0
9318,87,252514.53736853143,Own,1,40057.054415486244,1,95172.29150047015,1,1,4113.418205888729,1,0.0
9319,60,38048.63028842515,Mortgage,1,923.2372670288954,1,5585.347585430602,0,0,0.0,1,2432.1422778557708
9320,65,39073.901729495665,Mortgage,1,1294.9190358180776,1,8467.579552988607,1,0,0.0,1,0.0
9321,44,37868.59610329848,Mortgage,1,2541.642399509558,1,3370.4478115591046,0,0,0.0,1,2.920871804629916
9322,40,12240.246924542604,Rent,1,66.93449906735987,1,2572.0707201881896,0,0,0.0,0,0.0
9323,71,84373.24635090819,Own,1,2979.9953225947074,1,40034.602946057654,0,0,0.0,1,4.8184175858331715
9324,68,19785.744822134344,Rent,1,1940.0332511439372,1,38982.80898467366,0,0,0.0,0,0.0
9325,52,39167.22711884588,Mortgage,1,4314.060563603083,1,3109.218902824132,1,0,0.0,1,0.0
9326,58,43436.54629530694,Mortgage,1,2018.581774811205,1,9249.378848365786,0,0,0.0,1,0.0
9327,68,40963.34731388805,Own,1,2425.416486396857,1,8934.745312465551,0,0,0.0,1,0.0
9328,39,8847.57158218113,Rent,1,616.6872862908281,1,1508.885615106577,0,0,0.0,0,0.0
9329,28,35083.9680202397,Rent,1,705.4073488796964,1,1551.100365753862,0,0,0.0,0,0.0
9330,76,223820.99856735743,Own,1,7339.142851066176,1,95896.65874936974,1,1,4846.037963704113,1,28.3352980197116
9331,42,20553.66558564442,Rent,1,1762.4380647518578,1,2567.6746101104677,0,0,0.0,0,0.0
9332,33,15493.493806278071,Rent,1,272.48773188972757,1,2201.9808536770333,0,0,0.0,0,0.0
9333,67,36783.35958337694,Mortgage,1,2004.477289614298,1,4277.146710684027,0,0,0.0,1,0.0
9334,74,104062.15597441618,Own,1,8267.815680940701,1,96515.2216406902,1,1,4911.102474725232,1,0.0
9335,63,65496.7367863244,Own,1,2666.417236495996,1,8571.174057562397,1,0,0.0,1,0.0
9336,36,2786.285413750371,Rent,1,967.9854436656875,0,0.0,0,0,0.0,0,0.0
9337,74,45490.49370340984,Own,1,2472.9675186610384,1,85185.31936344634,1,0,0.0,1,13.976642518342947
9338,68,48107.647855305026,Own,1,2064.7992216602056,1,38881.630978954905,0,0,0.0,1,0.0
9339,45,19740.768339577917,Rent,1,1444.488003364885,1,2751.859436497028,0,0,0.0,0,0.0
9340,28,525.5206015037594,Rent,0,0.0,0,0.0,0,0,0.0,0,0.0
9341,64,35325.169884873016,Mortgage,1,1093.895389497993,0,0.0,1,0,0.0,1,4.424271089868203
9342,53,52692.45415626739,Mortgage,1,936.7984022208009,0,0.0,0,0,0.0,1,2140.779884942697
9343,30,2265.4771535384752,Rent,0,0.0,0,0.0,0,0,0.0,0,0.0
9344,73,37955.46563087863,Own,1,5969.088071778316,1,3150.1612187228748,0,0,0.0,1,0.0
9345,27,1839.8453304719296,Rent,0,0.0,0,0.0,0,0,0.0,0,0.0
9346,38,19071.25455500983,Rent,1,677.3309889853938,1,2119.705288967627,0,0,0.0,0,0.0
9347,88,228001.35188149638,Own,1,8696.531139510964,1,81743.17572516065,1,1,4601.076979097332,1,6421.88059044277
9348,53,35882.00046216855,Mortgage,1,1688.2658707703104,1,8928.194837725361,1,0,0.0,1,6.5944612971426295
9349,62,19492.93781928751,Mortgage,1,1911.2301058625562,1,38083.06157925736,0,0,0.0,1,0.0
9350,35,29531.502745688424,Rent,1,558.1141205909532,1,1299.5696621194302,0,0,0.0,0,0.0
9351,69,40093.42567165216,Own,1,1569.1040282722388,1,1963.6620185482152,0,0,0.0,1,0.0
9352,66,59457.206856653895,Mortgage,1,1841.543086251059,1,8586.542772682766,1,0,0.0,1,0.0
9353,88,129805.88629260845,Own,1,3280.0503129926433,1,85673.15314801664,0,1,4834.535921553182,1,0.0
9354,62,51200.575506593676,Mortgage,1,812.969639444349,1,8477.578483695997,1,0,0.0,1,0.0
9355,43,45827.98267429882,Mortgage,1,1121.0193960541658,1,2002.3992208003885,0,0,0.0,0,0.0
9356,34,12030.095153299108,Rent,1,409.1718093013362,1,3302.193880067459,0,0,0.0,0,0.0
9357,36,8511.43176860504,Rent,1,0.0,1,453.62132551542027,0,0,0.0,0,0.0
9358,91,894192.579983779,Own,1,3541.2813715538246,1,96758.46639356414,1,1,21329.774145832464,1,14.061627709477829
9359,75,107350.00643314561,Own,1,7134.017836588878,1,43864.893370053636,0,0,0.0,1,0.0
9360,71,101186.2311770783,Own,1,11041.627512080267,1,96227.99217476063,1,1,4922.66494575835,1,17.704680795982824
9361,36,2563.4872189167527,Rent,0,0.0,0,0.0,0,0,0.0,0,0.0
9362,68,49784.56270180421,Mortgage,1,1118.8599020509644,1,9272.47913949233,1,0,0.0,1,21.62498932013398
9363,31,525.5206015037594,Rent,0,0.0,0,0.0,0,0,0.0,0,0.0
9364,89,823653.1619492166,Own,1,32171.632258496094,1,96758.46639356414,1,1,4545.285037642088,1,17.92837630915558
9365,80,130089.38155357355,Own,1,8247.183200501191,1,95178.75419732451,1,1,4451.045587589958,1,4.370781252970987
9366,47,27517.73108564786,Mortgage,1,1281.04633303307,1,4832.206190852954,0,0,0.0,1,2812.2288925722687
9367,77,104074.57348624818,Own,1,3744.342247649759,1,96758.46639356414,1,1,5518.586800566785,1,8331.77755946927
9368,27,6965.933927162299,Rent,1,370.598699067394,1,388.17465059307165,0,0,0.0,0,0.0
9369,65,46989.69166359739,Mortgage,1,1583.6063435414019,1,7268.812313480568,1,0,0.0,1,0.0
9370,46,6909.737278826162,Rent,0,0.0,0,0.0,0,0,0.0,0,0.0
9371,77,40578.73814287797,Own,1,3108.228040726031,1,38628.45966056616,0,0,0.0,1,10.808475814322863
9372,62,69288.92144479779,Mortgage,1,1449.4623286373157,1,1635.9523258693948,1,0,0.0,1,0.0
9373,68,37606.36842292856,Own,1,828.857760133408,1,35457.45363911981,0,0,0.0,1,19.20152313815575
9374,61,31224.11398028827,Mortgage,1,1845.1885560771818,1,3425.1875672526185,1,0,0.0,1,4.94108486168113
9375,62,67080.71442170028,Own,1,1876.657099840601,1,86384.7936012892,0,0,0.0,1,22.37774390593117
9376,48,48906.900744123275,Mortgage,1,1881.116322127291,1,6007.717380565749,0,0,0.0,1,2811.2388367437484
9377,65,35753.704937789225,Own,1,2223.8530356292576,0,0.0,0,0,0.0,1,22.79271642453549
9378,47,43196.440567117184,Mortgage,1,1353.9555830171023,1,8736.41822569986,0,0,0.0,1,0.0
9379,88,698943.0911153944,Own,1,8889.829263241418,1,96758.46639356414,1,1,4932.969159634033,1,12.932074304073815
9380,29,24808.74666367394,Rent,1,533.8414262104577,1,1897.8568836145344,0,0,0.0,0,0.0
9381,28,11965.738173223594,Rent,0,0.0,0,0.0,0,0,0.0,0,0.0
9382,64,26485.93968842305,Own,1,1245.4136338628152,1,44264.6095816859,0,0,0.0,1,11.271602502774153
9383,62,49462.39085065068,Own,1,2340.529154320145,1,46866.80676575356,1,0,0.0,1,0.0
9384,51,25028.09593947823,Mortgage,1,1178.377226324898,1,4973.321508285486,0,0,0.0,1,2501.468664405509
9385,27,525.5206015037594,Rent,0,0.0,0,0.0,0,0,0.0,0,0.0
9386,28,8417.547432911106,Rent,0,0.0,0,0.0,0,0,0.0,0,0.0
9387,32,32627.582587956047,Rent,1,919.1424925939772,1,2673.1777571602493,0,0,0.0,0,0.0
9388,46,24530.075864420392,Mortgage,1,1351.3434052497216,1,2747.517450075807,0,0,0.0,1,0.0
9389,89,205268.08853414693,Own,1,33709.43803631099,1,94371.88613215493,1,1,13324.262805685497,1,8409.769027706217
9390,29,33066.78986615102,Rent,1,143.70765672853076,1,2849.2243077576345,0,0,0.0,0,0.0
9391,29,44148.72813975684,Own,1,3902.4682262740043,1,38707.94266876057,0,0,0.0,1,18.411946542330444
9392,73,38655.09380141183,Mortgage,1,732.0711184335594,1,9394.462111177421,1,0,0.0,1,0.0
9393,38,20877.051270358133,Rent,1,690.6607588931888,1,2301.266407733038,0,0,0.0,0,0.0
9394,77,53438.3982033715,Mortgage,1,2365.504987477232,1,9800.980514426748,1,0,0.0,1,0.0
9395,36,11291.056672169187,Mortgage,1,483.44283968259407,1,1091.1431856723814,0,0,0.0,0,0.0
9396,28,12497.786634188513,Rent,1,313.75053512238924,1,938.6053395441793,0,0,0.0,0,0.0
9397,71,88280.745097343,Own,1,2654.13075767545,1,35839.41358826002,0,0,0.0,1,2244.2548783559077
9398,27,12216.775808124275,Rent,0,0.0,1,849.9136347884807,0,0,0.0,0,0.0
9399,77,267069.0016935557,Own,1,3683.1827770586997,1,49001.75009906183,1,1,19095.7870826058,1,18.876781365138598
9400,62,70665.34901911113,Mortgage,1,3001.214181219452,1,8482.835275750682,1,0,0.0,1,12.209100930650896
9401,88,97291.74833139766,Own,1,7318.224761211307,1,45412.16559069963,0,1,4332.025806346158,1,6.845636146437361
9402,73,40550.82605915999,Own,1,2065.078811019556,1,44373.20792742303,0,0,0.0,1,2.883133649855887
9403,71,32443.92360004264,Own,1,1996.782460145619,1,36292.1024801421,0,0,0.0,1,4.701221646557941
9404,74,78544.76124077287,Own,1,25185.141323163272,1,83811.7048651247,1,1,18812.459729755028,1,11.81877420758829
9405,33,10958.019085475513,Rent,1,170.4954812117336,0,0.0,0,0,0.0,0,0.0
9406,32,18452.981158368602,Rent,1,758.3621352215815,1,1601.00803313067,0,0,0.0,0,0.0
9407,26,525.5206015037594,Rent,0,0.0,0,0.0,0,0,0.0,0,0.0
9408,69,18220.887389231626,Mortgage,1,750.9437588506629,0,0.0,0,0,0.0,1,6541.597495301485
9409,80,38343.24726978551,Own,1,7463.732628666561,1,36240.31747059711,0,0,0.0,1,19.206361183415048
9410,78,62364.20656289897,Mortgage,1,2066.4305255075656,1,9308.234701190433,0,0,0.0,1,0.0
9411,29,1521.1773141991343,Rent,0,0.0,0,0.0,0,0,0.0,0,0.0
9412,62,18399.675861561704,Mortgage,1,1333.0420287214665,0,0.0,1,0,0.0,1,6124.30251274765
9413,84,161871.5726039312,Own,1,31450.41070533081,1,96758.46639356414,1,1,12720.054196916884,1,8730.93142103509
9414,38,19385.751951615875,Rent,1,1538.817179483519,1,1821.3725695503908,0,0,0.0,0,0.0
9415,45,56708.50022510651,Mortgage,1,3566.7793095858206,1,8620.185350411708,1,0,0.0,1,0.0
9416,32,2034.1109183630615,Rent,0,0.0,0,0.0,0,0,0.0,0,0.0
9417,63,26206.33630626136,Rent,1,693.7629851887707,0,0.0,0,0,0.0,0,0.0
9418,70,150598.509379307,Own,1,3829.5707896886806,1,8019.303226602606,1,0,0.0,1,0.0
9419,62,41340.960441561416,Mortgage,1,1140.894432334119,1,3508.2898663603346,1,0,0.0,1,18.346186373344516
9420,31,15056.52929612792,Rent,1,865.7534451309622,1,1899.7582931919792,0,0,0.0,0,0.0
9421,58,13565.46952597963,Mortgage,1,2822.8481163717834,1,3641.7111634373823,0,0,0.0,1,21.497431933970127
9422,62,42093.48480766933,Mortgage,1,2333.7742129107382,1,9619.532330932307,1,0,0.0,1,4405.342770818789
9423,90,265471.2894835799,Own,1,9111.28987756649,1,90375.46293564636,1,1,11972.473916881134,1,3877.2832156250447
9424,65,44196.66323476741,Mortgage,1,2277.5290416275584,1,2814.0292620037026,0,0,0.0,1,15.384504677538157
9425,49,76606.3827199231,Mortgage,1,2490.318541383411,1,1918.105247073042,1,0,0.0,1,15.891877652838275
9426,44,31870.203671066243,Mortgage,1,1352.4460150707994,1,3455.9659478953063,1,0,0.0,1,0.0
9427,62,54604.34858570473,Mortgage,1,2378.3275921940376,1,9394.375245042133,1,0,0.0,1,4.266538999652324
9428,46,27840.154823648947,Rent,1,1683.932511798948,1,3123.995166877422,0,0,0.0,0,0.0
9429,62,60708.17224963097,Own,1,4258.599886949701,1,46245.27666518155,0,0,0.0,1,13.644199121953589
9430,34,22094.70784224383,Rent,1,863.8966503474144,1,1822.0254102906986,0,0,0.0,0,0.0
9431,36,37871.52689045987,Rent,1,558.5669734466311,1,42880.28642189535,0,0,0.0,0,0.0
9432,79,139297.57747516985,Own,1,4375.202019367675,1,44509.06943859923,0,1,6572.366241775622,1,0.0
9433,35,19658.77666309999,Rent,1,280.8223639895873,1,2195.453423442776,0,0,0.0,0,0.0
9434,74,93971.13955223127,Own,1,7043.066870942532,1,46012.31305068615,1,1,10186.307696764863,1,9.66365032606702
9435,35,54076.975005952045,Rent,1,46.4884467795863,1,1713.3469474136489,0,0,0.0,0,0.0
9436,90,240273.27483413968,Own,1,8604.305132586225,1,95837.1268173972,1,1,7189.738538168532,1,0.0
9437,35,14011.77149514184,Rent,1,69.61514919386332,1,1644.273987505745,0,0,0.0,0,0.0
9438,26,8210.95769187107,Rent,1,0.0,0,0.0,0,0,0.0,0,0.0
9439,60,35277.119406868784,Mortgage,1,1583.3692710175794,1,9699.573089244648,1,0,0.0,1,0.0
9440,45,26040.13387060417,Mortgage,1,954.1410870458122,1,4435.847204178087,0,0,0.0,1,0.0
9441,71,126240.55503170373,Own,1,7453.288672678935,1,45740.137676406506,0,1,19845.938154984007,1,10027.904572560115
9442,27,9970.050997071861,Rent,1,317.42046364857106,1,776.2574542180616,0,0,0.0,0,0.0
9443,88,210760.5733500789,Own,1,3870.455308566413,1,81228.777671635,1,1,4241.809897568128,1,1.4438345844552989
9444,35,525.5206015037594,Rent,0,0.0,0,0.0,0,0,0.0,0,0.0
9445,46,11850.912805008156,Rent,1,1487.649691555419,0,0.0,1,0,0.0,1,8.11121301658345
9446,52,23086.20371951941,Mortgage,1,989.3064677200306,0,0.0,1,0,0.0,1,0.0
9447,66,37336.06199243512,Rent,1,1762.8452521167392,1,1004.5271254427103,0,0,0.0,0,0.0
9448,29,34860.16604588391,Rent,1,405.6576782337248,1,1237.9224954740882,0,0,0.0,0,0.0
9449,32,6233.4889847862105,Rent,0,0.0,0,0.0,0,0,0.0,0,0.0
9450,30,7442.472445760468,Rent,1,375.4353354206551,0,0.0,0,0,0.0,0,0.0
9451,73,50719.47205132974,Rent,1,1656.2213831498393,1,2638.772769641101,0,0,0.0,1,28.920012635337525
9452,32,19617.997801997022,Rent,1,115.91648715553583,1,2143.441287933789,0,0,0.0,0,0.0
9453,91,111850.73832279872,Own,1,11255.815987820844,1,95540.79477752479,1,1,21147.609031050048,1,10584.630027387011
9454,37,9328.669944560796,Rent,1,674.856935981968,1,1892.6581385645154,0,0,0.0,0,0.0
9455,57,70274.72479287643,Mortgage,1,2291.381972399366,0,0.0,1,0,0.0,1,2.4105734239621768
9456,32,31618.178093582486,Rent,1,880.6215519451075,1,2062.277269282301,0,0,0.0,0,0.0
9457,29,2952.2806845336545,Rent,1,0.0,0,0.0,0,0,0.0,0,0.0
9458,27,4419.434457789535,Rent,0,0.0,0,0.0,0,0,0.0,0,0.0
9459,38,3603.5241704299915,Rent,0,0.0,0,0.0,0,0,0.0,0,0.0
9460,30,525.5206015037594,Rent,1,88.22248413105751,1,1092.1967805897534,0,0,0.0,0,0.0
9461,57,26343.204363734865,Mortgage,1,1164.0963442575126,1,4662.87042184869,0,0,0.0,1,3.6331926174102507
9462,52,34993.96103172738,Mortgage,1,1231.1467002780635,0,0.0,1,0,0.0,1,2402.481963930232
9463,40,29751.337093950777,Rent,1,1360.5518146104723,1,3829.711730599458,0,0,0.0,0,0.0
9464,62,36722.434196972434,Mortgage,1,899.0306081488774,1,3764.9853555542795,0,0,0.0,1,4.934096629709431
9465,41,18041.012890685062,Rent,1,0.0,1,1744.5084931946485,0,0,0.0,0,0.0
9466,35,22740.128119592162,Mortgage,1,1250.1317672174291,1,3541.7397575791247,0,0,0.0,1,0.0
9467,61,37281.19760778456,Own,1,4861.523906325396,1,9329.829533913362,0,0,0.0,1,11.153649117050525
9468,27,13869.97818175995,Rent,1,339.1517267620709,1,1376.430036729762,0,0,0.0,0,0.0
9469,76,185377.559572356,Own,1,7636.22138138774,1,96758.46639356414,1,1,8848.996566703316,1,16.972023322032605
9470,41,19910.808642437103,Rent,1,440.22296386005604,1,3130.169218378209,0,0,0.0,0,0.0
9471,39,11506.293261567393,Rent,1,784.9450470382958,1,2815.722546118681,0,0,0.0,0,0.0
9472,26,14706.917124445883,Rent,1,523.7227181676244,1,2652.72113028603,0,0,0.0,0,0.0
9473,44,27029.51602161709,Mortgage,1,687.741063690362,0,0.0,0,0,0.0,0,0.0
9474,73,32160.84493463703,Own,1,2227.440789451485,1,2900.990895112391,0,0,0.0,1,0.0
9475,61,65230.39891422983,Own,1,7759.465062890702,1,76802.79264260216,1,1,0.0,1,16.431889411119048
9476,85,211652.80858303467,Own,1,8909.212720067415,1,95829.17875873331,1,1,11265.263321999855,1,0.0
9477,67,83428.50024645703,Mortgage,1,6760.061297663795,1,9501.667060623176,1,1,4523.898499513711,1,18.18255791546887
9478,78,136021.97998836375,Own,1,4636.2708078948,1,40751.52001771974,0,1,3876.151935173991,1,11465.646814718002
9479,62,59849.968627902075,Mortgage,1,4540.327476244784,1,8786.392255246947,1,0,0.0,1,19.436827156447773
9480,58,41647.50056895397,Mortgage,1,364.69411723654963,1,3734.8666673297403,1,0,0.0,1,0.0
9481,36,2459.4249867999188,Rent,0,0.0,0,0.0,0,0,0.0,0,0.0
9482,34,1826.7619112006905,Rent,0,0.0,0,0.0,0,0,0.0,0,0.0
9483,40,71950.24613674256,Rent,1,895.3160917411718,0,0.0,0,0,0.0,0,0.0
9484,29,14513.547111429292,Rent,0,0.0,0,0.0,0,0,0.0,0,0.0
9485,48,7776.131406988807,Mortgage,1,573.7582008689603,0,0.0,0,0,0.0,0,0.0
9486,28,23767.19460359907,Rent,1,740.7675650327377,1,3333.9331510468,0,0,0.0,1,0.0
9487,36,13615.356899893448,Rent,1,383.693309969769,1,1896.7571433366707,0,0,0.0,0,0.0
9488,57,30928.938112227264,Mortgage,1,1505.2852026126995,1,9086.667070683927,1,0,0.0,1,3959.7180992509543
9489,38,525.5206015037594,Rent,0,0.0,0,0.0,0,0,0.0,0,0.0
9490,43,51711.685694531276,Mortgage,1,1211.4007317902774,1,3621.980630476628,1,0,0.0,1,0.0
9491,57,43505.72087390766,Mortgage,1,7009.656745353794,1,3431.794332098922,1,0,0.0,1,0.0
9492,52,36382.0866889578,Mortgage,1,1261.440854135201,1,4038.5700007037226,1,0,0.0,1,0.0
9493,46,28697.216356347166,Rent,1,1320.8011634440445,1,2117.857820546036,0,0,0.0,0,0.0
9494,45,20388.04488032274,Mortgage,1,1050.1580308801158,1,3706.868228513816,0,0,0.0,1,2913.8478669174883
9495,76,132287.02908670006,Own,1,4832.032891270139,1,44084.75463781305,0,0,0.0,1,5077.89590115067
9496,43,33069.3352705181,Mortgage,1,696.2538196865672,0,0.0,0,0,0.0,1,7.259843208584576
9497,31,525.5206015037594,Rent,0,0.0,0,0.0,0,0,0.0,0,0.0
9498,44,20989.741730696747,Mortgage,1,667.9878402184942,1,3828.7900189844177,0,0,0.0,1,0.0
9499,71,61193.14182179542,Own,1,1261.7407888857417,1,1025.9474936873153,0,0,0.0,1,17.360098231397334
9500,40,15777.748991390485,Rent,1,743.8902520305039,1,132.36095854191376,0,0,0.0,0,0.0
9501,30,26923.130340920783,Rent,1,1274.408821472589,1,1280.6611465619117,0,0,0.0,0,0.0
9502,39,34848.87134982588,Rent,1,984.0410411212283,0,0.0,0,0,0.0,1,12.212980778618565
9503,62,28059.078378464154,Mortgage,1,1883.404492675667,1,4336.07831368366,0,0,0.0,1,0.0
9504,53,53745.516091608486,Mortgage,1,1106.6951318416395,1,2697.050934103031,1,0,0.0,1,0.0
9505,61,34790.42288477601,Mortgage,1,1020.7058689026424,1,5160.637919320612,0,0,0.0,1,2714.9217731392064
9506,35,17524.70970473522,Rent,1,1142.8109893102437,1,1916.8050837222313,0,0,0.0,0,0.0
9507,35,9692.213536563402,Rent,1,67.11807528371787,1,1333.670784624001,0,0,0.0,0,0.0
9508,91,198518.80195391786,Own,1,5598.165887093779,1,95149.63667844144,1,1,9111.673956224031,1,19.59673296277663
9509,70,44125.552760816456,Mortgage,1,2001.110764778125,0,0.0,1,0,0.0,1,0.0
9510,66,33476.9539427351,Mortgage,1,2715.0537678524124,1,85806.55976377627,1,0,0.0,1,8.274103051781378
9511,35,22258.876673922437,Rent,1,0.0,0,0.0,0,0,0.0,0,0.0
9512,27,50865.387371164,Rent,1,1553.273241333297,1,2256.1325664190813,0,0,0.0,0,0.0
9513,59,54356.57405589587,Mortgage,1,1725.0160296473116,1,9358.218259380408,1,0,0.0,1,0.0
9514,88,110744.57152520427,Own,1,6998.198101193383,1,44538.207075693055,0,1,4720.643893209293,1,1.8382502918066697
9515,33,8153.089921161394,Rent,0,0.0,0,0.0,0,0,0.0,0,0.0
9516,69,29946.632682678817,Own,1,2090.486525716479,1,9354.798553322247,0,0,0.0,1,3.028250977608631
9517,33,6676.002585423768,Rent,0,0.0,0,0.0,0,0,0.0,0,0.0
9518,50,36362.511978244904,Rent,1,1174.840810301801,1,3882.4560385867726,0,0,0.0,0,0.0
9519,53,31222.66369175354,Mortgage,1,1815.9162059685332,1,7756.26352829473,1,0,0.0,1,0.0
9520,88,89313.66370727989,Own,1,6028.549180229856,1,87520.27488296684,1,1,11678.293603948818,1,11284.052650540933
9521,46,22493.865196302722,Rent,1,1239.4938623707976,1,3314.438610104026,0,0,0.0,0,0.0
9522,74,107493.62701790786,Own,1,6591.085934686271,1,38608.218512955376,0,1,4.9148124745854185,1,0.0
9523,43,21187.956018778466,Rent,1,1893.0636320755427,1,2168.2082035971375,0,0,0.0,1,19.72525154998538
9524,41,18285.21700269504,Mortgage,1,2030.1438419082453,1,3268.9183617504973,0,0,0.0,1,2858.284469481348
9525,77,179128.14829998044,Own,1,30972.410409122767,1,96758.46639356414,1,1,10231.104770525542,1,19.233348905252598
9526,42,43062.84174274899,Rent,1,1161.8911246153568,1,3328.8741296418775,0,0,0.0,0,0.0
9527,59,51555.66558379837,Mortgage,1,1476.3927962539497,1,9194.263771226711,1,0,0.0,1,0.0
9528,78,59795.255992615166,Mortgage,1,2830.0711493111467,1,8772.118124950372,1,0,0.0,1,9.095095903008364
9529,32,34251.4053922079,Rent,1,2200.308672970421,1,4014.4007760969203,0,0,0.0,1,0.0
9530,63,73977.31354826961,Mortgage,1,2384.2251037167507,1,9641.042194160456,1,0,0.0,1,3869.773355002798
9531,35,14922.710482848866,Rent,1,238.5936874382768,0,0.0,0,0,0.0,0,0.0
9532,68,28960.7920600082,Own,1,1047.4296101557788,1,924.95201490614,0,0,0.0,1,0.2350620443114645
9533,91,235028.3377990934,Own,1,7864.686264272456,1,96758.46639356414,1,1,5150.283004597286,1,12.456643240996803
9534,71,35901.98076377779,Own,1,5037.872894281885,1,9709.773790891466,0,0,0.0,1,3937.224459665161
9535,63,33512.24593856327,Mortgage,1,2386.8558698586653,0,0.0,1,0,0.0,1,2658.533337345005
9536,64,37231.987409258145,Mortgage,1,1520.381930264166,1,8723.945064227792,1,0,0.0,1,4741.699865236267
9537,27,6892.155283114424,Rent,1,648.8410063428207,1,836.2778761969864,0,0,0.0,0,0.0
9538,59,42685.75937531804,Mortgage,1,888.2211362270536,0,0.0,1,0,0.0,1,0.7648482990056903
9539,34,30391.967608539995,Own,1,1959.9097662000136,1,37498.71425893944,0,0,0.0,1,0.0
9540,47,20064.6515616686,Rent,1,559.1205390752241,0,0.0,0,0,0.0,0,0.0
9541,30,10978.498312545616,Rent,1,789.2604421259491,1,395.220566602997,0,0,0.0,0,0.0
9542,89,117349.96664490699,Own,1,3359.334516067236,1,93317.82103125694,1,1,4446.980206396453,1,0.0
9543,43,45722.59783968384,Mortgage,1,1038.962999404558,1,3218.700805400742,0,0,0.0,0,0.0
9544,74,40884.84924772753,Own,1,2198.1961308992804,1,40967.4327536109,1,1,7063.401755206291,1,5701.5490133012845
9545,74,49648.64668173633,Own,1,1809.2994495522526,1,36965.99597260852,0,0,0.0,1,0.0
9546,36,36069.151369288666,Mortgage,1,2031.0687203001585,1,3947.9281242816464,0,0,0.0,1,4402.942043470599
9547,26,14035.40260098475,Rent,0,0.0,0,0.0,0,0,0.0,0,0.0
9548,75,60104.15537537671,Own,1,2455.9168060102334,1,8427.50391837229,0,0,0.0,1,0.0
9549,91,236181.7478317858,Own,1,5357.315627470338,1,95334.69154218379,1,1,22469.845185382634,1,10780.537611598844
9550,31,25615.933131334175,Rent,1,366.75246408487084,1,1418.9597346356486,0,0,0.0,0,0.0
9551,76,221204.68578059034,Own,1,36796.68309251386,1,96758.46639356414,1,1,20245.92401297286,1,2.9427376265246026
9552,57,29008.960418607625,Own,1,2487.6333520031694,1,2367.555126271372,0,0,0.0,1,23.141584343779463
9553,58,42550.59207563657,Mortgage,1,892.8645384434466,1,4218.775933610209,0,0,0.0,1,2834.6541401713725
9554,70,33607.883014017454,Own,1,1270.526103732726,1,1870.79443457452,0,0,0.0,1,2664.8244514145777
9555,36,19285.09218061924,Rent,1,358.3771095081694,1,1314.1595053541523,0,0,0.0,0,0.0
9556,63,55930.14875533661,Mortgage,1,3878.807369755573,0,0.0,1,0,0.0,1,12.83084381402915
9557,69,46217.79245684687,Own,1,1808.8895204425776,1,35623.72482868818,0,0,0.0,1,11.05969071366113
9558,63,50991.01614157406,Mortgage,1,1408.3762036245093,0,0.0,0,0,0.0,1,8.263536849045172
9559,51,31132.652297578436,Mortgage,1,558.50222529949,0,0.0,0,0,0.0,1,0.0
9560,72,190535.79572891162,Own,1,5991.2497513177495,1,83987.68256388238,1,1,4853.862015014369,1,18.260222959896236
9561,57,38991.12963529288,Rent,1,1334.0655149280522,1,1510.8543918520538,0,0,0.0,0,0.0
9562,47,15370.352617508626,Mortgage,1,1196.1256066090557,1,3667.5441961491233,0,0,0.0,1,0.0
9563,74,134683.1047480018,Own,1,5606.7223452906655,1,44462.1583043875,0,1,5876.797384105333,1,27.061218024697016
9564,49,27062.594052920453,Mortgage,1,817.0683988498932,1,3729.0590196479834,0,0,0.0,1,6365.004643883566
9565,59,60610.81754315098,Mortgage,1,2238.1049575587003,1,8779.697562728426,1,0,0.0,1,0.0
9566,29,23953.953501092452,Rent,1,1210.8304882610803,1,1974.9832320814512,0,0,0.0,0,0.0
9567,37,8669.335813788783,Rent,1,425.6797793946676,1,1244.7555956112133,0,0,0.0,0,0.0
9568,85,92049.00359364953,Own,1,9377.04122538337,1,95564.46318751687,1,1,4565.651227830348,1,15.939366991962528
9569,73,41374.376026777136,Own,1,4651.578668737397,1,35783.35241111984,0,0,0.0,1,27.366581584148687
9570,38,18399.758698778365,Rent,1,733.4638794692378,1,1897.1478039346339,0,0,0.0,0,0.0
9571,61,43995.09905196454,Mortgage,1,1130.119229499529,1,9114.801456658784,1,0,0.0,1,0.0
9572,79,120119.91898892928,Own,1,7002.146584141891,1,82550.3482069091,1,1,5152.3330834777835,1,11.564130023272147
9573,76,100935.29206251344,Own,1,4331.677160304139,1,37615.417183107464,0,0,0.0,1,2549.0854571933937
9574,66,31985.137630751033,Mortgage,1,2714.239683330853,1,3243.0845013192857,0,0,0.0,1,0.0
9575,70,50402.713437921724,Own,1,2456.33581005768,1,35295.2525503263,0,0,0.0,1,9.318419952027316
9576,68,33389.79119355325,Mortgage,1,2110.2739116367065,0,0.0,1,0,0.0,1,0.0
9577,47,27709.33576742171,Mortgage,1,724.1229323166524,1,3008.776248680555,0,0,0.0,0,0.0
9578,71,62436.60865481652,Mortgage,1,2363.093645361374,1,8842.657678440763,1,0,0.0,1,0.0
9579,64,107255.65154763787,Own,1,5760.105918376431,1,75852.85181443009,1,1,6889.400106270357,1,2.67725114448462
9580,32,4638.074442874513,Rent,1,766.7699229755935,1,2343.4606033468003,0,0,0.0,0,0.0
9581,40,18324.64024070982,Rent,1,732.9006947069643,1,3634.954673335712,0,0,0.0,0,0.0
9582,60,37556.60015419047,Mortgage,1,3030.4605686381383,1,3459.3691624835074,1,0,0.0,1,10.181433308933547
9583,47,24036.276818082093,Mortgage,1,1447.9076275522784,1,3075.5905001061615,0,0,0.0,1,7574.949301276719
9584,27,13114.674578859693,Rent,1,497.31744264140093,1,577.9494804250096,0,0,0.0,0,0.0
9585,45,15416.07562059245,Rent,0,0.0,0,0.0,0,0,0.0,0,0.0
9586,91,266993.8877098005,Own,1,5674.129548129473,1,73101.50377786433,1,1,27796.288337626527,1,43.895687117449214
9587,29,525.5206015037594,Rent,0,0.0,0,0.0,0,0,0.0,0,0.0
9588,63,62356.16259561897,Own,1,2855.413647994109,1,8718.666117041168,0,0,0.0,1,15.675756604149491
9589,75,46340.5305732461,Own,1,2583.822351392296,1,38031.50640729608,0,0,0.0,1,2.358076577831912
9590,65,31410.136907894957,Mortgage,1,1628.6648582966534,1,9018.810915795624,1,0,0.0,1,0.0
9591,76,62592.648257875764,Own,1,3644.108999167909,1,42475.59060331456,1,0,0.0,1,9.759469053978716
9592,30,25911.573989864162,Rent,1,1783.1244474153607,1,37885.019881065724,0,0,0.0,1,1.8088281531039851
9593,68,27890.95635917983,Own,1,2717.2280215483243,1,37815.56689026263,0,0,0.0,1,6.170955616137161
9594,55,27899.992034377356,Mortgage,1,1466.812153022755,1,9402.431099159248,1,0,0.0,1,2780.0798578745116
9595,48,24010.732189793944,Rent,1,529.5548092613913,1,3182.5010461626243,0,0,0.0,0,0.0
9596,49,24180.472852804836,Mortgage,1,1298.1855278711578,0,0.0,0,0,0.0,1,3.443150404883496
9597,29,2859.6041244978223,Rent,1,223.33511130424768,1,2677.131957009447,0,0,0.0,0,0.0
9598,88,149814.95654913277,Own,1,4470.686168074527,1,96758.46639356414,1,1,3782.1155156345285,1,17.77296812271595
9599,45,51473.4580068745,Mortgage,1,260.9191795534714,0,0.0,1,0,0.0,1,0.0
9600,91,252991.32288652216,Own,1,11053.360382908724,1,96758.46639356414,1,1,10493.292202208118,1,1.94122621281124
9601,75,38157.35722575886,Mortgage,1,7534.6153043684335,1,9722.443223045488,1,0,0.0,1,29.623763990364754
9602,57,34142.19598643817,Mortgage,1,1169.3027040561785,1,2069.3952198783845,1,0,0.0,1,2710.9347009863704
9603,56,15494.619088945245,Mortgage,1,1260.0527436981806,1,3296.6417217956587,0,0,0.0,1,22.473393422408925
9604,38,22475.967867532734,Mortgage,1,949.3365735752268,1,2321.656426182073,0,0,0.0,1,0.0
9605,85,123554.03742978458,Own,1,5667.649881185095,1,96758.46639356414,1,1,4637.4932156691075,1,8486.515130879883
9606,78,50091.776475009094,Own,1,4711.531595893175,1,9573.230341633363,1,1,5.500970185155617,1,0.0
9607,47,35872.83284636853,Mortgage,1,1814.8328710883022,0,0.0,0,0,0.0,1,0.0
9608,60,56892.08776347856,Mortgage,1,1677.5948087255535,1,4275.691763792196,1,0,0.0,1,0.0
9609,27,525.5206015037594,Rent,0,0.0,0,0.0,0,0,0.0,0,0.0
9610,67,44808.654378087725,Own,1,6029.03232750878,1,46241.79837751188,0,0,0.0,0,0.0
9611,91,108477.0067838588,Own,1,6132.945137086149,1,76571.29039857509,1,1,19053.89012806985,1,0.0
9612,62,33035.20251042178,Own,1,1585.8926684278679,1,48714.06868086633,0,0,0.0,1,0.0
9613,45,47938.38479268373,Mortgage,1,1120.8518221754055,0,0.0,0,0,0.0,1,0.0
9614,56,30259.479413294604,Mortgage,1,2727.6897808079516,1,9618.893984958499,1,0,0.0,1,0.0
9615,63,80209.20951698105,Own,1,1353.7797735800236,1,38863.96898054096,0,0,0.0,1,0.0
9616,31,16669.96348177349,Rent,0,0.0,0,0.0,0,0,0.0,0,0.0
9617,34,36180.54230601249,Rent,1,984.895208371327,1,4445.959360982808,0,0,0.0,0,0.0
9618,55,30312.159133782417,Mortgage,1,1099.1792786275694,0,0.0,1,0,0.0,1,2496.502128976961
9619,59,43356.16050664547,Mortgage,1,2077.091759235367,1,10042.182610026606,1,0,0.0,1,18.313968115821
9620,76,104425.79792473164,Own,1,41464.54991242854,1,94779.62057992005,1,1,12155.902904103861,1,24.078957615270152
9621,59,42082.716134630864,Mortgage,1,1307.0252637309936,1,2768.398926960571,1,0,0.0,1,0.0
9622,73,32593.22197640626,Own,1,1571.2378498717867,1,34497.54604540059,0,0,0.0,1,18.2521949286692
9623,31,7483.389087782454,Rent,1,624.1988397078152,0,0.0,0,0,0.0,0,0.0
9624,86,191771.39591725677,Own,1,5116.980342461785,1,96758.46639356414,1,1,5012.706849134341,1,10631.606780500184
9625,43,19316.123595844285,Rent,1,716.7784208447657,1,2889.710918103341,0,0,0.0,0,0.0
9626,53,34608.34972256653,Mortgage,1,2988.425731317177,1,9128.450724910168,1,0,0.0,1,4431.694330676089
9627,50,37248.71767651834,Rent,1,695.1885929810227,1,45130.980778000376,0,0,0.0,0,0.0
9628,91,712531.2663722853,Own,1,41343.31501122855,1,86652.4717139643,1,1,9798.323360134638,1,8209.63386673706
9629,45,27730.645689881025,Mortgage,1,655.4301867937795,0,0.0,0,0,0.0,1,0.0
9630,67,77078.91620424765,Mortgage,1,2340.940305208299,1,9513.921191727188,1,0,0.0,1,18.96329146168116
9631,43,13519.12805198046,Rent,1,1122.2379230852669,0,0.0,0,0,0.0,0,0.0
9632,90,98089.41417796837,Own,1,6800.733907836488,1,96758.46639356414,1,1,19388.943600339007,1,23.30214897332451
9633,73,116285.0048414661,Own,1,2632.7835063246575,1,35543.94629208424,0,0,0.0,1,6.507648322145818
9634,78,718620.6686450347,Own,1,5178.414358479402,1,94634.69492050116,1,1,21797.06336154019,1,17.70328505196555
9635,45,46512.277395317156,Mortgage,1,922.2804919922188,1,3431.025380710641,0,0,0.0,1,8.929282715257763
9636,48,18490.153365504873,Mortgage,1,509.64423685777865,0,0.0,0,0,0.0,1,10.397189902226142
9637,34,853.8291941015195,Rent,0,0.0,0,0.0,0,0,0.0,0,0.0
9638,89,658226.3790643812,Own,1,21430.652076737868,1,90494.47526655787,1,1,7579.985051373894,1,6.96287714201157
9639,46,12783.199347143192,Rent,1,901.187240822791,1,2190.948163607907,0,0,0.0,0,0.0
9640,42,7783.751665534501,Rent,1,773.3046097782967,1,1761.027267679216,0,0,0.0,0,0.0
9641,28,19378.38314650337,Rent,1,1533.9750847392606,1,3667.3906082028934,0,0,0.0,0,0.0
9642,74,32947.06421001127,Mortgage,1,1935.9176151316435,1,9483.212432368806,0,0,0.0,1,5.539678819894873
9643,49,35550.99358798211,Rent,1,1554.0768390796748,1,2968.3078481632033,0,0,0.0,1,4.873453855036468
9644,30,11252.919955285,Rent,0,0.0,1,1863.0235052848834,0,0,0.0,0,0.0
9645,73,238224.78293588804,Own,1,5480.892839676543,1,95529.5803502982,1,1,7391.232516463085,1,9607.295594553614
9646,61,47204.31630086496,Mortgage,1,1940.861189461995,1,8437.09314311917,1,0,0.0,1,5.1252384662440535
9647,68,128163.6274674253,Own,1,6715.39419188204,1,91943.18678131641,1,1,4574.1853185062855,1,0.0
9648,77,114057.7751332676,Mortgage,1,2258.0345447719355,1,39396.75402176058,1,0,0.0,1,4.372679625034651
9649,68,46248.81273415618,Own,1,2068.0153648291075,1,38693.2679164818,0,0,0.0,1,0.0
9650,68,23190.217066023557,Own,1,1990.555369260313,1,79724.16249671795,0,0,0.0,1,12.098959305919202
9651,52,46925.58956315028,Mortgage,1,2159.111632637921,1,4186.630804183735,0,0,0.0,1,0.0
9652,28,21924.326944838307,Rent,1,546.9958205458161,1,1685.5754876703568,0,0,0.0,0,0.0
9653,31,525.5206015037594,Rent,0,0.0,0,0.0,0,0,0.0,0,0.0
9654,40,9754.543209629086,Rent,1,557.1488383097042,1,3220.538986407508,0,0,0.0,0,0.0
9655,90,103588.69741272871,Own,1,8688.357179692304,1,44637.688087636154,0,1,0.0,1,21.257522160671325
9656,63,64884.74238923608,Mortgage,1,1478.741634970335,1,9558.06297070831,1,0,0.0,1,0.0
9657,51,62779.31496549726,Rent,1,140.6391678603204,1,1930.6002932728732,0,0,0.0,0,0.0
9658,89,205152.9705320648,Own,1,8935.239232132742,1,96758.46639356414,1,1,22385.66445305115,1,0.0
9659,31,24411.536782129784,Rent,1,905.066668096285,1,124.82098597681033,0,0,0.0,0,0.0
9660,43,18923.122640650476,Mortgage,1,1127.4919796020915,1,2611.5397414135,0,0,0.0,1,0.0
9661,91,128300.72351470806,Own,1,5931.431298905778,1,94021.09596327772,1,1,18123.815146787507,1,1.215736820559483
9662,36,16147.627372212522,Rent,1,0.0,0,0.0,0,0,0.0,0,0.0
9663,28,6928.665392455056,Rent,1,184.90408646120204,1,1006.3500396236836,0,0,0.0,0,0.0
9664,39,25841.17380967104,Rent,1,1001.6301368261571,1,5101.254749365296,0,0,0.0,0,0.0
9665,36,19621.24230204392,Rent,1,682.6075196993435,1,2272.4510327917396,0,0,0.0,0,0.0
9666,89,85231.3598139536,Own,1,3752.1856712024855,1,96200.25840485869,1,1,6695.979833546612,1,0.11611443972384729
9667,73,22643.594846210144,Mortgage,1,958.4235593451132,1,2598.009838945425,0,0,0.0,1,7369.291295909143
9668,73,112485.21821408249,Own,1,4981.325790341646,1,44908.0518286543,0,1,0.0,1,10.646085904043606
9669,53,21071.58186001728,Rent,1,1248.7618016285805,1,1367.70481586703,0,0,0.0,0,0.0
9670,55,36432.99089797679,Mortgage,1,2550.172408246933,1,10887.244191511134,1,0,0.0,1,0.0
9671,37,15039.120936851568,Rent,1,68.31918148746172,1,2379.5969324293133,0,0,0.0,0,0.0
9672,64,68903.69490417266,Mortgage,1,2689.964385759743,1,3993.0020205273836,0,0,0.0,1,3510.3370919533354
9673,51,22192.092621008458,Mortgage,1,1236.399190545779,0,0.0,0,0,0.0,1,17.77722343984178
9674,73,46414.63266278678,Own,1,6902.703815610211,1,81691.9603894655,0,1,0.0,1,4432.087079125208
9675,44,20567.923536962175,Rent,1,876.2276912598588,0,0.0,0,0,0.0,0,0.0
9676,74,89184.6175950143,Own,1,1817.7923563340964,1,35669.167782503464,0,1,0.0,1,0.0
9677,57,31587.419933433855,Mortgage,1,1263.8856507873397,1,4947.5650856092,1,0,0.0,1,2320.5167119099588
9678,37,6142.273525992641,Rent,1,229.9622954600095,1,1021.9852925499008,0,0,0.0,0,0.0
9679,28,24259.94519031339,Rent,0,0.0,1,267.5148564087983,0,0,0.0,0,0.0
9680,46,28616.094269211513,Rent,1,1537.075075900877,1,3880.825063354172,0,0,0.0,0,0.0
9681,73,109564.22698601068,Own,1,8834.263900035561,1,43597.92411544738,0,1,4386.619315782063,1,2.4166242346023337
9682,67,55614.798170836955,Own,1,3595.814018258474,1,3556.389564491057,1,0,0.0,1,3880.5322953191762
9683,81,237038.6500981262,Own,1,5087.8188548984635,1,96758.46639356414,1,1,10877.660329895165,1,25.87557653582131
9684,56,16178.554341455907,Rent,1,2377.1633402181865,1,3007.9844890224144,0,0,0.0,0,0.0
9685,68,61067.30406185275,Mortgage,1,1401.4564303125194,1,3219.8070984577485,0,0,0.0,1,0.0
9686,82,548009.6219657537,Own,1,23457.105007377246,1,84681.87647122826,1,1,4446.352798261421,1,17.51535823267588
9687,43,16870.70673897067,Mortgage,1,404.5187787163032,0,0.0,1,0,0.0,1,15.85915776851946
9688,33,14283.7450964318,Rent,1,578.4777822652036,1,1541.3350693917796,0,0,0.0,0,0.0
9689,63,41553.47941447687,Mortgage,1,4603.629534424454,1,10210.769168462166,0,0,0.0,1,0.0
9690,85,146164.91203119952,Own,1,11048.448369702935,1,83264.08009217352,1,1,7076.966129343796,1,2.810524673112321
9691,51,39270.389078346765,Rent,1,528.9632399279952,0,0.0,0,0,0.0,1,11.138621339464274
9692,59,65037.663802668576,Mortgage,1,1522.2791638433614,1,4041.7706999280927,1,0,0.0,1,0.0
9693,34,12479.320776755503,Rent,1,1200.076957593122,1,2799.7940965621756,0,0,0.0,0,0.0
9694,43,42177.108791589766,Mortgage,1,688.9906645127542,1,3444.1587135834197,0,0,0.0,1,0.0
9695,35,12902.926605496124,Rent,1,204.67730177311591,1,3215.3148809525956,0,0,0.0,0,0.0
9696,61,37789.19826629192,Own,1,1446.3568045191107,1,40473.05820999616,0,0,0.0,1,6.68784448178172
9697,38,19446.6042631711,Rent,1,151.64966268374576,1,1866.9285707866122,0,0,0.0,0,0.0
9698,49,67488.33964236427,Rent,1,1109.635483801587,1,3413.7766266295375,0,0,0.0,1,0.0
9699,75,228303.2446026892,Own,1,6171.011175936326,1,82714.85537591945,1,1,13116.180308697505,1,0.0
9700,44,40660.59810237657,Mortgage,1,2420.5669494269123,1,5258.222550100689,0,0,0.0,1,2459.0512619292963
9701,71,47272.76747023737,Rent,1,1737.8143782350098,1,35497.18968236598,0,0,0.0,0,0.0
9702,29,525.5206015037594,Rent,0,0.0,0,0.0,0,0,0.0,0,0.0
9703,83,97998.28707535015,Own,1,8787.473040318946,1,38532.475887871304,1,1,9658.504166292174,1,17.902195595695304
9704,87,122940.64140990109,Own,1,4148.158652130456,1,95435.08356503838,1,1,4610.013217810591,1,17.527185010532417
9705,47,20848.282500488876,Mortgage,1,1333.431514468927,1,3380.422015118709,0,0,0.0,1,11.358806466320996
9706,26,1247.4635738501784,Rent,0,0.0,0,0.0,0,0,0.0,0,0.0
9707,43,22537.672681720564,Rent,1,1357.8815200693432,1,4157.917215745125,0,0,0.0,0,0.0
9708,31,15928.674187536515,Rent,0,0.0,0,0.0,0,0,0.0,0,0.0
9709,30,9424.131075525343,Rent,1,63.58834082875342,0,0.0,0,0,0.0,0,0.0
9710,60,36211.702791101576,Mortgage,1,1115.0492386238207,1,3710.8477197912853,1,0,0.0,1,2035.9724444149142
9711,44,15685.837099502802,Rent,1,1211.3060475988395,1,3073.7427543410668,0,0,0.0,0,0.0
9712,39,12894.679745900987,Rent,1,231.6550265728539,0,0.0,0,0,0.0,0,0.0
9713,29,17585.230967392625,Rent,1,878.5035320215675,1,1709.9902230690518,0,0,0.0,0,0.0
9714,29,3348.744350948571,Rent,0,0.0,0,0.0,0,0,0.0,0,0.0
9715,49,32434.44875583984,Mortgage,1,1695.9897839250225,1,4805.874779051021,0,0,0.0,1,3964.8085163825162
9716,66,26175.754711852707,Rent,1,906.3034215754283,1,1208.5882094012832,0,0,0.0,0,0.0
9717,61,35151.61249850877,Mortgage,1,1705.9625552400564,0,0.0,1,0,0.0,1,3771.962830859474
9718,54,37430.55344455951,Mortgage,1,1761.0216355869313,1,3666.107275147987,0,0,0.0,1,3133.542923443634
9719,69,29400.62568730505,Own,1,1877.1570447331412,1,2586.3077215198145,0,0,0.0,1,12.542381372950183
9720,75,278354.60386540735,Own,1,10608.061251656665,1,96758.46639356414,1,1,4480.687784259464,1,0.0
9721,67,35876.80044803452,Mortgage,1,1996.9586812402413,1,3495.649210510283,0,0,0.0,1,4.53856990911906
9722,29,525.5206015037594,Rent,0,0.0,0,0.0,0,0,0.0,0,0.0
9723,58,48879.12868826382,Mortgage,1,1497.4623308807988,1,3995.20669732201,1,0,0.0,1,9.196623764626292
9724,88,138817.38765319507,Own,1,34709.60468552346,1,96758.46639356414,1,1,4078.438853015404,1,4132.101242673694
9725,28,2904.3279921733338,Rent,0,0.0,0,0.0,0,0,0.0,0,0.0
9726,55,36646.030425022516,Mortgage,1,1511.6098749108037,1,2738.8556417214136,0,0,0.0,1,6.848158798554661
9727,27,2984.955693475282,Rent,0,0.0,0,0.0,0,0,0.0,0,0.0
9728,71,40292.60693139317,Own,1,2587.823916043728,1,45084.62040948332,0,0,0.0,1,7.139406720161641
9729,59,32888.94019726625,Mortgage,1,1479.3084989404222,1,3920.724820595152,1,0,0.0,1,0.0
9730,61,68733.61635024459,Mortgage,1,4561.915018325757,1,1910.592382320604,0,0,0.0,1,6076.138664001581
9731,36,32693.628993186638,Mortgage,1,2305.163211426659,1,4315.656451027211,0,0,0.0,1,0.0
9732,43,1334.5500859694712,Rent,0,0.0,0,0.0,0,0,0.0,0,0.0
9733,50,28016.501336338115,Rent,1,1391.9627460652905,1,4416.392669676396,0,0,0.0,0,0.0
9734,48,60093.382009908804,Mortgage,1,2632.8552825117454,1,9041.211393990548,1,0,0.0,1,16.63308981608804
9735,38,17115.44374481552,Rent,1,742.736118524104,1,4095.3776755415374,0,0,0.0,0,0.0
9736,52,26045.118109471296,Mortgage,1,889.3587299212202,1,2694.4471585702813,0,0,0.0,1,0.0
9737,71,58881.677889204766,Mortgage,1,3940.114783431617,1,10173.071541715393,1,0,0.0,1,6612.248195508993
9738,38,7823.826257953435,Rent,1,761.4533494778118,0,0.0,0,0,0.0,0,0.0
9739,31,23492.99240518211,Rent,1,1444.2902210383409,1,1405.8571653365307,0,0,0.0,0,0.0
9740,35,525.5206015037594,Rent,0,0.0,0,0.0,0,0,0.0,0,0.0
9741,55,44706.757370996405,Mortgage,1,1199.5655624830001,1,3866.9923994974806,0,0,0.0,1,0.0
9742,37,19430.310893713962,Rent,1,112.34502546015005,0,0.0,0,0,0.0,0,0.0
9743,35,14781.494263806999,Rent,1,439.5256874877173,0,0.0,0,0,0.0,0,0.0
9744,78,48946.08078388549,Own,1,2650.7778808701455,1,38339.54570687156,0,0,0.0,1,0.0
9745,38,39569.72188901012,Rent,1,613.7522832193482,1,0.0,0,0,0.0,0,0.0
9746,44,33458.863455879786,Mortgage,1,1606.7768256966444,1,4438.084989751542,0,0,0.0,1,0.0
9747,75,42677.84225020064,Own,1,2313.37398501664,1,3047.00484031019,0,0,0.0,1,2.005759724057457
9748,30,11149.308945610632,Rent,1,182.4600877095529,1,640.729886994571,0,0,0.0,0,0.0
9749,82,186515.57896858754,Own,1,41586.36825083296,1,96758.46639356414,1,1,11463.477214433935,1,15.693850212568517
9750,75,163292.2368378509,Own,1,5458.525379700394,1,96758.46639356414,1,1,34639.10868058238,1,0.0
9751,41,18892.840214029246,Rent,0,0.0,0,0.0,0,0,0.0,0,0.0
9752,77,43454.330241584204,Own,1,687.9665887861663,1,38352.90848968664,0,0,0.0,0,0.0
9753,64,34695.78014020785,Mortgage,1,1910.4572399351057,1,8919.578731807374,1,0,0.0,1,4701.541568548227
9754,66,29089.983068666468,Mortgage,1,1890.4380222082448,0,0.0,1,0,0.0,1,0.8078019706993532
9755,26,7451.8320386420855,Rent,0,0.0,0,0.0,0,0,0.0,0,0.0
9756,84,108372.33314556707,Own,1,3623.178176250825,1,96758.46639356414,1,1,4427.4827177050465,1,2.067506753524572
9757,58,51270.545491373945,Mortgage,1,2546.394700856642,1,3960.606368007777,1,0,0.0,1,5776.339296532522
9758,43,22318.007492134166,Rent,1,711.5871620516629,1,3817.214822030818,0,0,0.0,0,0.0
9759,57,23298.580642851422,Mortgage,1,1613.9242883076454,1,3039.7143791810877,0,0,0.0,1,4.281122472068085
9760,61,59748.94803763859,Own,1,2254.006169603562,1,3462.202262294056,0,0,0.0,1,0.25416339630644663
9761,30,525.5206015037594,Rent,0,0.0,0,0.0,0,0,0.0,0,0.0
9762,64,49573.5101006694,Own,1,2430.0702432611984,1,9342.432014657434,0,0,0.0,1,3459.0225418921796
9763,28,4952.398203045172,Rent,0,0.0,1,25.17864459257089,0,0,0.0,0,0.0
9764,77,130030.6792110489,Own,1,4431.366468319591,1,46118.23007620169,0,0,0.0,1,14.077355361574893
9765,88,73464.55115923095,Own,1,8814.288209136144,1,47059.25729134809,0,1,6140.25868518789,1,6456.576658068926
9766,71,214248.57832084538,Own,1,3406.167274093269,1,96758.46639356414,0,1,12003.658056490589,1,0.0
9767,51,28387.72925541592,Mortgage,1,643.2458178148032,1,4529.357431848055,0,0,0.0,1,0.0
9768,58,60474.78947799602,Mortgage,1,2735.5134696430964,1,10627.09718608546,1,0,0.0,1,8.424887961320183
9769,30,12159.67497273162,Rent,1,600.2559441963725,1,2869.8255096327357,0,0,0.0,0,0.0
9770,77,109831.70411182288,Own,1,39348.3680385736,1,86009.6553075303,1,1,4341.0447988546575,1,10910.47530907408
9771,68,79794.43834638226,Own,1,1247.7719912952425,1,2499.1836749437116,0,0,0.0,1,0.0
9772,29,7143.304416997027,Rent,0,0.0,0,0.0,0,0,0.0,0,0.0
9773,34,10828.864355911577,Rent,1,757.9650112447857,1,2369.039457204414,0,0,0.0,0,0.0
9774,76,102868.82503540843,Own,1,6430.656087027949,1,94982.63097479641,1,1,17292.544354043548,1,15.05905802375475
9775,39,8394.961209682397,Rent,1,340.33291500544374,1,1794.7356602871469,0,0,0.0,0,0.0
9776,56,31355.308040514632,Mortgage,1,1196.4592472212069,1,9024.351666545104,1,0,0.0,1,4.989270570937386
9777,57,18503.0468870992,Own,1,2108.871109392005,1,8714.45269854088,0,0,0.0,1,13.907858571069958
9778,66,35510.67740381676,Mortgage,1,1417.623172028319,1,8204.457445650638,1,0,0.0,1,0.0
9779,64,33079.44513901809,Mortgage,1,1275.4712779266347,1,8374.871828154906,1,0,0.0,1,0.0
9780,61,50038.38789417361,Own,1,2348.0793336611987,1,46801.46561314831,1,1,0.36438175194088984,1,0.0
9781,43,32645.05157361275,Mortgage,1,3256.604112444251,1,3043.553526023858,0,0,0.0,1,0.0
9782,45,4502.248938282808,Rent,1,1113.3621519181436,1,873.4046812422889,0,0,0.0,0,0.0
9783,77,43961.4262303117,Own,1,1115.2167829507107,1,39508.73921231173,0,0,0.0,0,0.0
9784,62,64339.871873854936,Mortgage,1,393.098133489331,1,9519.13499326368,1,0,0.0,1,7590.686176055669
9785,29,17116.138000195137,Rent,1,856.6154694168724,1,2725.3641362398967,0,0,0.0,0,0.0
9786,57,63680.93783997643,Mortgage,1,2115.698713635517,1,8021.176285547441,1,0,0.0,1,2.1194452770166508
9787,73,85413.08710225359,Own,1,5041.723671597451,1,36501.04070429537,0,0,0.0,1,0.6356772402673498
9788,43,16484.83742473272,Mortgage,1,1720.9541398225592,1,4335.85335792529,0,0,0.0,1,3.4776632795889193
9789,38,24306.701591513513,Rent,1,985.2884846571116,1,2864.3859212089505,0,0,0.0,0,0.0
9790,56,49139.68991464394,Mortgage,1,1784.3607922379483,1,9395.197438702564,1,0,0.0,1,8631.161633957116
9791,32,525.5206015037594,Rent,0,0.0,0,0.0,0,0,0.0,0,0.0
9792,64,67505.79724574497,Mortgage,1,1803.890733863607,1,3072.096972126824,1,0,0.0,1,0.0
9793,39,4042.914944884664,Rent,0,0.0,1,0.0,0,0,0.0,0,0.0
9794,38,9254.676432683174,Rent,0,0.0,0,0.0,0,0,0.0,0,0.0
9795,44,25500.727354015613,Mortgage,1,613.490453651265,1,1713.3480510396098,0,0,0.0,1,0.0
9796,34,8897.073645811068,Rent,0,0.0,0,0.0,0,0,0.0,0,0.0
9797,75,54173.90126631233,Own,1,3008.2639938876646,1,37319.13114073136,0,0,0.0,1,0.0
9798,76,79693.75952292269,Own,1,4329.027925189608,1,44815.56174588086,0,1,4257.815997737067,1,18.36544043177503
9799,27,13341.168417785528,Rent,1,52.503966330361095,1,2016.900814194599,0,0,0.0,0,0.0
9800,28,10940.158923032835,Rent,0,0.0,1,1619.44594418468,0,0,0.0,0,0.0
9801,61,27217.166390378283,Mortgage,1,1077.3340001177426,1,9078.294856929995,1,0,0.0,1,11.988649471004651
9802,79,232876.67866707646,Own,1,40907.28084367379,1,96758.46639356414,1,1,5730.3749254071445,1,0.0
9803,38,49245.34032153493,Own,1,2409.8825995447396,1,2662.733500910117,0,0,0.0,1,0.0
9804,44,14244.04942633424,Mortgage,0,0.0,0,0.0,0,0,0.0,0,0.0
9805,34,12882.574525030552,Rent,1,317.67998817079524,1,856.9602865490467,0,0,0.0,0,0.0
9806,69,83591.71658035858,Own,1,2269.2661669700096,1,7836.874922514727,0,0,0.0,1,0.0
9807,67,45964.208357047144,Own,1,1972.0288903961068,1,39490.83549093238,0,0,0.0,1,5.3302496328556135
9808,75,255674.0960136621,Own,1,6540.42321242736,1,96129.26369906825,1,1,13817.823958181158,1,6.818496234434367
9809,42,32207.76416717195,Own,1,2472.2748523752653,1,38459.719684485404,0,0,0.0,1,0.0
9810,58,28977.956084903475,Mortgage,1,1341.1384944021368,1,3831.23730955279,1,0,0.0,1,2659.4702932256364
9811,58,46350.130034078094,Mortgage,1,829.8022848512743,1,10356.692895904464,1,0,0.0,1,14.809433111144909
9812,29,25925.332645514416,Rent,1,853.2898876307733,1,2030.3357645936703,0,0,0.0,0,0.0
9813,42,28977.711752709667,Rent,1,1568.3031326881985,1,2182.374202730394,0,0,0.0,0,0.0
9814,45,25536.304234009138,Rent,1,250.3249523706803,1,2412.5391503611313,0,0,0.0,0,0.0
9815,45,22665.404637817275,Mortgage,1,854.2540820338086,0,0.0,1,0,0.0,1,0.0
9816,75,41129.718372574076,Own,1,5413.310855214546,1,37971.00170353749,0,0,0.0,1,10.528470941187868
9817,78,542458.2808178705,Own,1,26864.48279043187,1,96758.46639356414,1,1,4448.053976609708,1,2.2810568397310385
9818,76,70551.0796717082,Own,1,2833.0267396839927,1,37746.84902637823,0,0,0.0,1,17.571960959207022
9819,77,111313.04115588806,Own,1,4025.7515431551756,1,76212.12657265102,1,1,3605.461774255265,1,13.68949471994309
9820,27,35430.53523505201,Rent,1,953.6333489796014,1,3068.967272839274,0,0,0.0,0,0.0
9821,62,67186.05860190524,Mortgage,1,1599.2001635097379,1,2745.8395247554513,0,0,0.0,1,0.0
9822,63,46947.59175615954,Mortgage,1,2974.5418523423486,1,3997.2443587212156,1,0,0.0,1,0.2675345961446159
9823,70,45634.77057054071,Own,1,1728.88124065392,1,34927.02029734163,0,0,0.0,1,0.0
9824,77,209587.05429758623,Own,1,9199.148918722592,1,95221.32706920351,1,1,7358.260347278369,1,19.940063963501583
9825,73,68698.26346132769,Own,1,6510.755580567065,1,48790.32461262945,0,1,14764.619331094636,1,26.20913532592318
9826,76,127306.17499477937,Own,1,13486.81186250472,1,74574.59176607395,1,1,6967.070991841404,1,6226.12617764707
9827,41,50847.39079769654,Mortgage,1,1994.1870332205237,0,0.0,0,0,0.0,1,8.625839555393702
9828,61,42289.05596142508,Mortgage,1,1712.4128806225272,1,7997.607871932725,1,0,0.0,1,0.0
9829,53,44281.47847609653,Mortgage,1,2866.930010548489,1,8749.777648756033,1,0,0.0,1,10.290649777659532
9830,35,31748.138643095914,Rent,1,664.8010404387917,1,1501.2819081422294,0,0,0.0,0,0.0
9831,75,20271.81708441066,Mortgage,1,2189.768361007219,1,4542.7653836474465,0,0,0.0,1,0.0
9832,36,15159.411352171783,Rent,1,1316.713785202429,1,3806.8784452183672,0,0,0.0,1,9.297754129562113
9833,44,38568.4096168281,Rent,1,4211.251800622217,1,3620.5601718960756,0,0,0.0,1,3929.3458868565385
9834,28,525.5206015037594,Rent,0,0.0,0,0.0,0,0,0.0,0,0.0
9835,49,17624.60201285011,Rent,0,0.0,1,1805.0742213593123,0,0,0.0,0,0.0
9836,79,763405.8307504231,Own,1,3132.1083182424786,1,81575.60239614896,1,1,12602.247840875218,1,0.0
9837,30,18768.31211149119,Rent,1,482.045065784088,0,0.0,0,0,0.0,0,0.0
9838,75,127697.88972054372,Own,1,4022.891613150722,1,68800.88092781612,1,1,10927.588202865922,1,13.367516399930006
9839,33,14397.546067750834,Rent,1,761.7108940247468,1,325.30494228950465,0,0,0.0,0,0.0
9840,66,27236.402054045975,Mortgage,1,1922.161740542229,1,8902.41803912391,1,0,0.0,1,4.801133989544686
9841,33,6275.7331615617,Rent,1,404.73707837989576,1,455.0109745378968,0,0,0.0,0,0.0
9842,47,43012.93140492996,Mortgage,1,1399.6954656772587,1,3272.3390504164136,1,0,0.0,0,0.0
9843,44,100782.81958074888,Own,1,1751.205239247118,1,2512.884547466901,0,0,0.0,1,8.560828322221917
9844,75,90516.046529296,Own,1,6134.137134644774,1,96758.46639356414,1,1,8684.935028666468,1,1.0341210746147655
9845,62,59332.348558399746,Mortgage,1,1050.9651178331408,1,9075.515804424927,1,0,0.0,1,14.714620640577083
9846,43,39080.53027868311,Mortgage,1,1825.4308758007066,1,3209.9050904297555,0,0,0.0,1,2882.202571308317
9847,40,23247.875884177352,Mortgage,1,2639.8190081830053,1,38200.411172587796,0,0,0.0,1,0.0
9848,56,39305.26641848283,Mortgage,1,375.56725496827625,1,5155.786195658684,0,0,0.0,1,25.054148140370856
9849,38,22333.827911992954,Rent,1,943.2643735378173,1,2978.3169998782373,0,0,0.0,0,0.0
9850,40,17333.12140697678,Rent,1,381.92986123204616,1,1353.3975928471373,0,0,0.0,0,0.0
9851,60,42302.43576619279,Mortgage,1,1877.8385042141015,1,10092.216618854107,1,0,0.0,1,0.0
9852,66,39428.871417846036,Mortgage,1,2107.6807013291536,1,8113.771982148441,1,0,0.0,1,22.27237023888258
9853,44,22795.2225540341,Mortgage,1,1723.4512728364448,1,2934.8833403415156,1,0,0.0,1,19.339203172823634
9854,60,93367.38064532944,Mortgage,1,3002.6411318337778,1,9676.707191274278,1,0,0.0,1,6103.883245734077
9855,42,36423.681086607256,Mortgage,1,459.5407848554732,1,1554.3203784325483,0,0,0.0,0,0.0
9856,75,22900.45610618497,Mortgage,1,1511.7781187179496,1,2380.565910678072,0,0,0.0,1,0.0
9857,91,567314.8849769104,Own,1,7366.394587061219,1,96758.46639356414,1,1,4018.076645966531,1,0.0
9858,44,22214.316788330332,Rent,1,216.1573167068916,0,0.0,0,0,0.0,0,0.0
9859,37,18915.21245571559,Rent,1,717.9662730348205,1,1963.4833805918927,0,0,0.0,0,0.0
9860,50,37999.20412856591,Mortgage,1,2256.409574117554,1,2472.56407881273,1,0,0.0,1,0.0
9861,41,44047.2049286266,Mortgage,1,1032.0774136976315,1,4652.545817046489,0,0,0.0,1,0.0
9862,27,525.5206015037594,Rent,0,0.0,0,0.0,0,0,0.0,0,0.0
9863,55,74573.83174092442,Mortgage,1,944.387403701056,0,0.0,1,0,0.0,1,2418.838590062965
9864,69,52097.01133461341,Own,1,2107.3974809391625,1,37560.42163483418,0,0,0.0,1,5213.696131690489
9865,29,525.5206015037594,Rent,0,0.0,0,0.0,0,0,0.0,0,0.0
9866,72,101434.0860435676,Own,1,4007.737285007855,1,80676.57015741871,0,1,3872.589826883227,1,5713.379285876092
9867,76,114499.75383393791,Own,1,7713.545116125736,1,46544.342604729165,1,1,3953.937924304523,1,18.358247443955747
9868,36,26436.21224413351,Rent,1,1438.8012849053032,1,2098.0091399714233,0,0,0.0,0,0.0
9869,27,525.5206015037594,Rent,0,0.0,0,0.0,0,0,0.0,0,0.0
9870,42,107637.9981407614,Own,1,2890.929856446328,1,9164.86960501544,1,0,0.0,1,0.0
9871,74,29746.13565096105,Own,1,2871.8829052278406,1,38125.903401229036,0,0,0.0,1,2905.980216472981
9872,56,13173.39468016821,Rent,0,0.0,0,0.0,0,0,0.0,0,0.0
9873,57,32003.39493650923,Mortgage,1,2072.8857380039512,1,3855.8443057907625,1,0,0.0,1,5823.925362100139
9874,39,21017.87593633458,Rent,1,893.6217238442161,1,3342.073128259332,0,0,0.0,0,0.0
9875,81,131497.58760992673,Own,1,4019.582768885732,1,79888.8075712891,1,1,13017.114456593366,1,0.0
9876,28,525.5206015037594,Rent,0,0.0,0,0.0,0,0,0.0,0,0.0
9877,58,36969.93731523942,Mortgage,1,1344.426642319959,1,39066.93516177618,1,0,0.0,1,5733.31220843176
9878,62,82932.62105050067,Own,1,3876.618628908376,1,84604.73315339201,1,1,12495.704377168451,1,0.0
9879,59,43007.47369367939,Mortgage,1,1442.5372776645104,0,0.0,0,0,0.0,1,2.430925103898385
9880,41,22050.52910074854,Mortgage,1,1101.7157895082123,1,2165.760458932667,0,0,0.0,1,0.0
9881,81,123738.86499714089,Own,1,31096.29380815862,1,95721.94008769417,1,1,9450.897825722423,1,14729.415698876615
9882,29,525.5206015037594,Rent,1,372.1317909785697,1,1734.5661108502509,0,0,0.0,0,0.0
9883,73,35321.22501840965,Own,1,4865.954065379796,1,40541.03616871721,0,0,0.0,1,2370.467349805483
9884,77,50934.56618873879,Own,1,8215.762634816094,1,37970.17759686941,0,0,0.0,1,24.852380026034723
9885,75,96248.60031882937,Own,1,8775.787889944233,1,45052.70632025384,1,1,4453.7311389015495,1,6329.417481346193
9886,32,21741.157346495933,Rent,1,1118.5636652101318,0,0.0,0,0,0.0,0,0.0
9887,29,13193.89423257356,Rent,1,311.7555474833197,0,0.0,0,0,0.0,0,0.0
9888,28,525.5206015037594,Rent,0,0.0,0,0.0,0,0,0.0,0,0.0
9889,41,11372.955578009809,Rent,1,0.0,0,0.0,0,0,0.0,0,0.0
9890,39,18253.685555911303,Mortgage,1,1109.5623576993048,1,2638.1449904069896,0,0,0.0,0,0.0
9891,90,113475.20058147552,Own,1,11612.304453751633,1,92947.2526549164,1,1,9158.458357858684,1,16.895164284731425
9892,72,35111.0956621788,Own,1,35091.52435447678,1,2827.5464727732265,1,1,0.0,1,24.742941279567106
9893,47,29168.62747412325,Mortgage,1,937.8293856969982,1,3325.872083090476,0,0,0.0,0,0.0
9894,34,26357.24061436981,Rent,0,0.0,0,0.0,0,0,0.0,0,0.0
9895,28,10419.501651025625,Rent,0,0.0,0,0.0,0,0,0.0,0,0.0
9896,61,37463.82496188311,Mortgage,1,1903.4720341843279,1,3559.9299965737346,0,0,0.0,1,2908.810867985477
9897,61,35571.60115724332,Own,1,795.5102099569549,0,0.0,0,0,0.0,1,9.743538147910701
9898,28,46309.49256150266,Mortgage,1,1658.5590702313596,1,3842.0077792432085,0,0,0.0,1,19.455196108916116
9899,61,34379.699793914886,Mortgage,1,1933.779360297011,1,4407.986718607279,1,0,0.0,1,2675.887745696535
9900,33,525.5206015037594,Rent,0,0.0,1,794.5813239227753,0,0,0.0,0,0.0
9901,54,40141.379701896694,Mortgage,1,1866.3331851649773,1,3893.2658709364646,0,0,0.0,1,9.764279064207535
9902,73,126439.25272526126,Own,1,2276.8047354572695,1,39565.50700751587,0,0,0.0,1,0.0
9903,74,29927.65098631486,Rent,1,684.7024222108383,1,2536.3012106856286,0,0,0.0,0,0.0
9904,71,121274.91913091179,Own,1,2356.004015813705,1,37581.80512292903,0,0,0.0,1,5905.670286462986
9905,75,86113.49332760298,Own,1,1629.0207415207492,1,93359.42422643056,1,1,4665.9980804695615,1,0.7613269615058738
9906,32,525.5206015037594,Rent,0,0.0,0,0.0,0,0,0.0,0,0.0
9907,37,24287.48427740026,Rent,1,908.8767574478305,1,1536.276691768667,0,0,0.0,0,0.0
9908,28,17045.037908675524,Rent,1,766.7138852421311,1,4077.3495775943543,0,0,0.0,0,0.0
9909,57,20673.759682432334,Mortgage,1,2441.9861880712247,1,9248.785737268105,1,0,0.0,1,10.249942913408306
9910,59,41915.03379465742,Mortgage,1,932.5100934271776,1,4021.4229641486854,1,0,0.0,1,2370.4208836765133
9911,57,28051.27315214592,Mortgage,1,2388.8500234423973,1,8330.921072483663,1,0,0.0,1,0.0
9912,34,4418.743169510013,Rent,0,0.0,0,0.0,0,0,0.0,0,0.0
9913,56,31003.99978043111,Mortgage,1,1821.4393743290339,1,9929.587787583821,1,0,0.0,1,2324.0948390129374
9914,44,20008.03633539647,Mortgage,1,551.3568195516395,1,1228.1673616677294,1,0,0.0,1,2747.59991613852
9915,29,2250.8696254590377,Rent,0,0.0,0,0.0,0,0,0.0,0,0.0
9916,42,20199.269574954833,Rent,1,708.3440068558955,1,2224.9459246435745,0,0,0.0,0,0.0
9917,52,54253.16514057305,Mortgage,1,1879.6056735226596,1,2797.109020583637,1,0,0.0,1,0.0
9918,71,72707.00851864318,Own,1,1740.0596956969412,1,33553.802731389434,0,0,0.0,1,0.0
9919,28,525.5206015037594,Rent,0,0.0,0,0.0,0,0,0.0,0,0.0
9920,42,25909.88912234718,Mortgage,1,1407.938841602599,1,3887.1784540736107,0,0,0.0,1,2578.261550107243
9921,36,9828.778302634202,Rent,1,143.3522659400694,0,0.0,0,0,0.0,0,0.0
9922,57,49132.67464140514,Mortgage,1,1183.787553130213,1,4327.071438278815,1,0,0.0,1,19.0365970588695
9923,43,64905.373779706526,Mortgage,1,2050.9824745309475,1,2382.9167029514847,0,0,0.0,1,0.0
9924,76,206251.74078395433,Own,1,16265.366656027683,1,83296.37984309116,1,1,4976.709683592134,1,3.9650112331204292
9925,47,19533.77991640354,Rent,1,587.014874226343,1,2491.1130652212664,0,0,0.0,0,0.0
9926,89,122336.19103937922,Own,1,11528.969848566048,1,82169.60576981722,1,1,12452.99062310753,1,15296.783888182805
9927,51,29380.00283054856,Mortgage,1,1345.8015135192254,1,3751.807509767743,0,0,0.0,1,7.456311200284105
9928,38,12634.16592049474,Rent,1,339.9310095736231,0,0.0,0,0,0.0,0,0.0
9929,78,75107.501141899,Own,1,1562.319194191974,1,34553.38710205965,0,0,0.0,1,0.0
9930,29,525.5206015037594,Rent,0,0.0,1,1011.226502900902,0,0,0.0,0,0.0
9931,73,116391.27661738153,Own,1,7147.216241246376,1,47667.17249875318,1,1,4993.241340722006,1,0.0
9932,39,13007.919737967228,Rent,1,1063.6807449470548,1,1845.8587187456415,0,0,0.0,0,0.0
9933,65,61448.30933552679,Mortgage,1,1850.0731027399988,1,9116.660101135756,1,0,0.0,1,0.0
9934,57,27458.244705925525,Mortgage,1,1598.432855205869,1,3602.5724482652968,1,0,0.0,1,21.11648192735067
9935,52,28799.40934069048,Mortgage,1,551.9367454482606,1,2151.440627560976,0,0,0.0,1,0.0
9936,88,114410.26162785917,Own,1,3762.244970326617,1,92213.25855826645,1,1,5005.395608067682,1,6418.173842702606
9937,58,26320.291322950008,Mortgage,1,977.9447119819746,1,3772.932933974288,1,0,0.0,1,15.422534196378919
9938,45,15787.27547602033,Rent,1,650.3085226544956,1,3216.6782268896695,0,0,0.0,0,0.0
9939,74,44552.815723915846,Own,1,5403.684417880827,1,9278.648436906326,0,0,0.0,1,7.418270167055826
9940,26,5603.175948402441,Rent,0,0.0,0,0.0,0,0,0.0,0,0.0
9941,30,11544.096062229677,Rent,1,626.3104390258527,1,1642.5030816981807,0,0,0.0,0,0.0
9942,69,69053.43543296694,Mortgage,1,2046.92695107534,1,9168.790466717293,1,0,0.0,1,3.538281773922987
9943,72,40684.44039681862,Own,1,8126.0918767852345,1,39084.40201507188,0,0,0.0,1,28.298564119779268
9944,60,64080.261294782875,Own,1,2224.8754663036802,1,36607.65241741771,0,0,0.0,1,0.0
9945,42,25953.79707299353,Mortgage,1,1663.0847814582903,1,3678.375549205053,0,0,0.0,0,0.0
9946,39,13813.61573676059,Rent,1,37.71201422342381,1,255.7991310828395,0,0,0.0,0,0.0
9947,51,23130.716021949363,Mortgage,1,1367.371984908127,1,3895.6020631581023,0,0,0.0,1,0.282638953794584
9948,52,42881.177845636215,Mortgage,1,1190.8453966872926,1,3264.9472396365654,0,0,0.0,1,0.0
9949,66,37197.73896288075,Mortgage,1,4229.339101722802,1,96758.46639356414,0,1,15115.58205906898,1,16.287720268147048
9950,56,31792.34866316395,Mortgage,1,1490.225373439729,0,0.0,1,0,0.0,1,8.214630239005245
9951,33,3590.3010880427446,Rent,0,0.0,0,0.0,0,0,0.0,0,0.0
9952,78,26792.861158576317,Own,1,7067.816547337335,1,96758.46639356414,1,1,7818.84721633962,1,1.4025106992208285
9953,28,525.5206015037594,Rent,0,0.0,0,0.0,0,0,0.0,0,0.0
9954,75,44348.993132619216,Own,1,4476.813462642855,1,9050.647749512444,1,1,0.0,1,3252.0657459564663
9955,42,17743.04928321592,Rent,1,1795.1196732461544,1,3168.436528885307,0,0,0.0,0,0.0
9956,60,44951.29999367228,Mortgage,1,3705.9716709823106,1,1940.7899912974538,0,0,0.0,1,3861.7977042014663
9957,45,29910.37793569886,Mortgage,1,1217.5205103383657,1,3708.4385043185657,0,0,0.0,1,0.0
9958,73,74380.42591103297,Own,1,2178.6215613737677,1,9472.29802489864,0,0,0.0,1,19.671268096301567
9959,36,8759.456608098386,Rent,1,133.16047612275872,1,696.8876181102253,0,0,0.0,0,0.0
9960,37,19114.96680171395,Rent,1,1414.9574107244664,1,2470.4760414868497,0,0,0.0,0,0.0
9961,65,47223.712812859936,Mortgage,1,1515.8266903429617,1,10060.013180332333,1,0,0.0,1,2732.9033615450962
9962,52,33047.15764399622,Mortgage,1,754.5467080635196,0,0.0,1,0,0.0,1,2718.6167024896167
9963,59,22337.474517509014,Mortgage,1,1206.64551083883,0,0.0,0,0,0.0,1,4.129422419034455
9964,29,4820.275393811442,Rent,0,0.0,0,0.0,0,0,0.0,0,0.0
9965,31,14465.122000205465,Rent,0,0.0,1,784.6621177235572,0,0,0.0,0,0.0
9966,50,50330.816685091704,Rent,1,1742.058050298682,1,4717.015309720278,0,0,0.0,1,0.0
9967,56,40463.48815866785,Mortgage,1,1688.5602075741836,1,3032.408099413212,0,0,0.0,1,0.0
9968,91,197931.9548735142,Own,1,19415.198961286864,1,96758.46639356414,1,1,10625.444838626128,1,11.00046971553374
9969,80,204459.53112919288,Own,1,35116.666589795524,1,96758.46639356414,1,1,11382.977776130068,1,13.909682850553079
9970,59,78164.21180381975,Mortgage,1,979.3111387343921,1,4138.850421831043,0,0,0.0,1,9.344681766825756
9971,38,10293.68608368069,Rent,0,0.0,0,0.0,0,0,0.0,0,0.0
9972,26,525.5206015037594,Rent,0,0.0,0,0.0,0,0,0.0,0,0.0
9973,28,23794.415638604696,Rent,1,186.54522000904944,1,1427.745379019742,0,0,0.0,0,0.0
9974,29,525.5206015037594,Rent,0,0.0,0,0.0,0,0,0.0,0,0.0
9975,59,24160.15534125057,Mortgage,1,1897.518880283639,0,0.0,0,0,0.0,1,0.0
9976,47,37065.6396205078,Mortgage,1,1171.5494440756656,1,2423.6807142809143,0,0,0.0,0,0.0
9977,27,525.5206015037594,Rent,0,0.0,0,0.0,0,0,0.0,0,0.0
9978,85,213524.41115037008,Own,1,4736.845663172486,1,88991.55843037137,1,1,21843.306066781668,1,15219.094525468166
9979,58,26067.539713103815,Mortgage,1,4849.475119679662,1,3612.0468932022577,1,0,0.0,1,24.643278748726924
9980,66,47720.145455626225,Mortgage,1,1449.1012521949774,1,8021.29217028251,1,0,0.0,1,0.0
9981,42,14536.655856156376,Rent,1,1085.4241538791193,1,3245.933787643928,0,0,0.0,0,0.0
9982,49,23847.391076020853,Mortgage,1,752.7394191266714,0,0.0,0,0,0.0,0,0.0
9983,42,27380.04655046881,Mortgage,1,1674.968061209906,1,4623.090775899792,0,0,0.0,1,1.6318948204525054
9984,35,22905.996438730886,Rent,1,916.3710932065666,1,36838.36357668267,0,0,0.0,1,0.0
9985,46,29550.043168997312,Mortgage,1,701.6573200099152,1,2899.5677694357664,0,0,0.0,0,0.0
9986,28,10758.857513361512,Rent,0,0.0,0,0.0,0,0,0.0,0,0.0
9987,32,39016.82250198769,Own,1,2147.5716894950183,1,3573.8671370213942,0,0,0.0,1,12.148127743118753
9988,31,15539.344423431048,Rent,1,581.9083997482323,1,1856.32210451243,0,0,0.0,0,0.0
9989,71,57259.94188744386,Mortgage,1,4119.844813401436,1,2819.686724585942,0,0,0.0,1,0.2470369995068176
9990,35,20467.58722915788,Rent,1,303.1259286172517,0,0.0,0,0,0.0,1,26.250278735648962
9991,61,21861.47597844825,Mortgage,1,265.6937569797602,0,0.0,0,0,0.0,0,0.0
9992,33,34862.11663803562,Rent,1,850.1136027758105,1,2397.3625000060974,0,0,0.0,0,0.0
9993,41,6636.370811347981,Rent,0,0.0,1,1244.223555929213,0,0,0.0,0,0.0
9994,75,23435.40952050262,Own,1,871.4516917304965,0,0.0,0,0,0.0,1,0.0
9995,48,30743.84908582988,Rent,1,1541.8364140894118,1,1981.6600081996514,0,0,0.0,0,0.0
9996,91,124613.53890359317,Own,1,5594.269856857132,1,92067.69310093154,1,1,5190.597929981051,1,8364.105800633568
9997,74,45644.68111367067,Own,1,1934.3543297768708,1,36300.49243532051,0,0,0.0,1,2358.894285245066
9998,29,7651.458704208568,Rent,1,319.19410778143936,1,2305.510585303471,0,0,0.0,0,0.0
9999,73,42455.89241882457,Own,1,2201.9558098002267,1,3666.481956161724,0,0,0.0,1,1.2624326681961544
10000,61,44902.438750763235,Own,1,1122.2763700681196,1,2156.6142938606426,0,0,0.0,1,0.0
